2025-12-30 10:16:16.031 [main] INFO  com.bit.solana.SolanaApplication - Starting SolanaApplication v1.0.0 using Java 21.0.1 with PID 34320 (F:\workSpace2026\blockchain\solana_java\target\classes started by hcg in F:\workSpace2026\blockchain\solana_java)
2025-12-30 10:16:16.032 [main] INFO  com.bit.solana.SolanaApplication - The following 1 profile is active: "dev"
2025-12-30 10:16:16.834 [main] INFO  o.s.b.w.e.tomcat.TomcatWebServer - Tomcat initialized with port 18884 (http)
2025-12-30 10:16:16.845 [main] INFO  o.a.coyote.http11.Http11NioProtocol - Initializing ProtocolHandler ["http-nio-18884"]
2025-12-30 10:16:16.846 [main] INFO  o.a.catalina.core.StandardService - Starting service [Tomcat]
2025-12-30 10:16:16.846 [main] INFO  o.a.catalina.core.StandardEngine - Starting Servlet engine: [Apache Tomcat/10.1.48]
2025-12-30 10:16:16.899 [main] INFO  o.a.c.c.C.[Tomcat].[localhost].[/] - Initializing Spring embedded WebApplicationContext
2025-12-30 10:16:16.900 [main] INFO  o.s.b.w.s.c.ServletWebServerApplicationContext - Root WebApplicationContext: initialization completed in 840 ms
2025-12-30 10:16:16.983 [main] INFO  c.b.s.txpool.impl.SubmitPoolImpl - SubmitPool initialized with 32 shards, max capacity: 1048576 txs, max size: 1073741824 bytes
2025-12-30 10:16:16.985 [main] INFO  c.b.s.txpool.impl.SubmitPoolImpl - Expired transaction cleanup scheduler initialized, interval: 400ms
2025-12-30 10:16:16.998 [main] INFO  com.bit.solana.config.SystemConfig - 端口8334
2025-12-30 10:16:16.998 [main] INFO  com.bit.solana.config.SystemConfig - 系统数据路径:/solana/devdb
2025-12-30 10:16:17.091 [main] INFO  c.bit.solana.database.rocksDb.RTable - RTable静态初始化完成，加载列族数量：4
2025-12-30 10:16:17.160 [main] INFO  com.bit.solana.SolanaApplication - Starting SolanaApplication v1.0.0 using Java 21.0.1 with PID 4204 (F:\workSpace2026\blockchain\solana_java\target\classes started by hcg in F:\workSpace2026\blockchain\solana_java)
2025-12-30 10:16:17.161 [main] INFO  com.bit.solana.SolanaApplication - The following 1 profile is active: "prod"
2025-12-30 10:16:17.250 [main] INFO  c.b.solana.database.rocksDb.RocksDb - RocksDB创建成功，路径: /solana/devdb，列族总数: 5
2025-12-30 10:16:17.284 [main] INFO  com.bit.solana.config.CommonConfig - 本地节点初始化完成，ID: BJfacYs27FRthbjxKaEHrJRbnd8kMyfSRReg7qunstkh, 监听端口: 8334
2025-12-30 10:16:17.284 [main] INFO  com.bit.solana.config.CommonConfig - Base58.encode(selfNodeId)44
2025-12-30 10:16:17.427 [main] INFO  c.b.solana.p2p.impl.PeerServiceImpl - QUIC服务器已启动，监听端口：8334
2025-12-30 10:16:17.429 [main] INFO  c.b.s.p2p.protocol.ProtocolRegistry - 注册有返回值协议处理器：/networkHandshake/1.0.0
2025-12-30 10:16:17.429 [main] INFO  c.b.s.p2p.protocol.ProtocolRegistry - 注册有返回值协议处理器：/ping/1.0.0
2025-12-30 10:16:17.429 [main] INFO  c.b.s.p2p.protocol.ProtocolRegistry - 注册有返回值协议处理器：/text/1.0.0
2025-12-30 10:16:17.630 [main] INFO  c.b.s.p.i.handle.QuicDataProcessor - Quic批量消费线程池初始化完成
2025-12-30 10:16:17.891 [main] INFO  o.s.b.w.e.tomcat.TomcatWebServer - Tomcat initialized with port 18333 (http)
2025-12-30 10:16:17.900 [main] INFO  o.a.coyote.http11.Http11NioProtocol - Initializing ProtocolHandler ["http-nio-18333"]
2025-12-30 10:16:17.901 [main] INFO  o.a.catalina.core.StandardService - Starting service [Tomcat]
2025-12-30 10:16:17.901 [main] INFO  o.a.catalina.core.StandardEngine - Starting Servlet engine: [Apache Tomcat/10.1.48]
2025-12-30 10:16:17.935 [main] INFO  o.a.c.c.C.[Tomcat].[localhost].[/] - Initializing Spring embedded WebApplicationContext
2025-12-30 10:16:17.935 [main] INFO  o.s.b.w.s.c.ServletWebServerApplicationContext - Root WebApplicationContext: initialization completed in 746 ms
2025-12-30 10:16:18.010 [main] INFO  c.b.s.txpool.impl.SubmitPoolImpl - SubmitPool initialized with 32 shards, max capacity: 1048576 txs, max size: 1073741824 bytes
2025-12-30 10:16:18.012 [main] INFO  c.b.s.txpool.impl.SubmitPoolImpl - Expired transaction cleanup scheduler initialized, interval: 400ms
2025-12-30 10:16:18.025 [main] INFO  com.bit.solana.config.SystemConfig - 端口8333
2025-12-30 10:16:18.025 [main] INFO  com.bit.solana.config.SystemConfig - 系统数据路径:/solana/proddb
2025-12-30 10:16:18.038 [main] INFO  o.a.coyote.http11.Http11NioProtocol - Starting ProtocolHandler ["http-nio-18884"]
2025-12-30 10:16:18.045 [main] INFO  o.s.b.w.e.tomcat.TomcatWebServer - Tomcat started on port 18884 (http) with context path '/'
2025-12-30 10:16:18.049 [main] INFO  c.b.s.rpc.RpcServiceAutoRegister - 开始自动扫描并注册RPC服务...
2025-12-30 10:16:18.128 [main] INFO  c.bit.solana.database.rocksDb.RTable - RTable静态初始化完成，加载列族数量：4
2025-12-30 10:16:18.149 [main] WARN  c.bit.solana.rpc.RpcServiceRegistry - 没有需要注册的RPC服务
2025-12-30 10:16:18.150 [main] INFO  c.b.s.rpc.RpcServiceAutoRegister - RPC服务自动注册完成 | 总数量: 0 | 已注册列表: []
2025-12-30 10:16:18.150 [main] INFO  com.bit.solana.SolanaApplication - Started SolanaApplication in 2.494 seconds (process running for 2.968)
2025-12-30 10:16:18.246 [main] INFO  org.bitcoinj.crypto.MnemonicCode - PBKDF2 took 24.20 ms
2025-12-30 10:16:18.260 [main] INFO  com.bit.solana.SolanaApplication - 预热耗时107ms
2025-12-30 10:16:18.319 [main] INFO  c.b.solana.database.rocksDb.RocksDb - RocksDB创建成功，路径: /solana/proddb，列族总数: 5
2025-12-30 10:16:18.345 [main] INFO  com.bit.solana.config.CommonConfig - 本地节点初始化完成，ID: 74sDMeR9Hq9aJTniBTPxs4b53NdG647rsspgfUF2EiMF, 监听端口: 8333
2025-12-30 10:16:18.346 [main] INFO  com.bit.solana.config.CommonConfig - Base58.encode(selfNodeId)44
2025-12-30 10:16:18.471 [main] INFO  c.b.solana.p2p.impl.PeerServiceImpl - QUIC服务器已启动，监听端口：8333
2025-12-30 10:16:18.473 [main] INFO  c.b.s.p2p.protocol.ProtocolRegistry - 注册有返回值协议处理器：/networkHandshake/1.0.0
2025-12-30 10:16:18.473 [main] INFO  c.b.s.p2p.protocol.ProtocolRegistry - 注册有返回值协议处理器：/ping/1.0.0
2025-12-30 10:16:18.473 [main] INFO  c.b.s.p2p.protocol.ProtocolRegistry - 注册有返回值协议处理器：/text/1.0.0
2025-12-30 10:16:18.667 [main] INFO  c.b.s.p.i.handle.QuicDataProcessor - Quic批量消费线程池初始化完成
2025-12-30 10:16:19.050 [main] INFO  o.a.coyote.http11.Http11NioProtocol - Starting ProtocolHandler ["http-nio-18333"]
2025-12-30 10:16:19.057 [main] INFO  o.s.b.w.e.tomcat.TomcatWebServer - Tomcat started on port 18333 (http) with context path '/'
2025-12-30 10:16:19.061 [main] INFO  c.b.s.rpc.RpcServiceAutoRegister - 开始自动扫描并注册RPC服务...
2025-12-30 10:16:19.147 [main] WARN  c.bit.solana.rpc.RpcServiceRegistry - 没有需要注册的RPC服务
2025-12-30 10:16:19.147 [main] INFO  c.b.s.rpc.RpcServiceAutoRegister - RPC服务自动注册完成 | 总数量: 0 | 已注册列表: []
2025-12-30 10:16:19.147 [main] INFO  com.bit.solana.SolanaApplication - Started SolanaApplication in 2.412 seconds (process running for 2.919)
2025-12-30 10:16:19.302 [main] INFO  org.bitcoinj.crypto.MnemonicCode - PBKDF2 took 43.71 ms
2025-12-30 10:16:19.322 [main] INFO  com.bit.solana.SolanaApplication - 预热耗时173ms
2025-12-30 10:16:21.691 [http-nio-18333-exec-1] INFO  o.a.tomcat.util.http.parser.Cookie - A cookie header was received [Hm_lvt_348040cf1271ac13f439d3626a83c805=1747739627,1747741686,1747829219,1748826571;] that contained an invalid cookie. That cookie will be ignored.
 Note: further occurrences of this error will be logged at DEBUG level.
2025-12-30 10:16:21.695 [http-nio-18333-exec-1] INFO  o.a.c.c.C.[Tomcat].[localhost].[/] - Initializing Spring DispatcherServlet 'dispatcherServlet'
2025-12-30 10:16:21.695 [http-nio-18333-exec-1] INFO  o.s.web.servlet.DispatcherServlet - Initializing Servlet 'dispatcherServlet'
2025-12-30 10:16:21.696 [http-nio-18333-exec-1] INFO  o.s.web.servlet.DispatcherServlet - Completed initialization in 0 ms
2025-12-30 10:26:32.090 [SpringApplicationShutdownHook] INFO  o.s.b.w.e.tomcat.GracefulShutdown - Commencing graceful shutdown. Waiting for active requests to complete
2025-12-30 10:26:32.091 [SpringApplicationShutdownHook] INFO  o.s.b.w.e.tomcat.GracefulShutdown - Commencing graceful shutdown. Waiting for active requests to complete
2025-12-30 10:26:32.094 [tomcat-shutdown] INFO  o.s.b.w.e.tomcat.GracefulShutdown - Graceful shutdown complete
2025-12-30 10:26:32.095 [tomcat-shutdown] INFO  o.s.b.w.e.tomcat.GracefulShutdown - Graceful shutdown complete
2025-12-30 10:26:32.097 [SpringApplicationShutdownHook] INFO  c.b.s.p.i.handle.QuicDataProcessor - 开始关闭Quic消费线程池
2025-12-30 10:26:32.097 [SpringApplicationShutdownHook] INFO  c.b.s.p.i.handle.QuicDataProcessor - 开始关闭Quic消费线程池
2025-12-30 10:26:32.115 [Thread-1] INFO  c.b.solana.database.rocksDb.RocksDb - RocksDB连接已关闭
2025-12-30 10:26:32.116 [Thread-1] INFO  c.b.solana.database.rocksDb.RocksDb - RocksDB连接已关闭
2025-12-30 10:26:37.102 [SpringApplicationShutdownHook] WARN  c.b.s.p.i.handle.QuicDataProcessor - 线程池关闭超时，强制终止剩余任务
2025-12-30 10:26:37.102 [SpringApplicationShutdownHook] WARN  c.b.s.p.i.handle.QuicDataProcessor - 线程池关闭超时，强制终止剩余任务
2025-12-30 10:26:37.102 [SpringApplicationShutdownHook] INFO  c.b.s.p.i.handle.QuicDataProcessor - Quic消费线程池已关闭
2025-12-30 10:26:37.103 [SpringApplicationShutdownHook] INFO  c.b.s.p.i.handle.QuicDataProcessor - Quic消费线程池已关闭
2025-12-30 10:26:37.103 [quic-consumer-1767060977630] INFO  c.b.s.p.i.handle.QuicDataProcessor - 消费线程被中断，准备退出
2025-12-30 10:26:37.103 [quic-consumer-1767060978666] INFO  c.b.s.p.i.handle.QuicDataProcessor - 消费线程被中断，准备退出
2025-12-30 10:26:37.104 [SpringApplicationShutdownHook] WARN  o.s.c.a.CommonAnnotationBeanPostProcessor - Destroy method on bean with name 'blockProducer' threw an exception: java.lang.NullPointerException: Cannot invoke "java.util.concurrent.ScheduledExecutorService.shutdown()" because "this.blockScheduler" is null
2025-12-30 10:26:37.104 [SpringApplicationShutdownHook] WARN  o.s.c.a.CommonAnnotationBeanPostProcessor - Destroy method on bean with name 'blockProducer' threw an exception: java.lang.NullPointerException: Cannot invoke "java.util.concurrent.ScheduledExecutorService.shutdown()" because "this.blockScheduler" is null
2025-12-30 10:26:37.107 [SpringApplicationShutdownHook] INFO  com.bit.solana.config.CommonConfig - 关闭全局调度器
2025-12-30 10:26:37.107 [SpringApplicationShutdownHook] INFO  com.bit.solana.config.CommonConfig - 关闭全局调度器
2025-12-30 10:26:37.107 [SpringApplicationShutdownHook] INFO  c.bit.solana.txpool.impl.TxPoolImpl - 开始关闭交易池...
2025-12-30 10:26:37.108 [SpringApplicationShutdownHook] INFO  c.bit.solana.txpool.impl.TxPoolImpl - 交易池已关闭
2025-12-30 10:26:37.108 [SpringApplicationShutdownHook] INFO  c.bit.solana.txpool.impl.TxPoolImpl - 开始关闭交易池...
2025-12-30 10:26:37.108 [SpringApplicationShutdownHook] INFO  c.b.s.txpool.impl.SubmitPoolImpl - Expired transaction cleanup scheduler shutdown
2025-12-30 10:26:37.108 [SpringApplicationShutdownHook] INFO  c.bit.solana.txpool.impl.TxPoolImpl - 交易池已关闭
2025-12-30 10:26:37.108 [SpringApplicationShutdownHook] INFO  c.b.s.txpool.impl.SubmitPoolImpl - Expired transaction cleanup scheduler shutdown
2025-12-30 10:26:39.905 [main] INFO  com.bit.solana.SolanaApplication - Starting SolanaApplication v1.0.0 using Java 21.0.1 with PID 36688 (F:\workSpace2026\blockchain\solana_java\target\classes started by hcg in F:\workSpace2026\blockchain\solana_java)
2025-12-30 10:26:39.906 [main] INFO  com.bit.solana.SolanaApplication - The following 1 profile is active: "prod"
2025-12-30 10:26:40.724 [main] INFO  o.s.b.w.e.tomcat.TomcatWebServer - Tomcat initialized with port 18333 (http)
2025-12-30 10:26:40.735 [main] INFO  o.a.coyote.http11.Http11NioProtocol - Initializing ProtocolHandler ["http-nio-18333"]
2025-12-30 10:26:40.736 [main] INFO  o.a.catalina.core.StandardService - Starting service [Tomcat]
2025-12-30 10:26:40.736 [main] INFO  o.a.catalina.core.StandardEngine - Starting Servlet engine: [Apache Tomcat/10.1.48]
2025-12-30 10:26:40.774 [main] INFO  o.a.c.c.C.[Tomcat].[localhost].[/] - Initializing Spring embedded WebApplicationContext
2025-12-30 10:26:40.774 [main] INFO  o.s.b.w.s.c.ServletWebServerApplicationContext - Root WebApplicationContext: initialization completed in 844 ms
2025-12-30 10:26:40.856 [main] INFO  c.b.s.txpool.impl.SubmitPoolImpl - SubmitPool initialized with 32 shards, max capacity: 1048576 txs, max size: 1073741824 bytes
2025-12-30 10:26:40.859 [main] INFO  c.b.s.txpool.impl.SubmitPoolImpl - Expired transaction cleanup scheduler initialized, interval: 400ms
2025-12-30 10:26:40.871 [main] INFO  com.bit.solana.config.SystemConfig - 端口8333
2025-12-30 10:26:40.871 [main] INFO  com.bit.solana.config.SystemConfig - 系统数据路径:/solana/proddb
2025-12-30 10:26:40.976 [main] INFO  c.bit.solana.database.rocksDb.RTable - RTable静态初始化完成，加载列族数量：4
2025-12-30 10:26:41.034 [main] INFO  com.bit.solana.SolanaApplication - Starting SolanaApplication v1.0.0 using Java 21.0.1 with PID 36088 (F:\workSpace2026\blockchain\solana_java\target\classes started by hcg in F:\workSpace2026\blockchain\solana_java)
2025-12-30 10:26:41.037 [main] INFO  com.bit.solana.SolanaApplication - The following 1 profile is active: "dev"
2025-12-30 10:26:41.157 [main] INFO  c.b.solana.database.rocksDb.RocksDb - RocksDB创建成功，路径: /solana/proddb，列族总数: 5
2025-12-30 10:26:41.183 [main] INFO  com.bit.solana.config.CommonConfig - 本地节点初始化完成，ID: 74sDMeR9Hq9aJTniBTPxs4b53NdG647rsspgfUF2EiMF, 监听端口: 8333
2025-12-30 10:26:41.183 [main] INFO  com.bit.solana.config.CommonConfig - Base58.encode(selfNodeId)44
2025-12-30 10:26:41.308 [main] INFO  c.b.solana.p2p.impl.PeerServiceImpl - QUIC服务器已启动，监听端口：8333
2025-12-30 10:26:41.309 [main] INFO  c.b.s.p2p.protocol.ProtocolRegistry - 注册有返回值协议处理器：/networkHandshake/1.0.0
2025-12-30 10:26:41.309 [main] INFO  c.b.s.p2p.protocol.ProtocolRegistry - 注册有返回值协议处理器：/ping/1.0.0
2025-12-30 10:26:41.309 [main] INFO  c.b.s.p2p.protocol.ProtocolRegistry - 注册有返回值协议处理器：/text/1.0.0
2025-12-30 10:26:41.505 [main] INFO  c.b.s.p.i.handle.QuicDataProcessor - Quic批量消费线程池初始化完成
2025-12-30 10:26:41.729 [main] INFO  o.s.b.w.e.tomcat.TomcatWebServer - Tomcat initialized with port 18884 (http)
2025-12-30 10:26:41.741 [main] INFO  o.a.coyote.http11.Http11NioProtocol - Initializing ProtocolHandler ["http-nio-18884"]
2025-12-30 10:26:41.742 [main] INFO  o.a.catalina.core.StandardService - Starting service [Tomcat]
2025-12-30 10:26:41.743 [main] INFO  o.a.catalina.core.StandardEngine - Starting Servlet engine: [Apache Tomcat/10.1.48]
2025-12-30 10:26:41.778 [main] INFO  o.a.c.c.C.[Tomcat].[localhost].[/] - Initializing Spring embedded WebApplicationContext
2025-12-30 10:26:41.778 [main] INFO  o.s.b.w.s.c.ServletWebServerApplicationContext - Root WebApplicationContext: initialization completed in 715 ms
2025-12-30 10:26:41.850 [main] INFO  c.b.s.txpool.impl.SubmitPoolImpl - SubmitPool initialized with 32 shards, max capacity: 1048576 txs, max size: 1073741824 bytes
2025-12-30 10:26:41.852 [main] INFO  c.b.s.txpool.impl.SubmitPoolImpl - Expired transaction cleanup scheduler initialized, interval: 400ms
2025-12-30 10:26:41.864 [main] INFO  com.bit.solana.config.SystemConfig - 端口8334
2025-12-30 10:26:41.864 [main] INFO  com.bit.solana.config.SystemConfig - 系统数据路径:/solana/devdb
2025-12-30 10:26:41.899 [main] INFO  o.a.coyote.http11.Http11NioProtocol - Starting ProtocolHandler ["http-nio-18333"]
2025-12-30 10:26:41.905 [main] INFO  o.s.b.w.e.tomcat.TomcatWebServer - Tomcat started on port 18333 (http) with context path '/'
2025-12-30 10:26:41.909 [main] INFO  c.b.s.rpc.RpcServiceAutoRegister - 开始自动扫描并注册RPC服务...
2025-12-30 10:26:41.956 [main] INFO  c.bit.solana.database.rocksDb.RTable - RTable静态初始化完成，加载列族数量：4
2025-12-30 10:26:41.998 [main] WARN  c.bit.solana.rpc.RpcServiceRegistry - 没有需要注册的RPC服务
2025-12-30 10:26:41.998 [main] INFO  c.b.s.rpc.RpcServiceAutoRegister - RPC服务自动注册完成 | 总数量: 0 | 已注册列表: []
2025-12-30 10:26:41.998 [main] INFO  com.bit.solana.SolanaApplication - Started SolanaApplication in 2.491 seconds (process running for 2.958)
2025-12-30 10:26:42.091 [main] INFO  org.bitcoinj.crypto.MnemonicCode - PBKDF2 took 26.67 ms
2025-12-30 10:26:42.104 [main] INFO  com.bit.solana.SolanaApplication - 预热耗时104ms
2025-12-30 10:26:42.112 [main] INFO  c.b.solana.database.rocksDb.RocksDb - RocksDB创建成功，路径: /solana/devdb，列族总数: 5
2025-12-30 10:26:42.136 [main] INFO  com.bit.solana.config.CommonConfig - 本地节点初始化完成，ID: BJfacYs27FRthbjxKaEHrJRbnd8kMyfSRReg7qunstkh, 监听端口: 8334
2025-12-30 10:26:42.136 [main] INFO  com.bit.solana.config.CommonConfig - Base58.encode(selfNodeId)44
2025-12-30 10:26:42.249 [main] INFO  c.b.solana.p2p.impl.PeerServiceImpl - QUIC服务器已启动，监听端口：8334
2025-12-30 10:26:42.251 [main] INFO  c.b.s.p2p.protocol.ProtocolRegistry - 注册有返回值协议处理器：/networkHandshake/1.0.0
2025-12-30 10:26:42.251 [main] INFO  c.b.s.p2p.protocol.ProtocolRegistry - 注册有返回值协议处理器：/ping/1.0.0
2025-12-30 10:26:42.251 [main] INFO  c.b.s.p2p.protocol.ProtocolRegistry - 注册有返回值协议处理器：/text/1.0.0
2025-12-30 10:26:42.432 [main] INFO  c.b.s.p.i.handle.QuicDataProcessor - Quic批量消费线程池初始化完成
2025-12-30 10:26:42.810 [main] INFO  o.a.coyote.http11.Http11NioProtocol - Starting ProtocolHandler ["http-nio-18884"]
2025-12-30 10:26:42.817 [main] INFO  o.s.b.w.e.tomcat.TomcatWebServer - Tomcat started on port 18884 (http) with context path '/'
2025-12-30 10:26:42.820 [main] INFO  c.b.s.rpc.RpcServiceAutoRegister - 开始自动扫描并注册RPC服务...
2025-12-30 10:26:42.907 [main] WARN  c.bit.solana.rpc.RpcServiceRegistry - 没有需要注册的RPC服务
2025-12-30 10:26:42.908 [main] INFO  c.b.s.rpc.RpcServiceAutoRegister - RPC服务自动注册完成 | 总数量: 0 | 已注册列表: []
2025-12-30 10:26:42.908 [main] INFO  com.bit.solana.SolanaApplication - Started SolanaApplication in 2.267 seconds (process running for 2.807)
2025-12-30 10:26:42.999 [main] INFO  org.bitcoinj.crypto.MnemonicCode - PBKDF2 took 24.91 ms
2025-12-30 10:26:43.012 [main] INFO  com.bit.solana.SolanaApplication - 预热耗时103ms
2025-12-30 10:26:43.969 [http-nio-18333-exec-1] INFO  o.a.tomcat.util.http.parser.Cookie - A cookie header was received [Hm_lvt_348040cf1271ac13f439d3626a83c805=1747739627,1747741686,1747829219,1748826571;] that contained an invalid cookie. That cookie will be ignored.
 Note: further occurrences of this error will be logged at DEBUG level.
2025-12-30 10:26:43.973 [http-nio-18333-exec-1] INFO  o.a.c.c.C.[Tomcat].[localhost].[/] - Initializing Spring DispatcherServlet 'dispatcherServlet'
2025-12-30 10:26:43.973 [http-nio-18333-exec-1] INFO  o.s.web.servlet.DispatcherServlet - Initializing Servlet 'dispatcherServlet'
2025-12-30 10:26:43.973 [http-nio-18333-exec-1] INFO  o.s.web.servlet.DispatcherServlet - Completed initialization in 0 ms
2025-12-30 10:50:04.186 [SpringApplicationShutdownHook] INFO  o.s.b.w.e.tomcat.GracefulShutdown - Commencing graceful shutdown. Waiting for active requests to complete
2025-12-30 10:50:04.188 [SpringApplicationShutdownHook] INFO  o.s.b.w.e.tomcat.GracefulShutdown - Commencing graceful shutdown. Waiting for active requests to complete
2025-12-30 10:50:04.190 [tomcat-shutdown] INFO  o.s.b.w.e.tomcat.GracefulShutdown - Graceful shutdown complete
2025-12-30 10:50:04.191 [SpringApplicationShutdownHook] INFO  c.b.s.p.i.handle.QuicDataProcessor - 开始关闭Quic消费线程池
2025-12-30 10:50:04.191 [tomcat-shutdown] INFO  o.s.b.w.e.tomcat.GracefulShutdown - Graceful shutdown complete
2025-12-30 10:50:04.193 [SpringApplicationShutdownHook] INFO  c.b.s.p.i.handle.QuicDataProcessor - 开始关闭Quic消费线程池
2025-12-30 10:50:04.214 [Thread-1] INFO  c.b.solana.database.rocksDb.RocksDb - RocksDB连接已关闭
2025-12-30 10:50:04.214 [Thread-1] INFO  c.b.solana.database.rocksDb.RocksDb - RocksDB连接已关闭
2025-12-30 10:50:09.205 [SpringApplicationShutdownHook] WARN  c.b.s.p.i.handle.QuicDataProcessor - 线程池关闭超时，强制终止剩余任务
2025-12-30 10:50:09.205 [SpringApplicationShutdownHook] WARN  c.b.s.p.i.handle.QuicDataProcessor - 线程池关闭超时，强制终止剩余任务
2025-12-30 10:50:09.205 [SpringApplicationShutdownHook] INFO  c.b.s.p.i.handle.QuicDataProcessor - Quic消费线程池已关闭
2025-12-30 10:50:09.205 [SpringApplicationShutdownHook] INFO  c.b.s.p.i.handle.QuicDataProcessor - Quic消费线程池已关闭
2025-12-30 10:50:09.205 [quic-consumer-1767061602432] INFO  c.b.s.p.i.handle.QuicDataProcessor - 消费线程被中断，准备退出
2025-12-30 10:50:09.205 [quic-consumer-1767061601505] INFO  c.b.s.p.i.handle.QuicDataProcessor - 消费线程被中断，准备退出
2025-12-30 10:50:09.205 [SpringApplicationShutdownHook] WARN  o.s.c.a.CommonAnnotationBeanPostProcessor - Destroy method on bean with name 'blockProducer' threw an exception: java.lang.NullPointerException: Cannot invoke "java.util.concurrent.ScheduledExecutorService.shutdown()" because "this.blockScheduler" is null
2025-12-30 10:50:09.205 [SpringApplicationShutdownHook] WARN  o.s.c.a.CommonAnnotationBeanPostProcessor - Destroy method on bean with name 'blockProducer' threw an exception: java.lang.NullPointerException: Cannot invoke "java.util.concurrent.ScheduledExecutorService.shutdown()" because "this.blockScheduler" is null
2025-12-30 10:50:09.207 [SpringApplicationShutdownHook] INFO  com.bit.solana.config.CommonConfig - 关闭全局调度器
2025-12-30 10:50:09.207 [SpringApplicationShutdownHook] INFO  com.bit.solana.config.CommonConfig - 关闭全局调度器
2025-12-30 10:50:09.208 [SpringApplicationShutdownHook] INFO  c.bit.solana.txpool.impl.TxPoolImpl - 开始关闭交易池...
2025-12-30 10:50:09.208 [SpringApplicationShutdownHook] INFO  c.bit.solana.txpool.impl.TxPoolImpl - 交易池已关闭
2025-12-30 10:50:09.208 [SpringApplicationShutdownHook] INFO  c.b.s.txpool.impl.SubmitPoolImpl - Expired transaction cleanup scheduler shutdown
2025-12-30 10:50:09.208 [SpringApplicationShutdownHook] INFO  c.bit.solana.txpool.impl.TxPoolImpl - 开始关闭交易池...
2025-12-30 10:50:09.208 [SpringApplicationShutdownHook] INFO  c.bit.solana.txpool.impl.TxPoolImpl - 交易池已关闭
2025-12-30 10:50:09.209 [SpringApplicationShutdownHook] INFO  c.b.s.txpool.impl.SubmitPoolImpl - Expired transaction cleanup scheduler shutdown
2025-12-30 10:50:13.307 [main] INFO  com.bit.solana.SolanaApplication - Starting SolanaApplication v1.0.0 using Java 21.0.1 with PID 36400 (F:\workSpace2026\blockchain\solana_java\target\classes started by hcg in F:\workSpace2026\blockchain\solana_java)
2025-12-30 10:50:13.308 [main] INFO  com.bit.solana.SolanaApplication - The following 1 profile is active: "prod"
2025-12-30 10:50:14.119 [main] INFO  o.s.b.w.e.tomcat.TomcatWebServer - Tomcat initialized with port 18333 (http)
2025-12-30 10:50:14.137 [main] INFO  o.a.coyote.http11.Http11NioProtocol - Initializing ProtocolHandler ["http-nio-18333"]
2025-12-30 10:50:14.138 [main] INFO  o.a.catalina.core.StandardService - Starting service [Tomcat]
2025-12-30 10:50:14.138 [main] INFO  o.a.catalina.core.StandardEngine - Starting Servlet engine: [Apache Tomcat/10.1.48]
2025-12-30 10:50:14.184 [main] INFO  o.a.c.c.C.[Tomcat].[localhost].[/] - Initializing Spring embedded WebApplicationContext
2025-12-30 10:50:14.185 [main] INFO  o.s.b.w.s.c.ServletWebServerApplicationContext - Root WebApplicationContext: initialization completed in 850 ms
2025-12-30 10:50:14.268 [main] INFO  c.b.s.txpool.impl.SubmitPoolImpl - SubmitPool initialized with 32 shards, max capacity: 1048576 txs, max size: 1073741824 bytes
2025-12-30 10:50:14.270 [main] INFO  c.b.s.txpool.impl.SubmitPoolImpl - Expired transaction cleanup scheduler initialized, interval: 400ms
2025-12-30 10:50:14.284 [main] INFO  com.bit.solana.config.SystemConfig - 端口8333
2025-12-30 10:50:14.284 [main] INFO  com.bit.solana.config.SystemConfig - 系统数据路径:/solana/proddb
2025-12-30 10:50:14.380 [main] INFO  c.bit.solana.database.rocksDb.RTable - RTable静态初始化完成，加载列族数量：4
2025-12-30 10:50:14.508 [main] INFO  com.bit.solana.SolanaApplication - Starting SolanaApplication v1.0.0 using Java 21.0.1 with PID 14760 (F:\workSpace2026\blockchain\solana_java\target\classes started by hcg in F:\workSpace2026\blockchain\solana_java)
2025-12-30 10:50:14.509 [main] INFO  com.bit.solana.SolanaApplication - The following 1 profile is active: "dev"
2025-12-30 10:50:14.566 [main] INFO  c.b.solana.database.rocksDb.RocksDb - RocksDB创建成功，路径: /solana/proddb，列族总数: 5
2025-12-30 10:50:14.598 [main] INFO  com.bit.solana.config.CommonConfig - 本地节点初始化完成，ID: 74sDMeR9Hq9aJTniBTPxs4b53NdG647rsspgfUF2EiMF, 监听端口: 8333
2025-12-30 10:50:14.598 [main] INFO  com.bit.solana.config.CommonConfig - Base58.encode(selfNodeId)44
2025-12-30 10:50:14.735 [main] INFO  c.b.solana.p2p.impl.PeerServiceImpl - QUIC服务器已启动，监听端口：8333
2025-12-30 10:50:14.737 [main] INFO  c.b.s.p2p.protocol.ProtocolRegistry - 注册有返回值协议处理器：/networkHandshake/1.0.0
2025-12-30 10:50:14.737 [main] INFO  c.b.s.p2p.protocol.ProtocolRegistry - 注册有返回值协议处理器：/ping/1.0.0
2025-12-30 10:50:14.737 [main] INFO  c.b.s.p2p.protocol.ProtocolRegistry - 注册有返回值协议处理器：/text/1.0.0
2025-12-30 10:50:14.938 [main] INFO  c.b.s.p.i.handle.QuicDataProcessor - Quic批量消费线程池初始化完成
2025-12-30 10:50:15.210 [main] INFO  o.s.b.w.e.tomcat.TomcatWebServer - Tomcat initialized with port 18884 (http)
2025-12-30 10:50:15.220 [main] INFO  o.a.coyote.http11.Http11NioProtocol - Initializing ProtocolHandler ["http-nio-18884"]
2025-12-30 10:50:15.221 [main] INFO  o.a.catalina.core.StandardService - Starting service [Tomcat]
2025-12-30 10:50:15.221 [main] INFO  o.a.catalina.core.StandardEngine - Starting Servlet engine: [Apache Tomcat/10.1.48]
2025-12-30 10:50:15.257 [main] INFO  o.a.c.c.C.[Tomcat].[localhost].[/] - Initializing Spring embedded WebApplicationContext
2025-12-30 10:50:15.257 [main] INFO  o.s.b.w.s.c.ServletWebServerApplicationContext - Root WebApplicationContext: initialization completed in 722 ms
2025-12-30 10:50:15.335 [main] INFO  c.b.s.txpool.impl.SubmitPoolImpl - SubmitPool initialized with 32 shards, max capacity: 1048576 txs, max size: 1073741824 bytes
2025-12-30 10:50:15.338 [main] INFO  c.b.s.txpool.impl.SubmitPoolImpl - Expired transaction cleanup scheduler initialized, interval: 400ms
2025-12-30 10:50:15.345 [main] INFO  o.a.coyote.http11.Http11NioProtocol - Starting ProtocolHandler ["http-nio-18333"]
2025-12-30 10:50:15.350 [main] INFO  com.bit.solana.config.SystemConfig - 端口8334
2025-12-30 10:50:15.350 [main] INFO  com.bit.solana.config.SystemConfig - 系统数据路径:/solana/devdb
2025-12-30 10:50:15.352 [main] INFO  o.s.b.w.e.tomcat.TomcatWebServer - Tomcat started on port 18333 (http) with context path '/'
2025-12-30 10:50:15.356 [main] INFO  c.b.s.rpc.RpcServiceAutoRegister - 开始自动扫描并注册RPC服务...
2025-12-30 10:50:15.432 [main] WARN  c.bit.solana.rpc.RpcServiceRegistry - 没有需要注册的RPC服务
2025-12-30 10:50:15.432 [main] INFO  c.b.s.rpc.RpcServiceAutoRegister - RPC服务自动注册完成 | 总数量: 0 | 已注册列表: []
2025-12-30 10:50:15.433 [main] INFO  com.bit.solana.SolanaApplication - Started SolanaApplication in 2.574 seconds (process running for 3.065)
2025-12-30 10:50:15.446 [main] INFO  c.bit.solana.database.rocksDb.RTable - RTable静态初始化完成，加载列族数量：4
2025-12-30 10:50:15.534 [main] INFO  org.bitcoinj.crypto.MnemonicCode - PBKDF2 took 27.87 ms
2025-12-30 10:50:15.548 [main] INFO  com.bit.solana.SolanaApplication - 预热耗时114ms
2025-12-30 10:50:15.653 [main] INFO  c.b.solana.database.rocksDb.RocksDb - RocksDB创建成功，路径: /solana/devdb，列族总数: 5
2025-12-30 10:50:15.684 [main] INFO  com.bit.solana.config.CommonConfig - 本地节点初始化完成，ID: BJfacYs27FRthbjxKaEHrJRbnd8kMyfSRReg7qunstkh, 监听端口: 8334
2025-12-30 10:50:15.685 [main] INFO  com.bit.solana.config.CommonConfig - Base58.encode(selfNodeId)44
2025-12-30 10:50:15.808 [main] INFO  c.b.solana.p2p.impl.PeerServiceImpl - QUIC服务器已启动，监听端口：8334
2025-12-30 10:50:15.810 [main] INFO  c.b.s.p2p.protocol.ProtocolRegistry - 注册有返回值协议处理器：/networkHandshake/1.0.0
2025-12-30 10:50:15.810 [main] INFO  c.b.s.p2p.protocol.ProtocolRegistry - 注册有返回值协议处理器：/ping/1.0.0
2025-12-30 10:50:15.810 [main] INFO  c.b.s.p2p.protocol.ProtocolRegistry - 注册有返回值协议处理器：/text/1.0.0
2025-12-30 10:50:16.013 [main] INFO  c.b.s.p.i.handle.QuicDataProcessor - Quic批量消费线程池初始化完成
2025-12-30 10:50:16.392 [main] INFO  o.a.coyote.http11.Http11NioProtocol - Starting ProtocolHandler ["http-nio-18884"]
2025-12-30 10:50:16.411 [main] INFO  o.s.b.w.e.tomcat.TomcatWebServer - Tomcat started on port 18884 (http) with context path '/'
2025-12-30 10:50:16.414 [main] INFO  c.b.s.rpc.RpcServiceAutoRegister - 开始自动扫描并注册RPC服务...
2025-12-30 10:50:16.512 [main] WARN  c.bit.solana.rpc.RpcServiceRegistry - 没有需要注册的RPC服务
2025-12-30 10:50:16.512 [main] INFO  c.b.s.rpc.RpcServiceAutoRegister - RPC服务自动注册完成 | 总数量: 0 | 已注册列表: []
2025-12-30 10:50:16.512 [main] INFO  com.bit.solana.SolanaApplication - Started SolanaApplication in 2.414 seconds (process running for 2.96)
2025-12-30 10:50:16.608 [main] INFO  org.bitcoinj.crypto.MnemonicCode - PBKDF2 took 24.46 ms
2025-12-30 10:50:16.623 [main] INFO  com.bit.solana.SolanaApplication - 预热耗时109ms
2025-12-30 10:54:45.055 [http-nio-18333-exec-3] INFO  o.a.c.c.C.[Tomcat].[localhost].[/] - Initializing Spring DispatcherServlet 'dispatcherServlet'
2025-12-30 10:54:45.055 [http-nio-18333-exec-3] INFO  o.s.web.servlet.DispatcherServlet - Initializing Servlet 'dispatcherServlet'
2025-12-30 10:54:45.056 [http-nio-18333-exec-3] INFO  o.s.web.servlet.DispatcherServlet - Completed initialization in 1 ms
2025-12-30 10:54:45.081 [http-nio-18333-exec-3] INFO  c.b.s.p2p.quic.QuicConnectionManager - 节点IDBJfacYs27FRthbjxKaEHrJRbnd8kMyfSRReg7qunstkh
2025-12-30 10:54:45.086 [http-nio-18333-exec-3] INFO  c.b.s.p2p.quic.QuicConnectionManager - 握手长度！68
2025-12-30 10:54:45.118 [udp-io-thread-1-1] INFO  c.bit.solana.p2p.quic.QuicConnection - 入站连接过期检查任务启动，连接ID:131590772834172928，检查间隔:2000ms，过期阈值:2000ms
2025-12-30 10:54:45.118 [udp-io-thread-1-1] INFO  c.b.s.p2p.quic.QuicConnectionManager - [连接添加] 连接ID:131590772834172928
2025-12-30 10:54:45.121 [udp-io-thread-1-1] INFO  c.bit.solana.p2p.quic.QuicConnection - 共享加密密钥对sharedSecret: 0ac77995c15bf86d3933461d1a4920a4eaf1c7a8dcfbee004f9b20e5bb1d652a
2025-12-30 10:54:45.123 [udp-io-thread-1-1] INFO  c.bit.solana.p2p.quic.QuicConnection - [连接响应发送成功] 节点ID:131590772834172928
2025-12-30 10:54:45.129 [udp-io-thread-1-1] INFO  c.bit.solana.p2p.quic.QuicConnection - 入站连接过期检查任务启动，连接ID:131590772834172928，检查间隔:2000ms，过期阈值:2000ms
2025-12-30 10:54:45.129 [udp-io-thread-1-1] INFO  c.b.s.p2p.quic.QuicConnectionManager - [连接添加] 连接ID:131590772834172928
2025-12-30 10:54:45.130 [udp-io-thread-1-1] INFO  c.bit.solana.p2p.quic.QuicConnection - 处理连接响应QuicFrame(connectionId=131590772834172928, dataId=131590772834172929, total=1, frameType=8, sequence=0, frameTotalLength=97, payload=[26, 32, -103, 27, 93, 114, -18, 34, -9, 29, 53, 54, 12, -37, 119, 125, -108, -5, -98, 67, -14, -72, 104, 106, -125, -70, -22, -68, 76, 25, 40, -94, -104, 50, 58, 32, 124, 44, 27, 110, -74, -80, -66, 90, -61, -6, 118, -114, 27, 44, -27, 61, 62, -51, -16, -79, -68, 112, 13, -2, -12, 3, -51, -11, 123, 27, 82, 112], remoteAddress=/127.0.0.1:8334, handle=io.netty.util.Recycler$DefaultHandle@20353133)
2025-12-30 10:54:45.135 [http-nio-18333-exec-3] INFO  c.b.s.p2p.quic.QuicConnectionManager - 响应帧QuicFrame(connectionId=131590772834172928, dataId=131590772834172929, total=1, frameType=8, sequence=0, frameTotalLength=97, payload=[26, 32, -103, 27, 93, 114, -18, 34, -9, 29, 53, 54, 12, -37, 119, 125, -108, -5, -98, 67, -14, -72, 104, 106, -125, -70, -22, -68, 76, 25, 40, -94, -104, 50, 58, 32, 124, 44, 27, 110, -74, -80, -66, 90, -61, -6, 118, -114, 27, 44, -27, 61, 62, -51, -16, -79, -68, 112, 13, -2, -12, 3, -51, -11, 123, 27, 82, 112], remoteAddress=/127.0.0.1:8334, handle=io.netty.util.Recycler$DefaultHandle@20353133)
2025-12-30 10:54:45.137 [http-nio-18333-exec-3] INFO  c.b.s.p2p.quic.QuicConnectionManager - 生成助记词耗时2ms
2025-12-30 10:54:45.138 [http-nio-18333-exec-3] INFO  c.b.s.p2p.quic.QuicConnectionManager - 协商共享密钥是:0ac77995c15bf86d3933461d1a4920a4eaf1c7a8dcfbee004f9b20e5bb1d652a
2025-12-30 10:54:45.138 [http-nio-18333-exec-3] INFO  c.bit.solana.p2p.quic.QuicConnection - 连接任务已停止，连接ID:131590772834172928（出站:false）
2025-12-30 10:54:45.139 [http-nio-18333-exec-3] INFO  c.bit.solana.p2p.quic.QuicConnection - 出站连接心跳任务启动，连接ID:131590772834172928，心跳间隔:500ms，过期阈值:2000ms
2025-12-30 10:54:45.139 [http-nio-18333-exec-3] INFO  c.b.s.p2p.quic.QuicConnectionManager - [连接添加] 连接ID:131590772834172928
2025-12-30 10:54:51.754 [http-nio-18333-exec-2] INFO  com.bit.solana.p2p.impl.PeerClient - 节点IDBJfacYs27FRthbjxKaEHrJRbnd8kMyfSRReg7qunstkh
2025-12-30 10:54:51.755 [http-nio-18333-exec-2] INFO  c.bit.solana.p2p.quic.SendQuicData - [开始发送] 连接ID:131590772834172928 数据ID:131590800818569216 总帧数:2
2025-12-30 10:54:51.760 [udp-io-thread-1-1] INFO  c.b.solana.p2p.quic.ReceiveQuicData - [初始化数据] 连接ID:131590772834172928 数据ID:131590800818569216 总帧数:2
2025-12-30 10:54:51.761 [http-nio-18333-exec-2] INFO  c.bit.solana.p2p.quic.SendQuicData - [重传定时器启动] 连接ID:131590772834172928 数据ID:131590800818569216 首次重传延迟:500ms 后续重传间隔:20ms
2025-12-30 10:54:51.762 [udp-io-thread-1-1] INFO  c.b.solana.p2p.quic.ReceiveQuicData - 所有帧接收完成
2025-12-30 10:54:51.762 [udp-io-thread-1-1] INFO  c.b.solana.p2p.quic.ReceiveQuicData - 完整数据长度1480 数据ID131590800818569216
2025-12-30 10:54:51.762 [udp-io-thread-1-1] INFO  c.bit.solana.p2p.quic.SendQuicData - [所有帧通过批量ACK确认] 连接ID:131590772834172928 数据ID:131590800818569216 传输完成
2025-12-30 10:54:51.762 [udp-io-thread-1-1] INFO  c.bit.solana.p2p.quic.SendQuicData - 数据发送完毕
2025-12-30 10:54:51.764 [quic-consumer-1767063016013] INFO  c.b.s.p.i.handle.QuicDataProcessor - 收到请求: P2PMessage{senderId=74sDMeR9Hq9aJTniBTPxs4b53NdG647rsspgfUF2EiMF, messageId=019b6d2e07687f29b5a9bcbd3b65734a, requestId=019b6d2e07687f29b5a9bcbd3b65734a, reqResFlag=0, type=5, length=1400, version=1}
2025-12-30 10:54:51.768 [quic-consumer-1767063016013] INFO  c.b.s.p2p.protocol.impl.TextHandler - 数据长度1400
2025-12-30 10:54:51.772 [quic-consumer-1767063016013] INFO  c.bit.solana.p2p.quic.SendQuicData - [开始发送] 连接ID:131590772834172928 数据ID:131590800889872384 总帧数:1
2025-12-30 10:54:51.778 [udp-io-thread-1-1] INFO  c.b.solana.p2p.quic.ReceiveQuicData - [初始化数据] 连接ID:131590772834172928 数据ID:131590800889872384 总帧数:1
2025-12-30 10:54:51.778 [quic-consumer-1767063016013] INFO  c.bit.solana.p2p.quic.SendQuicData - [重传定时器启动] 连接ID:131590772834172928 数据ID:131590800889872384 首次重传延迟:500ms 后续重传间隔:20ms
2025-12-30 10:54:51.778 [quic-consumer-1767063016013] INFO  c.b.s.p.i.handle.QuicDataProcessor - 本次批量处理完成，共处理1条消息
2025-12-30 10:54:51.779 [udp-io-thread-1-1] INFO  c.b.solana.p2p.quic.ReceiveQuicData - 所有帧接收完成
2025-12-30 10:54:51.779 [udp-io-thread-1-1] INFO  c.b.solana.p2p.quic.ReceiveQuicData - 完整数据长度101 数据ID131590800889872384
2025-12-30 10:54:51.780 [udp-io-thread-1-1] INFO  c.bit.solana.p2p.quic.SendQuicData - [所有帧通过批量ACK确认] 连接ID:131590772834172928 数据ID:131590800889872384 传输完成
2025-12-30 10:54:51.780 [udp-io-thread-1-1] INFO  c.bit.solana.p2p.quic.SendQuicData - 数据发送完毕
2025-12-30 10:54:51.779 [quic-consumer-1767063014938] INFO  c.b.s.p.i.handle.QuicDataProcessor - 收到响应: P2PMessage{senderId=BJfacYs27FRthbjxKaEHrJRbnd8kMyfSRReg7qunstkh, messageId=019b6d2e077a78cc97c20a64cbb2bd91, requestId=019b6d2e07687f29b5a9bcbd3b65734a, reqResFlag=1, type=5, length=21, version=1}
2025-12-30 10:54:51.782 [quic-consumer-1767063014938] INFO  c.b.s.p.i.handle.QuicDataProcessor - 本次批量处理完成，共处理1条消息
2025-12-30 10:54:51.782 [http-nio-18333-exec-2] INFO  com.bit.solana.api.mock.MockApi - 节点回复：我已经收到回复
2025-12-30 10:55:07.213 [http-nio-18333-exec-4] INFO  com.bit.solana.p2p.impl.PeerClient - 节点IDBJfacYs27FRthbjxKaEHrJRbnd8kMyfSRReg7qunstkh
2025-12-30 10:55:07.213 [http-nio-18333-exec-4] INFO  c.bit.solana.p2p.quic.SendQuicData - [开始发送] 连接ID:131590772834172928 数据ID:131590865658314752 总帧数:1
2025-12-30 10:55:07.216 [http-nio-18333-exec-4] INFO  c.bit.solana.p2p.quic.SendQuicData - [重传定时器启动] 连接ID:131590772834172928 数据ID:131590865658314752 首次重传延迟:500ms 后续重传间隔:20ms
2025-12-30 10:55:07.216 [udp-io-thread-1-1] INFO  c.b.solana.p2p.quic.ReceiveQuicData - [初始化数据] 连接ID:131590772834172928 数据ID:131590865658314752 总帧数:1
2025-12-30 10:55:07.217 [udp-io-thread-1-1] INFO  c.b.solana.p2p.quic.ReceiveQuicData - 所有帧接收完成
2025-12-30 10:55:07.217 [udp-io-thread-1-1] INFO  c.b.solana.p2p.quic.ReceiveQuicData - 完整数据长度1380 数据ID131590865658314752
2025-12-30 10:55:07.217 [udp-io-thread-1-1] INFO  c.bit.solana.p2p.quic.SendQuicData - [所有帧通过批量ACK确认] 连接ID:131590772834172928 数据ID:131590865658314752 传输完成
2025-12-30 10:55:07.217 [udp-io-thread-1-1] INFO  c.bit.solana.p2p.quic.SendQuicData - 数据发送完毕
2025-12-30 10:55:07.217 [quic-consumer-1767063016013] INFO  c.b.s.p.i.handle.QuicDataProcessor - 收到请求: P2PMessage{senderId=74sDMeR9Hq9aJTniBTPxs4b53NdG647rsspgfUF2EiMF, messageId=019b6d2e43cd7f0480481eabf754438b, requestId=019b6d2e43cd7f0480481eabf754438b, reqResFlag=0, type=5, length=1300, version=1}
2025-12-30 10:55:07.217 [quic-consumer-1767063016013] INFO  c.b.s.p2p.protocol.impl.TextHandler - 数据长度1300
2025-12-30 10:55:07.217 [quic-consumer-1767063016013] INFO  c.bit.solana.p2p.quic.SendQuicData - [开始发送] 连接ID:131590772834172928 数据ID:131590865675091968 总帧数:1
2025-12-30 10:55:07.218 [quic-consumer-1767063016013] INFO  c.bit.solana.p2p.quic.SendQuicData - [重传定时器启动] 连接ID:131590772834172928 数据ID:131590865675091968 首次重传延迟:500ms 后续重传间隔:20ms
2025-12-30 10:55:07.218 [quic-consumer-1767063016013] INFO  c.b.s.p.i.handle.QuicDataProcessor - 本次批量处理完成，共处理1条消息
2025-12-30 10:55:07.218 [udp-io-thread-1-1] INFO  c.b.solana.p2p.quic.ReceiveQuicData - [初始化数据] 连接ID:131590772834172928 数据ID:131590865675091968 总帧数:1
2025-12-30 10:55:07.218 [udp-io-thread-1-1] INFO  c.b.solana.p2p.quic.ReceiveQuicData - 所有帧接收完成
2025-12-30 10:55:07.218 [udp-io-thread-1-1] INFO  c.b.solana.p2p.quic.ReceiveQuicData - 完整数据长度101 数据ID131590865675091968
2025-12-30 10:55:07.218 [udp-io-thread-1-1] INFO  c.bit.solana.p2p.quic.SendQuicData - [所有帧通过批量ACK确认] 连接ID:131590772834172928 数据ID:131590865675091968 传输完成
2025-12-30 10:55:07.218 [udp-io-thread-1-1] INFO  c.bit.solana.p2p.quic.SendQuicData - 数据发送完毕
2025-12-30 10:55:07.218 [quic-consumer-1767063014938] INFO  c.b.s.p.i.handle.QuicDataProcessor - 收到响应: P2PMessage{senderId=BJfacYs27FRthbjxKaEHrJRbnd8kMyfSRReg7qunstkh, messageId=019b6d2e43d174d1a4c1e9c2b721c7d7, requestId=019b6d2e43cd7f0480481eabf754438b, reqResFlag=1, type=5, length=21, version=1}
2025-12-30 10:55:07.219 [quic-consumer-1767063014938] INFO  c.b.s.p.i.handle.QuicDataProcessor - 本次批量处理完成，共处理1条消息
2025-12-30 10:55:07.219 [http-nio-18333-exec-4] INFO  com.bit.solana.api.mock.MockApi - 节点回复：我已经收到回复
2025-12-30 10:55:14.309 [http-nio-18333-exec-8] INFO  com.bit.solana.p2p.impl.PeerClient - 节点IDBJfacYs27FRthbjxKaEHrJRbnd8kMyfSRReg7qunstkh
2025-12-30 10:55:14.309 [http-nio-18333-exec-8] INFO  c.bit.solana.p2p.quic.SendQuicData - [开始发送] 连接ID:131590772834172928 数据ID:131590895421095936 总帧数:1
2025-12-30 10:55:14.313 [http-nio-18333-exec-8] INFO  c.bit.solana.p2p.quic.SendQuicData - [重传定时器启动] 连接ID:131590772834172928 数据ID:131590895421095936 首次重传延迟:500ms 后续重传间隔:20ms
2025-12-30 10:55:14.313 [udp-io-thread-1-1] INFO  c.b.solana.p2p.quic.ReceiveQuicData - [初始化数据] 连接ID:131590772834172928 数据ID:131590895421095936 总帧数:1
2025-12-30 10:55:14.314 [udp-io-thread-1-1] INFO  c.b.solana.p2p.quic.ReceiveQuicData - 所有帧接收完成
2025-12-30 10:55:14.314 [udp-io-thread-1-1] INFO  c.b.solana.p2p.quic.ReceiveQuicData - 完整数据长度79 数据ID131590895421095936
2025-12-30 10:55:14.314 [udp-io-thread-1-1] INFO  c.bit.solana.p2p.quic.SendQuicData - [所有帧通过批量ACK确认] 连接ID:131590772834172928 数据ID:131590895421095936 传输完成
2025-12-30 10:55:14.314 [udp-io-thread-1-1] INFO  c.bit.solana.p2p.quic.SendQuicData - 数据发送完毕
2025-12-30 10:55:14.314 [quic-consumer-1767063016013] INFO  c.b.s.p.i.handle.QuicDataProcessor - 收到请求: P2PMessage{senderId=74sDMeR9Hq9aJTniBTPxs4b53NdG647rsspgfUF2EiMF, messageId=019b6d2e5f8579aea32887d9ec08723b, requestId=019b6d2e5f8579aea32887d9ec08723b, reqResFlag=0, type=5, length=1, version=1}
2025-12-30 10:55:14.315 [quic-consumer-1767063016013] INFO  c.b.s.p2p.protocol.impl.TextHandler - 数据长度1
2025-12-30 10:55:14.315 [quic-consumer-1767063016013] INFO  c.bit.solana.p2p.quic.SendQuicData - [开始发送] 连接ID:131590772834172928 数据ID:131590895446261760 总帧数:1
2025-12-30 10:55:14.315 [quic-consumer-1767063016013] INFO  c.bit.solana.p2p.quic.SendQuicData - [重传定时器启动] 连接ID:131590772834172928 数据ID:131590895446261760 首次重传延迟:500ms 后续重传间隔:20ms
2025-12-30 10:55:14.315 [quic-consumer-1767063016013] INFO  c.b.s.p.i.handle.QuicDataProcessor - 本次批量处理完成，共处理1条消息
2025-12-30 10:55:14.315 [udp-io-thread-1-1] INFO  c.b.solana.p2p.quic.ReceiveQuicData - [初始化数据] 连接ID:131590772834172928 数据ID:131590895446261760 总帧数:1
2025-12-30 10:55:14.316 [udp-io-thread-1-1] INFO  c.b.solana.p2p.quic.ReceiveQuicData - 所有帧接收完成
2025-12-30 10:55:14.316 [udp-io-thread-1-1] INFO  c.b.solana.p2p.quic.ReceiveQuicData - 完整数据长度101 数据ID131590895446261760
2025-12-30 10:55:14.316 [udp-io-thread-1-1] INFO  c.bit.solana.p2p.quic.SendQuicData - [所有帧通过批量ACK确认] 连接ID:131590772834172928 数据ID:131590895446261760 传输完成
2025-12-30 10:55:14.316 [udp-io-thread-1-1] INFO  c.bit.solana.p2p.quic.SendQuicData - 数据发送完毕
2025-12-30 10:55:14.316 [quic-consumer-1767063014938] INFO  c.b.s.p.i.handle.QuicDataProcessor - 收到响应: P2PMessage{senderId=BJfacYs27FRthbjxKaEHrJRbnd8kMyfSRReg7qunstkh, messageId=019b6d2e5f8b78b8a93f6cb85f33db63, requestId=019b6d2e5f8579aea32887d9ec08723b, reqResFlag=1, type=5, length=21, version=1}
2025-12-30 10:55:14.316 [quic-consumer-1767063014938] INFO  c.b.s.p.i.handle.QuicDataProcessor - 本次批量处理完成，共处理1条消息
2025-12-30 10:55:14.316 [http-nio-18333-exec-8] INFO  com.bit.solana.api.mock.MockApi - 节点回复：我已经收到回复
2025-12-30 10:55:17.555 [http-nio-18333-exec-6] INFO  com.bit.solana.p2p.impl.PeerClient - 节点IDBJfacYs27FRthbjxKaEHrJRbnd8kMyfSRReg7qunstkh
2025-12-30 10:55:17.555 [http-nio-18333-exec-6] INFO  c.bit.solana.p2p.quic.SendQuicData - [开始发送] 连接ID:131590772834172928 数据ID:131590909035806720 总帧数:1
2025-12-30 10:55:17.559 [http-nio-18333-exec-6] INFO  c.bit.solana.p2p.quic.SendQuicData - [重传定时器启动] 连接ID:131590772834172928 数据ID:131590909035806720 首次重传延迟:500ms 后续重传间隔:20ms
2025-12-30 10:55:17.559 [udp-io-thread-1-1] INFO  c.b.solana.p2p.quic.ReceiveQuicData - [初始化数据] 连接ID:131590772834172928 数据ID:131590909035806720 总帧数:1
2025-12-30 10:55:17.559 [udp-io-thread-1-1] INFO  c.b.solana.p2p.quic.ReceiveQuicData - 所有帧接收完成
2025-12-30 10:55:17.559 [udp-io-thread-1-1] INFO  c.b.solana.p2p.quic.ReceiveQuicData - 完整数据长度79 数据ID131590909035806720
2025-12-30 10:55:17.560 [udp-io-thread-1-1] INFO  c.bit.solana.p2p.quic.SendQuicData - [所有帧通过批量ACK确认] 连接ID:131590772834172928 数据ID:131590909035806720 传输完成
2025-12-30 10:55:17.560 [udp-io-thread-1-1] INFO  c.bit.solana.p2p.quic.SendQuicData - 数据发送完毕
2025-12-30 10:55:17.560 [quic-consumer-1767063016013] INFO  c.b.s.p.i.handle.QuicDataProcessor - 收到请求: P2PMessage{senderId=74sDMeR9Hq9aJTniBTPxs4b53NdG647rsspgfUF2EiMF, messageId=019b6d2e6c33718ca5b3e95bcb1360f2, requestId=019b6d2e6c33718ca5b3e95bcb1360f2, reqResFlag=0, type=5, length=1, version=1}
2025-12-30 10:55:17.560 [quic-consumer-1767063016013] INFO  c.b.s.p2p.protocol.impl.TextHandler - 数据长度1
2025-12-30 10:55:17.560 [quic-consumer-1767063016013] INFO  c.bit.solana.p2p.quic.SendQuicData - [开始发送] 连接ID:131590772834172928 数据ID:131590909056778240 总帧数:1
2025-12-30 10:55:17.560 [quic-consumer-1767063016013] INFO  c.bit.solana.p2p.quic.SendQuicData - [重传定时器启动] 连接ID:131590772834172928 数据ID:131590909056778240 首次重传延迟:500ms 后续重传间隔:20ms
2025-12-30 10:55:17.560 [quic-consumer-1767063016013] INFO  c.b.s.p.i.handle.QuicDataProcessor - 本次批量处理完成，共处理1条消息
2025-12-30 10:55:17.560 [udp-io-thread-1-1] INFO  c.b.solana.p2p.quic.ReceiveQuicData - [初始化数据] 连接ID:131590772834172928 数据ID:131590909056778240 总帧数:1
2025-12-30 10:55:17.561 [udp-io-thread-1-1] INFO  c.b.solana.p2p.quic.ReceiveQuicData - 所有帧接收完成
2025-12-30 10:55:17.561 [udp-io-thread-1-1] INFO  c.b.solana.p2p.quic.ReceiveQuicData - 完整数据长度101 数据ID131590909056778240
2025-12-30 10:55:17.561 [udp-io-thread-1-1] INFO  c.bit.solana.p2p.quic.SendQuicData - [所有帧通过批量ACK确认] 连接ID:131590772834172928 数据ID:131590909056778240 传输完成
2025-12-30 10:55:17.561 [udp-io-thread-1-1] INFO  c.bit.solana.p2p.quic.SendQuicData - 数据发送完毕
2025-12-30 10:55:17.561 [quic-consumer-1767063014938] INFO  c.b.s.p.i.handle.QuicDataProcessor - 收到响应: P2PMessage{senderId=BJfacYs27FRthbjxKaEHrJRbnd8kMyfSRReg7qunstkh, messageId=019b6d2e6c38742095c13d648f9d70a4, requestId=019b6d2e6c33718ca5b3e95bcb1360f2, reqResFlag=1, type=5, length=21, version=1}
2025-12-30 10:55:17.561 [quic-consumer-1767063014938] INFO  c.b.s.p.i.handle.QuicDataProcessor - 本次批量处理完成，共处理1条消息
2025-12-30 10:55:17.562 [http-nio-18333-exec-6] INFO  com.bit.solana.api.mock.MockApi - 节点回复：我已经收到回复
2025-12-30 10:55:20.933 [http-nio-18333-exec-7] INFO  com.bit.solana.p2p.impl.PeerClient - 节点IDBJfacYs27FRthbjxKaEHrJRbnd8kMyfSRReg7qunstkh
2025-12-30 10:55:20.934 [http-nio-18333-exec-7] INFO  c.bit.solana.p2p.quic.SendQuicData - [开始发送] 连接ID:131590772834172928 数据ID:131590923208359936 总帧数:2
2025-12-30 10:55:20.937 [http-nio-18333-exec-7] INFO  c.bit.solana.p2p.quic.SendQuicData - [重传定时器启动] 连接ID:131590772834172928 数据ID:131590923208359936 首次重传延迟:500ms 后续重传间隔:20ms
2025-12-30 10:55:20.938 [udp-io-thread-1-1] INFO  c.b.solana.p2p.quic.ReceiveQuicData - [初始化数据] 连接ID:131590772834172928 数据ID:131590923208359936 总帧数:2
2025-12-30 10:55:20.938 [udp-io-thread-1-1] INFO  c.b.solana.p2p.quic.ReceiveQuicData - 所有帧接收完成
2025-12-30 10:55:20.938 [udp-io-thread-1-1] INFO  c.b.solana.p2p.quic.ReceiveQuicData - 完整数据长度1480 数据ID131590923208359936
2025-12-30 10:55:20.938 [udp-io-thread-1-1] INFO  c.bit.solana.p2p.quic.SendQuicData - [所有帧通过批量ACK确认] 连接ID:131590772834172928 数据ID:131590923208359936 传输完成
2025-12-30 10:55:20.938 [udp-io-thread-1-1] INFO  c.bit.solana.p2p.quic.SendQuicData - 数据发送完毕
2025-12-30 10:55:20.938 [quic-consumer-1767063016013] INFO  c.b.s.p.i.handle.QuicDataProcessor - 收到请求: P2PMessage{senderId=74sDMeR9Hq9aJTniBTPxs4b53NdG647rsspgfUF2EiMF, messageId=019b6d2e79657032b93a1cb0cf5aec12, requestId=019b6d2e79657032b93a1cb0cf5aec12, reqResFlag=0, type=5, length=1400, version=1}
2025-12-30 10:55:20.939 [quic-consumer-1767063016013] INFO  c.b.s.p2p.protocol.impl.TextHandler - 数据长度1400
2025-12-30 10:55:20.939 [quic-consumer-1767063016013] INFO  c.bit.solana.p2p.quic.SendQuicData - [开始发送] 连接ID:131590772834172928 数据ID:131590923229331456 总帧数:1
2025-12-30 10:55:20.939 [quic-consumer-1767063016013] INFO  c.bit.solana.p2p.quic.SendQuicData - [重传定时器启动] 连接ID:131590772834172928 数据ID:131590923229331456 首次重传延迟:500ms 后续重传间隔:20ms
2025-12-30 10:55:20.939 [quic-consumer-1767063016013] INFO  c.b.s.p.i.handle.QuicDataProcessor - 本次批量处理完成，共处理1条消息
2025-12-30 10:55:20.939 [udp-io-thread-1-1] INFO  c.b.solana.p2p.quic.ReceiveQuicData - [初始化数据] 连接ID:131590772834172928 数据ID:131590923229331456 总帧数:1
2025-12-30 10:55:20.939 [udp-io-thread-1-1] INFO  c.b.solana.p2p.quic.ReceiveQuicData - 所有帧接收完成
2025-12-30 10:55:20.939 [udp-io-thread-1-1] INFO  c.b.solana.p2p.quic.ReceiveQuicData - 完整数据长度101 数据ID131590923229331456
2025-12-30 10:55:20.939 [udp-io-thread-1-1] INFO  c.bit.solana.p2p.quic.SendQuicData - [所有帧通过批量ACK确认] 连接ID:131590772834172928 数据ID:131590923229331456 传输完成
2025-12-30 10:55:20.939 [udp-io-thread-1-1] INFO  c.bit.solana.p2p.quic.SendQuicData - 数据发送完毕
2025-12-30 10:55:20.939 [quic-consumer-1767063014938] INFO  c.b.s.p.i.handle.QuicDataProcessor - 收到响应: P2PMessage{senderId=BJfacYs27FRthbjxKaEHrJRbnd8kMyfSRReg7qunstkh, messageId=019b6d2e796b70059192b23a1240edaa, requestId=019b6d2e79657032b93a1cb0cf5aec12, reqResFlag=1, type=5, length=21, version=1}
2025-12-30 10:55:20.940 [quic-consumer-1767063014938] INFO  c.b.s.p.i.handle.QuicDataProcessor - 本次批量处理完成，共处理1条消息
2025-12-30 10:55:20.940 [http-nio-18333-exec-7] INFO  com.bit.solana.api.mock.MockApi - 节点回复：我已经收到回复
2025-12-30 11:08:47.574 [SpringApplicationShutdownHook] INFO  o.s.b.w.e.tomcat.GracefulShutdown - Commencing graceful shutdown. Waiting for active requests to complete
2025-12-30 11:08:47.576 [SpringApplicationShutdownHook] INFO  o.s.b.w.e.tomcat.GracefulShutdown - Commencing graceful shutdown. Waiting for active requests to complete
2025-12-30 11:08:47.578 [tomcat-shutdown] INFO  o.s.b.w.e.tomcat.GracefulShutdown - Graceful shutdown complete
2025-12-30 11:08:47.579 [tomcat-shutdown] INFO  o.s.b.w.e.tomcat.GracefulShutdown - Graceful shutdown complete
2025-12-30 11:08:47.580 [SpringApplicationShutdownHook] INFO  c.b.s.p.i.handle.QuicDataProcessor - 开始关闭Quic消费线程池
2025-12-30 11:08:47.581 [SpringApplicationShutdownHook] INFO  c.b.s.p.i.handle.QuicDataProcessor - 开始关闭Quic消费线程池
2025-12-30 11:08:47.600 [Thread-1] INFO  c.b.solana.database.rocksDb.RocksDb - RocksDB连接已关闭
2025-12-30 11:08:47.600 [Thread-1] INFO  c.b.solana.database.rocksDb.RocksDb - RocksDB连接已关闭
2025-12-30 11:08:51.982 [main] INFO  com.bit.solana.SolanaApplication - Starting SolanaApplication v1.0.0 using Java 21.0.1 with PID 34512 (F:\workSpace2026\blockchain\solana_java\target\classes started by hcg in F:\workSpace2026\blockchain\solana_java)
2025-12-30 11:08:51.983 [main] INFO  com.bit.solana.SolanaApplication - The following 1 profile is active: "prod"
2025-12-30 11:08:52.787 [main] INFO  o.s.b.w.e.tomcat.TomcatWebServer - Tomcat initialized with port 18333 (http)
2025-12-30 11:08:52.797 [main] INFO  o.a.coyote.http11.Http11NioProtocol - Initializing ProtocolHandler ["http-nio-18333"]
2025-12-30 11:08:52.798 [main] INFO  o.a.catalina.core.StandardService - Starting service [Tomcat]
2025-12-30 11:08:52.798 [main] INFO  o.a.catalina.core.StandardEngine - Starting Servlet engine: [Apache Tomcat/10.1.48]
2025-12-30 11:08:52.836 [main] INFO  o.a.c.c.C.[Tomcat].[localhost].[/] - Initializing Spring embedded WebApplicationContext
2025-12-30 11:08:52.836 [main] INFO  o.s.b.w.s.c.ServletWebServerApplicationContext - Root WebApplicationContext: initialization completed in 818 ms
2025-12-30 11:08:52.930 [main] INFO  c.b.s.txpool.impl.SubmitPoolImpl - SubmitPool initialized with 32 shards, max capacity: 1048576 txs, max size: 1073741824 bytes
2025-12-30 11:08:52.932 [main] INFO  c.b.s.txpool.impl.SubmitPoolImpl - Expired transaction cleanup scheduler initialized, interval: 400ms
2025-12-30 11:08:52.945 [main] INFO  com.bit.solana.config.SystemConfig - 端口8333
2025-12-30 11:08:52.945 [main] INFO  com.bit.solana.config.SystemConfig - 系统数据路径:/solana/proddb
2025-12-30 11:08:53.043 [main] INFO  c.bit.solana.database.rocksDb.RTable - RTable静态初始化完成，加载列族数量：4
2025-12-30 11:08:53.182 [main] INFO  com.bit.solana.SolanaApplication - Starting SolanaApplication v1.0.0 using Java 21.0.1 with PID 28160 (F:\workSpace2026\blockchain\solana_java\target\classes started by hcg in F:\workSpace2026\blockchain\solana_java)
2025-12-30 11:08:53.184 [main] INFO  com.bit.solana.SolanaApplication - The following 1 profile is active: "dev"
2025-12-30 11:08:53.238 [main] INFO  c.b.solana.database.rocksDb.RocksDb - RocksDB创建成功，路径: /solana/proddb，列族总数: 5
2025-12-30 11:08:53.270 [main] INFO  com.bit.solana.config.CommonConfig - 本地节点初始化完成，ID: 74sDMeR9Hq9aJTniBTPxs4b53NdG647rsspgfUF2EiMF, 监听端口: 8333
2025-12-30 11:08:53.271 [main] INFO  com.bit.solana.config.CommonConfig - Base58.encode(selfNodeId)44
2025-12-30 11:08:53.411 [main] INFO  c.b.solana.p2p.impl.PeerServiceImpl - QUIC服务器已启动，监听端口：8333
2025-12-30 11:08:53.413 [main] INFO  c.b.s.p2p.protocol.ProtocolRegistry - 注册有返回值协议处理器：/networkHandshake/1.0.0
2025-12-30 11:08:53.413 [main] INFO  c.b.s.p2p.protocol.ProtocolRegistry - 注册有返回值协议处理器：/ping/1.0.0
2025-12-30 11:08:53.413 [main] INFO  c.b.s.p2p.protocol.ProtocolRegistry - 注册有返回值协议处理器：/text/1.0.0
2025-12-30 11:08:53.613 [main] INFO  c.b.s.p.i.handle.QuicDataProcessor - Quic批量消费线程池初始化完成
2025-12-30 11:08:53.879 [main] INFO  o.s.b.w.e.tomcat.TomcatWebServer - Tomcat initialized with port 18884 (http)
2025-12-30 11:08:53.889 [main] INFO  o.a.coyote.http11.Http11NioProtocol - Initializing ProtocolHandler ["http-nio-18884"]
2025-12-30 11:08:53.890 [main] INFO  o.a.catalina.core.StandardService - Starting service [Tomcat]
2025-12-30 11:08:53.890 [main] INFO  o.a.catalina.core.StandardEngine - Starting Servlet engine: [Apache Tomcat/10.1.48]
2025-12-30 11:08:53.926 [main] INFO  o.a.c.c.C.[Tomcat].[localhost].[/] - Initializing Spring embedded WebApplicationContext
2025-12-30 11:08:53.926 [main] INFO  o.s.b.w.s.c.ServletWebServerApplicationContext - Root WebApplicationContext: initialization completed in 718 ms
2025-12-30 11:08:54.000 [main] INFO  c.b.s.txpool.impl.SubmitPoolImpl - SubmitPool initialized with 32 shards, max capacity: 1048576 txs, max size: 1073741824 bytes
2025-12-30 11:08:54.003 [main] INFO  c.b.s.txpool.impl.SubmitPoolImpl - Expired transaction cleanup scheduler initialized, interval: 400ms
2025-12-30 11:08:54.014 [main] INFO  com.bit.solana.config.SystemConfig - 端口8334
2025-12-30 11:08:54.014 [main] INFO  com.bit.solana.config.SystemConfig - 系统数据路径:/solana/devdb
2025-12-30 11:08:54.018 [main] INFO  o.a.coyote.http11.Http11NioProtocol - Starting ProtocolHandler ["http-nio-18333"]
2025-12-30 11:08:54.025 [main] INFO  o.s.b.w.e.tomcat.TomcatWebServer - Tomcat started on port 18333 (http) with context path '/'
2025-12-30 11:08:54.029 [main] INFO  c.b.s.rpc.RpcServiceAutoRegister - 开始自动扫描并注册RPC服务...
2025-12-30 11:08:54.107 [main] INFO  c.bit.solana.database.rocksDb.RTable - RTable静态初始化完成，加载列族数量：4
2025-12-30 11:08:54.113 [main] WARN  c.bit.solana.rpc.RpcServiceRegistry - 没有需要注册的RPC服务
2025-12-30 11:08:54.113 [main] INFO  c.b.s.rpc.RpcServiceAutoRegister - RPC服务自动注册完成 | 总数量: 0 | 已注册列表: []
2025-12-30 11:08:54.113 [main] INFO  com.bit.solana.SolanaApplication - Started SolanaApplication in 2.582 seconds (process running for 3.057)
2025-12-30 11:08:54.222 [main] INFO  org.bitcoinj.crypto.MnemonicCode - PBKDF2 took 33.36 ms
2025-12-30 11:08:54.236 [main] INFO  com.bit.solana.SolanaApplication - 预热耗时121ms
2025-12-30 11:08:54.263 [main] INFO  c.b.solana.database.rocksDb.RocksDb - RocksDB创建成功，路径: /solana/devdb，列族总数: 5
2025-12-30 11:08:54.288 [main] INFO  com.bit.solana.config.CommonConfig - 本地节点初始化完成，ID: BJfacYs27FRthbjxKaEHrJRbnd8kMyfSRReg7qunstkh, 监听端口: 8334
2025-12-30 11:08:54.288 [main] INFO  com.bit.solana.config.CommonConfig - Base58.encode(selfNodeId)44
2025-12-30 11:08:54.402 [main] INFO  c.b.solana.p2p.impl.PeerServiceImpl - QUIC服务器已启动，监听端口：8334
2025-12-30 11:08:54.404 [main] INFO  c.b.s.p2p.protocol.ProtocolRegistry - 注册有返回值协议处理器：/networkHandshake/1.0.0
2025-12-30 11:08:54.404 [main] INFO  c.b.s.p2p.protocol.ProtocolRegistry - 注册有返回值协议处理器：/ping/1.0.0
2025-12-30 11:08:54.404 [main] INFO  c.b.s.p2p.protocol.ProtocolRegistry - 注册有返回值协议处理器：/text/1.0.0
2025-12-30 11:08:54.632 [main] INFO  c.b.s.p.i.handle.QuicDataProcessor - Quic批量消费线程池初始化完成
2025-12-30 11:08:55.007 [main] INFO  o.a.coyote.http11.Http11NioProtocol - Starting ProtocolHandler ["http-nio-18884"]
2025-12-30 11:08:55.024 [main] INFO  o.s.b.w.e.tomcat.TomcatWebServer - Tomcat started on port 18884 (http) with context path '/'
2025-12-30 11:08:55.028 [main] INFO  c.b.s.rpc.RpcServiceAutoRegister - 开始自动扫描并注册RPC服务...
2025-12-30 11:08:55.097 [main] WARN  c.bit.solana.rpc.RpcServiceRegistry - 没有需要注册的RPC服务
2025-12-30 11:08:55.098 [main] INFO  c.b.s.rpc.RpcServiceAutoRegister - RPC服务自动注册完成 | 总数量: 0 | 已注册列表: []
2025-12-30 11:08:55.098 [main] INFO  com.bit.solana.SolanaApplication - Started SolanaApplication in 2.317 seconds (process running for 2.85)
2025-12-30 11:08:55.188 [main] INFO  org.bitcoinj.crypto.MnemonicCode - PBKDF2 took 25.91 ms
2025-12-30 11:08:55.201 [main] INFO  com.bit.solana.SolanaApplication - 预热耗时102ms
2025-12-30 11:10:19.733 [http-nio-18333-exec-1] INFO  o.a.c.c.C.[Tomcat].[localhost].[/] - Initializing Spring DispatcherServlet 'dispatcherServlet'
2025-12-30 11:10:19.733 [http-nio-18333-exec-1] INFO  o.s.web.servlet.DispatcherServlet - Initializing Servlet 'dispatcherServlet'
2025-12-30 11:10:19.733 [http-nio-18333-exec-1] INFO  o.s.web.servlet.DispatcherServlet - Completed initialization in 0 ms
2025-12-30 11:10:19.755 [http-nio-18333-exec-1] INFO  c.b.s.p2p.quic.QuicConnectionManager - 节点IDBJfacYs27FRthbjxKaEHrJRbnd8kMyfSRReg7qunstkh
2025-12-30 11:10:19.759 [http-nio-18333-exec-1] INFO  c.b.s.p2p.quic.QuicConnectionManager - 握手长度！68
2025-12-30 11:10:19.786 [udp-io-thread-1-1] INFO  c.bit.solana.p2p.quic.QuicConnection - 入站连接过期检查任务启动，连接ID:131594693136875520，检查间隔:2000ms，过期阈值:2000ms
2025-12-30 11:10:19.786 [udp-io-thread-1-1] INFO  c.b.s.p2p.quic.QuicConnectionManager - [连接添加] 连接ID:131594693136875520
2025-12-30 11:10:19.790 [udp-io-thread-1-1] INFO  c.bit.solana.p2p.quic.QuicConnection - 共享加密密钥对sharedSecret: 0ff50765b46a7b84a0c082de99fd976ac58a88902e8faeb5da3a05d96ebac950
2025-12-30 11:10:19.792 [udp-io-thread-1-1] INFO  c.bit.solana.p2p.quic.QuicConnection - [连接响应发送成功] 节点ID:131594693136875520
2025-12-30 11:10:19.798 [udp-io-thread-1-1] INFO  c.bit.solana.p2p.quic.QuicConnection - 入站连接过期检查任务启动，连接ID:131594693136875520，检查间隔:2000ms，过期阈值:2000ms
2025-12-30 11:10:19.798 [udp-io-thread-1-1] INFO  c.b.s.p2p.quic.QuicConnectionManager - [连接添加] 连接ID:131594693136875520
2025-12-30 11:10:19.798 [udp-io-thread-1-1] INFO  c.bit.solana.p2p.quic.QuicConnection - 处理连接响应QuicFrame(connectionId=131594693136875520, dataId=131594693136875521, total=1, frameType=8, sequence=0, frameTotalLength=97, payload=[26, 32, -103, 27, 93, 114, -18, 34, -9, 29, 53, 54, 12, -37, 119, 125, -108, -5, -98, 67, -14, -72, 104, 106, -125, -70, -22, -68, 76, 25, 40, -94, -104, 50, 58, 32, -17, -105, 12, -91, 21, -90, -83, -116, 101, 80, 114, -103, -8, 42, -121, 64, 83, -36, 71, 108, -96, 29, -105, -93, 33, -50, 43, 103, 75, 68, 59, 38], remoteAddress=/127.0.0.1:8334, time=0, handle=io.netty.util.Recycler$DefaultHandle@5162b72)
2025-12-30 11:10:19.803 [http-nio-18333-exec-1] INFO  c.b.s.p2p.quic.QuicConnectionManager - 响应帧QuicFrame(connectionId=131594693136875520, dataId=131594693136875521, total=1, frameType=8, sequence=0, frameTotalLength=97, payload=[26, 32, -103, 27, 93, 114, -18, 34, -9, 29, 53, 54, 12, -37, 119, 125, -108, -5, -98, 67, -14, -72, 104, 106, -125, -70, -22, -68, 76, 25, 40, -94, -104, 50, 58, 32, -17, -105, 12, -91, 21, -90, -83, -116, 101, 80, 114, -103, -8, 42, -121, 64, 83, -36, 71, 108, -96, 29, -105, -93, 33, -50, 43, 103, 75, 68, 59, 38], remoteAddress=/127.0.0.1:8334, time=0, handle=io.netty.util.Recycler$DefaultHandle@5162b72)
2025-12-30 11:10:19.804 [http-nio-18333-exec-1] INFO  c.b.s.p2p.quic.QuicConnectionManager - 生成助记词耗时1ms
2025-12-30 11:10:19.805 [http-nio-18333-exec-1] INFO  c.b.s.p2p.quic.QuicConnectionManager - 协商共享密钥是:0ff50765b46a7b84a0c082de99fd976ac58a88902e8faeb5da3a05d96ebac950
2025-12-30 11:10:19.805 [http-nio-18333-exec-1] INFO  c.bit.solana.p2p.quic.QuicConnection - 连接任务已停止，连接ID:131594693136875520（出站:false）
2025-12-30 11:10:19.806 [http-nio-18333-exec-1] INFO  c.bit.solana.p2p.quic.QuicConnection - 出站连接心跳任务启动，连接ID:131594693136875520，心跳间隔:500ms，过期阈值:2000ms
2025-12-30 11:10:19.806 [http-nio-18333-exec-1] INFO  c.b.s.p2p.quic.QuicConnectionManager - [连接添加] 连接ID:131594693136875520
2025-12-30 11:10:23.237 [http-nio-18333-exec-3] INFO  com.bit.solana.p2p.impl.PeerClient - 节点IDBJfacYs27FRthbjxKaEHrJRbnd8kMyfSRReg7qunstkh
2025-12-30 11:10:23.238 [http-nio-18333-exec-3] INFO  c.bit.solana.p2p.quic.SendQuicData - [开始发送] 连接ID:131594693136875520 数据ID:131594707741442048 总帧数:2
2025-12-30 11:10:23.243 [udp-io-thread-1-1] INFO  c.b.solana.p2p.quic.ReceiveQuicData - [初始化数据] 连接ID:131594693136875520 数据ID:131594707741442048 总帧数:2
2025-12-30 11:10:23.244 [http-nio-18333-exec-3] INFO  c.bit.solana.p2p.quic.SendQuicData - [重传定时器启动] 连接ID:131594693136875520 数据ID:131594707741442048 首次重传延迟:500ms 后续重传间隔:20ms
2025-12-30 11:10:23.245 [udp-io-thread-1-1] INFO  c.b.solana.p2p.quic.ReceiveQuicData - 所有帧接收完成
2025-12-30 11:10:23.245 [udp-io-thread-1-1] INFO  c.bit.solana.p2p.quic.SendQuicData - [所有帧通过批量ACK确认] 连接ID:131594693136875520 数据ID:131594707741442048 传输完成
2025-12-30 11:10:23.245 [udp-io-thread-1-1] INFO  c.bit.solana.p2p.quic.SendQuicData - 数据发送完毕
2025-12-30 11:10:23.245 [udp-io-thread-1-1] INFO  c.b.solana.p2p.quic.ReceiveQuicData - 完整数据长度1480 数据ID131594707741442048
2025-12-30 11:10:23.245 [udp-io-thread-1-1] INFO  c.bit.solana.p2p.quic.SendQuicData - 全部样本的平均时间0.0
2025-12-30 11:10:23.245 [udp-io-thread-1-1] INFO  c.bit.solana.p2p.quic.SendQuicData - 预测66.485429
2025-12-30 11:10:23.247 [quic-consumer-1767064134632] INFO  c.b.s.p.i.handle.QuicDataProcessor - 收到请求: P2PMessage{senderId=74sDMeR9Hq9aJTniBTPxs4b53NdG647rsspgfUF2EiMF, messageId=019b6d3c3e0375178b65379dffe58d28, requestId=019b6d3c3e0375178b65379dffe58d28, reqResFlag=0, type=5, length=1400, version=1}
2025-12-30 11:10:23.250 [quic-consumer-1767064134632] INFO  c.b.s.p2p.protocol.impl.TextHandler - 数据长度1400
2025-12-30 11:10:23.253 [quic-consumer-1767064134632] INFO  c.bit.solana.p2p.quic.SendQuicData - [开始发送] 连接ID:131594693136875520 数据ID:131594707808550912 总帧数:1
2025-12-30 11:10:23.258 [udp-io-thread-1-1] INFO  c.b.solana.p2p.quic.ReceiveQuicData - [初始化数据] 连接ID:131594693136875520 数据ID:131594707808550912 总帧数:1
2025-12-30 11:10:23.259 [quic-consumer-1767064134632] INFO  c.bit.solana.p2p.quic.SendQuicData - [重传定时器启动] 连接ID:131594693136875520 数据ID:131594707808550912 首次重传延迟:500ms 后续重传间隔:20ms
2025-12-30 11:10:23.259 [quic-consumer-1767064134632] INFO  c.b.s.p.i.handle.QuicDataProcessor - 本次批量处理完成，共处理1条消息
2025-12-30 11:10:23.259 [udp-io-thread-1-1] INFO  c.b.solana.p2p.quic.ReceiveQuicData - 所有帧接收完成
2025-12-30 11:10:23.259 [udp-io-thread-1-1] INFO  c.b.solana.p2p.quic.ReceiveQuicData - 完整数据长度101 数据ID131594707808550912
2025-12-30 11:10:23.260 [udp-io-thread-1-1] INFO  c.bit.solana.p2p.quic.SendQuicData - [所有帧通过批量ACK确认] 连接ID:131594693136875520 数据ID:131594707808550912 传输完成
2025-12-30 11:10:23.260 [udp-io-thread-1-1] INFO  c.bit.solana.p2p.quic.SendQuicData - 数据发送完毕
2025-12-30 11:10:23.260 [udp-io-thread-1-1] INFO  c.bit.solana.p2p.quic.SendQuicData - 全部样本的平均时间0.0
2025-12-30 11:10:23.260 [udp-io-thread-1-1] INFO  c.bit.solana.p2p.quic.SendQuicData - 预测18.096
2025-12-30 11:10:23.260 [quic-consumer-1767064133613] INFO  c.b.s.p.i.handle.QuicDataProcessor - 收到响应: P2PMessage{senderId=BJfacYs27FRthbjxKaEHrJRbnd8kMyfSRReg7qunstkh, messageId=019b6d3c3e147d5e843f4fbf9c43103a, requestId=019b6d3c3e0375178b65379dffe58d28, reqResFlag=1, type=5, length=21, version=1}
2025-12-30 11:10:23.263 [quic-consumer-1767064133613] INFO  c.b.s.p.i.handle.QuicDataProcessor - 本次批量处理完成，共处理1条消息
2025-12-30 11:10:23.263 [http-nio-18333-exec-3] INFO  com.bit.solana.api.mock.MockApi - 节点回复：我已经收到回复
2025-12-30 11:14:45.469 [SpringApplicationShutdownHook] INFO  o.s.b.w.e.tomcat.GracefulShutdown - Commencing graceful shutdown. Waiting for active requests to complete
2025-12-30 11:14:45.470 [SpringApplicationShutdownHook] INFO  o.s.b.w.e.tomcat.GracefulShutdown - Commencing graceful shutdown. Waiting for active requests to complete
2025-12-30 11:14:45.472 [tomcat-shutdown] INFO  o.s.b.w.e.tomcat.GracefulShutdown - Graceful shutdown complete
2025-12-30 11:14:45.473 [tomcat-shutdown] INFO  o.s.b.w.e.tomcat.GracefulShutdown - Graceful shutdown complete
2025-12-30 11:14:45.475 [SpringApplicationShutdownHook] INFO  c.b.s.p.i.handle.QuicDataProcessor - 开始关闭Quic消费线程池
2025-12-30 11:14:45.476 [SpringApplicationShutdownHook] INFO  c.b.s.p.i.handle.QuicDataProcessor - 开始关闭Quic消费线程池
2025-12-30 11:14:45.495 [Thread-1] INFO  c.b.solana.database.rocksDb.RocksDb - RocksDB连接已关闭
2025-12-30 11:14:45.495 [Thread-1] INFO  c.b.solana.database.rocksDb.RocksDb - RocksDB连接已关闭
2025-12-30 11:14:50.475 [SpringApplicationShutdownHook] WARN  c.b.s.p.i.handle.QuicDataProcessor - 线程池关闭超时，强制终止剩余任务
2025-12-30 11:14:50.475 [SpringApplicationShutdownHook] INFO  c.b.s.p.i.handle.QuicDataProcessor - Quic消费线程池已关闭
2025-12-30 11:14:50.475 [quic-consumer-1767064133613] INFO  c.b.s.p.i.handle.QuicDataProcessor - 消费线程被中断，准备退出
2025-12-30 11:14:50.475 [SpringApplicationShutdownHook] WARN  o.s.c.a.CommonAnnotationBeanPostProcessor - Destroy method on bean with name 'blockProducer' threw an exception: java.lang.NullPointerException: Cannot invoke "java.util.concurrent.ScheduledExecutorService.shutdown()" because "this.blockScheduler" is null
2025-12-30 11:14:50.477 [SpringApplicationShutdownHook] INFO  com.bit.solana.config.CommonConfig - 关闭全局调度器
2025-12-30 11:14:50.477 [SpringApplicationShutdownHook] INFO  c.bit.solana.txpool.impl.TxPoolImpl - 开始关闭交易池...
2025-12-30 11:14:50.477 [SpringApplicationShutdownHook] INFO  c.bit.solana.txpool.impl.TxPoolImpl - 交易池已关闭
2025-12-30 11:14:50.479 [SpringApplicationShutdownHook] INFO  c.b.s.txpool.impl.SubmitPoolImpl - Expired transaction cleanup scheduler shutdown
2025-12-30 11:14:50.480 [SpringApplicationShutdownHook] WARN  c.b.s.p.i.handle.QuicDataProcessor - 线程池关闭超时，强制终止剩余任务
2025-12-30 11:14:50.480 [SpringApplicationShutdownHook] INFO  c.b.s.p.i.handle.QuicDataProcessor - Quic消费线程池已关闭
2025-12-30 11:14:50.480 [quic-consumer-1767064134632] INFO  c.b.s.p.i.handle.QuicDataProcessor - 消费线程被中断，准备退出
2025-12-30 11:14:50.480 [SpringApplicationShutdownHook] WARN  o.s.c.a.CommonAnnotationBeanPostProcessor - Destroy method on bean with name 'blockProducer' threw an exception: java.lang.NullPointerException: Cannot invoke "java.util.concurrent.ScheduledExecutorService.shutdown()" because "this.blockScheduler" is null
2025-12-30 11:14:50.481 [SpringApplicationShutdownHook] INFO  com.bit.solana.config.CommonConfig - 关闭全局调度器
2025-12-30 11:14:50.482 [SpringApplicationShutdownHook] INFO  c.bit.solana.txpool.impl.TxPoolImpl - 开始关闭交易池...
2025-12-30 11:14:50.482 [SpringApplicationShutdownHook] INFO  c.bit.solana.txpool.impl.TxPoolImpl - 交易池已关闭
2025-12-30 11:14:50.482 [SpringApplicationShutdownHook] INFO  c.b.s.txpool.impl.SubmitPoolImpl - Expired transaction cleanup scheduler shutdown
2025-12-30 11:15:39.384 [main] INFO  com.bit.solana.SolanaApplication - Starting SolanaApplication v1.0.0 using Java 21.0.1 with PID 28068 (F:\workSpace2026\blockchain\solana_java\target\classes started by hcg in F:\workSpace2026\blockchain\solana_java)
2025-12-30 11:15:39.386 [main] INFO  com.bit.solana.SolanaApplication - The following 1 profile is active: "prod"
2025-12-30 11:15:40.281 [main] INFO  o.s.b.w.e.tomcat.TomcatWebServer - Tomcat initialized with port 18333 (http)
2025-12-30 11:15:40.299 [main] INFO  o.a.coyote.http11.Http11NioProtocol - Initializing ProtocolHandler ["http-nio-18333"]
2025-12-30 11:15:40.300 [main] INFO  o.a.catalina.core.StandardService - Starting service [Tomcat]
2025-12-30 11:15:40.300 [main] INFO  o.a.catalina.core.StandardEngine - Starting Servlet engine: [Apache Tomcat/10.1.48]
2025-12-30 11:15:40.350 [main] INFO  o.a.c.c.C.[Tomcat].[localhost].[/] - Initializing Spring embedded WebApplicationContext
2025-12-30 11:15:40.350 [main] INFO  o.s.b.w.s.c.ServletWebServerApplicationContext - Root WebApplicationContext: initialization completed in 924 ms
2025-12-30 11:15:40.447 [main] INFO  c.b.s.txpool.impl.SubmitPoolImpl - SubmitPool initialized with 32 shards, max capacity: 1048576 txs, max size: 1073741824 bytes
2025-12-30 11:15:40.449 [main] INFO  c.b.s.txpool.impl.SubmitPoolImpl - Expired transaction cleanup scheduler initialized, interval: 400ms
2025-12-30 11:15:40.464 [main] INFO  com.bit.solana.config.SystemConfig - 端口8333
2025-12-30 11:15:40.464 [main] INFO  com.bit.solana.config.SystemConfig - 系统数据路径:/solana/proddb
2025-12-30 11:15:40.574 [main] INFO  c.bit.solana.database.rocksDb.RTable - RTable静态初始化完成，加载列族数量：4
2025-12-30 11:15:40.648 [main] INFO  com.bit.solana.SolanaApplication - Starting SolanaApplication v1.0.0 using Java 21.0.1 with PID 28956 (F:\workSpace2026\blockchain\solana_java\target\classes started by hcg in F:\workSpace2026\blockchain\solana_java)
2025-12-30 11:15:40.649 [main] INFO  com.bit.solana.SolanaApplication - The following 1 profile is active: "dev"
2025-12-30 11:15:40.756 [main] INFO  c.b.solana.database.rocksDb.RocksDb - RocksDB创建成功，路径: /solana/proddb，列族总数: 5
2025-12-30 11:15:40.786 [main] INFO  com.bit.solana.config.CommonConfig - 本地节点初始化完成，ID: 74sDMeR9Hq9aJTniBTPxs4b53NdG647rsspgfUF2EiMF, 监听端口: 8333
2025-12-30 11:15:40.787 [main] INFO  com.bit.solana.config.CommonConfig - Base58.encode(selfNodeId)44
2025-12-30 11:15:40.908 [main] INFO  c.b.solana.p2p.impl.PeerServiceImpl - QUIC服务器已启动，监听端口：8333
2025-12-30 11:15:40.909 [main] INFO  c.b.s.p2p.protocol.ProtocolRegistry - 注册有返回值协议处理器：/networkHandshake/1.0.0
2025-12-30 11:15:40.909 [main] INFO  c.b.s.p2p.protocol.ProtocolRegistry - 注册有返回值协议处理器：/ping/1.0.0
2025-12-30 11:15:40.910 [main] INFO  c.b.s.p2p.protocol.ProtocolRegistry - 注册有返回值协议处理器：/text/1.0.0
2025-12-30 11:15:41.133 [main] INFO  c.b.s.p.i.handle.QuicDataProcessor - Quic批量消费线程池初始化完成
2025-12-30 11:15:41.387 [main] INFO  o.s.b.w.e.tomcat.TomcatWebServer - Tomcat initialized with port 18884 (http)
2025-12-30 11:15:41.396 [main] INFO  o.a.coyote.http11.Http11NioProtocol - Initializing ProtocolHandler ["http-nio-18884"]
2025-12-30 11:15:41.397 [main] INFO  o.a.catalina.core.StandardService - Starting service [Tomcat]
2025-12-30 11:15:41.397 [main] INFO  o.a.catalina.core.StandardEngine - Starting Servlet engine: [Apache Tomcat/10.1.48]
2025-12-30 11:15:41.436 [main] INFO  o.a.c.c.C.[Tomcat].[localhost].[/] - Initializing Spring embedded WebApplicationContext
2025-12-30 11:15:41.436 [main] INFO  o.s.b.w.s.c.ServletWebServerApplicationContext - Root WebApplicationContext: initialization completed in 757 ms
2025-12-30 11:15:41.513 [main] INFO  c.b.s.txpool.impl.SubmitPoolImpl - SubmitPool initialized with 32 shards, max capacity: 1048576 txs, max size: 1073741824 bytes
2025-12-30 11:15:41.515 [main] INFO  c.b.s.txpool.impl.SubmitPoolImpl - Expired transaction cleanup scheduler initialized, interval: 400ms
2025-12-30 11:15:41.534 [main] INFO  com.bit.solana.config.SystemConfig - 端口8334
2025-12-30 11:15:41.534 [main] INFO  com.bit.solana.config.SystemConfig - 系统数据路径:/solana/devdb
2025-12-30 11:15:41.560 [main] INFO  o.a.coyote.http11.Http11NioProtocol - Starting ProtocolHandler ["http-nio-18333"]
2025-12-30 11:15:41.566 [main] INFO  o.s.b.w.e.tomcat.TomcatWebServer - Tomcat started on port 18333 (http) with context path '/'
2025-12-30 11:15:41.570 [main] INFO  c.b.s.rpc.RpcServiceAutoRegister - 开始自动扫描并注册RPC服务...
2025-12-30 11:15:41.631 [main] INFO  c.bit.solana.database.rocksDb.RTable - RTable静态初始化完成，加载列族数量：4
2025-12-30 11:15:41.646 [main] WARN  c.bit.solana.rpc.RpcServiceRegistry - 没有需要注册的RPC服务
2025-12-30 11:15:41.647 [main] INFO  c.b.s.rpc.RpcServiceAutoRegister - RPC服务自动注册完成 | 总数量: 0 | 已注册列表: []
2025-12-30 11:15:41.647 [main] INFO  com.bit.solana.SolanaApplication - Started SolanaApplication in 2.793 seconds (process running for 3.288)
2025-12-30 11:15:41.741 [main] INFO  org.bitcoinj.crypto.MnemonicCode - PBKDF2 took 25.47 ms
2025-12-30 11:15:41.758 [main] INFO  com.bit.solana.SolanaApplication - 预热耗时110ms
2025-12-30 11:15:41.783 [main] INFO  c.b.solana.database.rocksDb.RocksDb - RocksDB创建成功，路径: /solana/devdb，列族总数: 5
2025-12-30 11:15:41.807 [main] INFO  com.bit.solana.config.CommonConfig - 本地节点初始化完成，ID: BJfacYs27FRthbjxKaEHrJRbnd8kMyfSRReg7qunstkh, 监听端口: 8334
2025-12-30 11:15:41.807 [main] INFO  com.bit.solana.config.CommonConfig - Base58.encode(selfNodeId)44
2025-12-30 11:15:41.921 [main] INFO  c.b.solana.p2p.impl.PeerServiceImpl - QUIC服务器已启动，监听端口：8334
2025-12-30 11:15:41.922 [main] INFO  c.b.s.p2p.protocol.ProtocolRegistry - 注册有返回值协议处理器：/networkHandshake/1.0.0
2025-12-30 11:15:41.923 [main] INFO  c.b.s.p2p.protocol.ProtocolRegistry - 注册有返回值协议处理器：/ping/1.0.0
2025-12-30 11:15:41.923 [main] INFO  c.b.s.p2p.protocol.ProtocolRegistry - 注册有返回值协议处理器：/text/1.0.0
2025-12-30 11:15:42.104 [main] INFO  c.b.s.p.i.handle.QuicDataProcessor - Quic批量消费线程池初始化完成
2025-12-30 11:15:42.485 [main] INFO  o.a.coyote.http11.Http11NioProtocol - Starting ProtocolHandler ["http-nio-18884"]
2025-12-30 11:15:42.502 [main] INFO  o.s.b.w.e.tomcat.TomcatWebServer - Tomcat started on port 18884 (http) with context path '/'
2025-12-30 11:15:42.507 [main] INFO  c.b.s.rpc.RpcServiceAutoRegister - 开始自动扫描并注册RPC服务...
2025-12-30 11:15:42.580 [main] WARN  c.bit.solana.rpc.RpcServiceRegistry - 没有需要注册的RPC服务
2025-12-30 11:15:42.580 [main] INFO  c.b.s.rpc.RpcServiceAutoRegister - RPC服务自动注册完成 | 总数量: 0 | 已注册列表: []
2025-12-30 11:15:42.580 [main] INFO  com.bit.solana.SolanaApplication - Started SolanaApplication in 2.385 seconds (process running for 2.992)
2025-12-30 11:15:42.674 [main] INFO  org.bitcoinj.crypto.MnemonicCode - PBKDF2 took 28.26 ms
2025-12-30 11:15:42.687 [main] INFO  com.bit.solana.SolanaApplication - 预热耗时105ms
2025-12-30 11:15:52.188 [http-nio-18333-exec-2] INFO  o.a.c.c.C.[Tomcat].[localhost].[/] - Initializing Spring DispatcherServlet 'dispatcherServlet'
2025-12-30 11:15:52.188 [http-nio-18333-exec-2] INFO  o.s.web.servlet.DispatcherServlet - Initializing Servlet 'dispatcherServlet'
2025-12-30 11:15:52.189 [http-nio-18333-exec-2] INFO  o.s.web.servlet.DispatcherServlet - Completed initialization in 1 ms
2025-12-30 11:15:52.211 [http-nio-18333-exec-2] INFO  c.b.s.p2p.quic.QuicConnectionManager - 节点IDBJfacYs27FRthbjxKaEHrJRbnd8kMyfSRReg7qunstkh
2025-12-30 11:15:52.215 [http-nio-18333-exec-2] INFO  c.b.s.p2p.quic.QuicConnectionManager - 握手长度！68
2025-12-30 11:15:52.245 [udp-io-thread-1-1] INFO  c.bit.solana.p2p.quic.QuicConnection - 入站连接过期检查任务启动，连接ID:131596087558406144，检查间隔:2000ms，过期阈值:2000ms
2025-12-30 11:15:52.245 [udp-io-thread-1-1] INFO  c.b.s.p2p.quic.QuicConnectionManager - [连接添加] 连接ID:131596087558406144
2025-12-30 11:15:52.249 [udp-io-thread-1-1] INFO  c.bit.solana.p2p.quic.QuicConnection - 共享加密密钥对sharedSecret: 706fc4e699a536d6ea31aa2f194e07424ee5100a510d665e3e867d32314c794d
2025-12-30 11:15:52.250 [udp-io-thread-1-1] INFO  c.bit.solana.p2p.quic.QuicConnection - [连接响应发送成功] 节点ID:131596087558406144
2025-12-30 11:15:52.256 [udp-io-thread-1-1] INFO  c.bit.solana.p2p.quic.QuicConnection - 入站连接过期检查任务启动，连接ID:131596087558406144，检查间隔:2000ms，过期阈值:2000ms
2025-12-30 11:15:52.256 [udp-io-thread-1-1] INFO  c.b.s.p2p.quic.QuicConnectionManager - [连接添加] 连接ID:131596087558406144
2025-12-30 11:15:52.256 [udp-io-thread-1-1] INFO  c.bit.solana.p2p.quic.QuicConnection - 处理连接响应QuicFrame(connectionId=131596087558406144, dataId=131596087558406145, total=1, frameType=8, sequence=0, frameTotalLength=97, payload=[26, 32, -103, 27, 93, 114, -18, 34, -9, 29, 53, 54, 12, -37, 119, 125, -108, -5, -98, 67, -14, -72, 104, 106, -125, -70, -22, -68, 76, 25, 40, -94, -104, 50, 58, 32, 13, -84, 109, -9, 47, 112, 64, 121, 108, 127, 93, 56, 83, 62, -71, -122, -48, -23, 27, 14, -17, 108, -1, -27, 100, -17, -66, 118, 21, 20, -28, 52], remoteAddress=/127.0.0.1:8334, time=0, handle=io.netty.util.Recycler$DefaultHandle@17d13bd9)
2025-12-30 11:15:52.261 [http-nio-18333-exec-2] INFO  c.b.s.p2p.quic.QuicConnectionManager - 响应帧QuicFrame(connectionId=131596087558406144, dataId=131596087558406145, total=1, frameType=8, sequence=0, frameTotalLength=97, payload=[26, 32, -103, 27, 93, 114, -18, 34, -9, 29, 53, 54, 12, -37, 119, 125, -108, -5, -98, 67, -14, -72, 104, 106, -125, -70, -22, -68, 76, 25, 40, -94, -104, 50, 58, 32, 13, -84, 109, -9, 47, 112, 64, 121, 108, 127, 93, 56, 83, 62, -71, -122, -48, -23, 27, 14, -17, 108, -1, -27, 100, -17, -66, 118, 21, 20, -28, 52], remoteAddress=/127.0.0.1:8334, time=0, handle=io.netty.util.Recycler$DefaultHandle@17d13bd9)
2025-12-30 11:15:52.262 [http-nio-18333-exec-2] INFO  c.b.s.p2p.quic.QuicConnectionManager - 生成助记词耗时1ms
2025-12-30 11:15:52.263 [http-nio-18333-exec-2] INFO  c.b.s.p2p.quic.QuicConnectionManager - 协商共享密钥是:706fc4e699a536d6ea31aa2f194e07424ee5100a510d665e3e867d32314c794d
2025-12-30 11:15:52.264 [http-nio-18333-exec-2] INFO  c.bit.solana.p2p.quic.QuicConnection - 连接任务已停止，连接ID:131596087558406144（出站:false）
2025-12-30 11:15:52.264 [http-nio-18333-exec-2] INFO  c.bit.solana.p2p.quic.QuicConnection - 出站连接心跳任务启动，连接ID:131596087558406144，心跳间隔:500ms，过期阈值:2000ms
2025-12-30 11:15:52.264 [http-nio-18333-exec-2] INFO  c.b.s.p2p.quic.QuicConnectionManager - [连接添加] 连接ID:131596087558406144
2025-12-30 11:15:54.152 [http-nio-18333-exec-3] INFO  com.bit.solana.p2p.impl.PeerClient - 节点IDBJfacYs27FRthbjxKaEHrJRbnd8kMyfSRReg7qunstkh
2025-12-30 11:15:54.153 [http-nio-18333-exec-3] INFO  c.bit.solana.p2p.quic.SendQuicData - [开始发送] 连接ID:131596087558406144 数据ID:131596095699550208 总帧数:2
2025-12-30 11:15:54.157 [udp-io-thread-1-1] INFO  c.b.solana.p2p.quic.ReceiveQuicData - [初始化数据] 连接ID:131596087558406144 数据ID:131596095699550208 总帧数:2
2025-12-30 11:15:54.158 [http-nio-18333-exec-3] INFO  c.bit.solana.p2p.quic.SendQuicData - [重传定时器启动] 连接ID:131596087558406144 数据ID:131596095699550208 首次重传延迟:500ms 后续重传间隔:20ms
2025-12-30 11:15:54.159 [udp-io-thread-1-1] INFO  c.b.solana.p2p.quic.ReceiveQuicData - 所有帧接收完成
2025-12-30 11:15:54.159 [udp-io-thread-1-1] INFO  c.b.solana.p2p.quic.ReceiveQuicData - 完整数据长度1480 数据ID131596095699550208
2025-12-30 11:15:54.159 [udp-io-thread-1-1] INFO  c.bit.solana.p2p.quic.SendQuicData - [所有帧通过批量ACK确认] 连接ID:131596087558406144 数据ID:131596095699550208 传输完成
2025-12-30 11:15:54.159 [udp-io-thread-1-1] INFO  c.bit.solana.p2p.quic.SendQuicData - 数据发送完毕
2025-12-30 11:15:54.159 [udp-io-thread-1-1] INFO  c.bit.solana.p2p.quic.SendQuicData - 全部样本的平均时间0.0
2025-12-30 11:15:54.159 [udp-io-thread-1-1] INFO  c.bit.solana.p2p.quic.SendQuicData - 预测6.33418E7
2025-12-30 11:15:54.161 [quic-consumer-1767064542104] INFO  c.b.s.p.i.handle.QuicDataProcessor - 收到请求: P2PMessage{senderId=74sDMeR9Hq9aJTniBTPxs4b53NdG647rsspgfUF2EiMF, messageId=019b6d414aa572e9a067d6778c0ed1ca, requestId=019b6d414aa572e9a067d6778c0ed1ca, reqResFlag=0, type=5, length=1400, version=1}
2025-12-30 11:15:54.163 [quic-consumer-1767064542104] INFO  c.b.s.p2p.protocol.impl.TextHandler - 数据长度1400
2025-12-30 11:15:54.166 [quic-consumer-1767064542104] INFO  c.bit.solana.p2p.quic.SendQuicData - [开始发送] 连接ID:131596087558406144 数据ID:131596095754076160 总帧数:1
2025-12-30 11:15:54.171 [udp-io-thread-1-1] INFO  c.b.solana.p2p.quic.ReceiveQuicData - [初始化数据] 连接ID:131596087558406144 数据ID:131596095754076160 总帧数:1
2025-12-30 11:15:54.171 [quic-consumer-1767064542104] INFO  c.bit.solana.p2p.quic.SendQuicData - [重传定时器启动] 连接ID:131596087558406144 数据ID:131596095754076160 首次重传延迟:500ms 后续重传间隔:20ms
2025-12-30 11:15:54.171 [quic-consumer-1767064542104] INFO  c.b.s.p.i.handle.QuicDataProcessor - 本次批量处理完成，共处理1条消息
2025-12-30 11:15:54.171 [udp-io-thread-1-1] INFO  c.b.solana.p2p.quic.ReceiveQuicData - 所有帧接收完成
2025-12-30 11:15:54.171 [udp-io-thread-1-1] INFO  c.b.solana.p2p.quic.ReceiveQuicData - 完整数据长度101 数据ID131596095754076160
2025-12-30 11:15:54.172 [udp-io-thread-1-1] INFO  c.bit.solana.p2p.quic.SendQuicData - [所有帧通过批量ACK确认] 连接ID:131596087558406144 数据ID:131596095754076160 传输完成
2025-12-30 11:15:54.172 [udp-io-thread-1-1] INFO  c.bit.solana.p2p.quic.SendQuicData - 数据发送完毕
2025-12-30 11:15:54.172 [udp-io-thread-1-1] INFO  c.bit.solana.p2p.quic.SendQuicData - 全部样本的平均时间0.0
2025-12-30 11:15:54.172 [udp-io-thread-1-1] INFO  c.bit.solana.p2p.quic.SendQuicData - 预测1.0672E7
2025-12-30 11:15:54.172 [quic-consumer-1767064541133] INFO  c.b.s.p.i.handle.QuicDataProcessor - 收到响应: P2PMessage{senderId=BJfacYs27FRthbjxKaEHrJRbnd8kMyfSRReg7qunstkh, messageId=019b6d414ab571d9887bb7ca3a4f84b2, requestId=019b6d414aa572e9a067d6778c0ed1ca, reqResFlag=1, type=5, length=21, version=1}
2025-12-30 11:15:54.174 [quic-consumer-1767064541133] INFO  c.b.s.p.i.handle.QuicDataProcessor - 本次批量处理完成，共处理1条消息
2025-12-30 11:15:54.174 [http-nio-18333-exec-3] INFO  com.bit.solana.api.mock.MockApi - 节点回复：我已经收到回复
2025-12-30 11:15:55.228 [http-nio-18333-exec-4] INFO  com.bit.solana.p2p.impl.PeerClient - 节点IDBJfacYs27FRthbjxKaEHrJRbnd8kMyfSRReg7qunstkh
2025-12-30 11:15:55.228 [http-nio-18333-exec-4] INFO  c.bit.solana.p2p.quic.SendQuicData - [开始发送] 连接ID:131596087558406144 数据ID:131596100212621312 总帧数:2
2025-12-30 11:15:55.231 [http-nio-18333-exec-4] INFO  c.bit.solana.p2p.quic.SendQuicData - [重传定时器启动] 连接ID:131596087558406144 数据ID:131596100212621312 首次重传延迟:500ms 后续重传间隔:20ms
2025-12-30 11:15:55.232 [udp-io-thread-1-1] INFO  c.b.solana.p2p.quic.ReceiveQuicData - [初始化数据] 连接ID:131596087558406144 数据ID:131596100212621312 总帧数:2
2025-12-30 11:15:55.233 [udp-io-thread-1-1] INFO  c.b.solana.p2p.quic.ReceiveQuicData - 所有帧接收完成
2025-12-30 11:15:55.233 [udp-io-thread-1-1] INFO  c.b.solana.p2p.quic.ReceiveQuicData - 完整数据长度1480 数据ID131596100212621312
2025-12-30 11:15:55.233 [udp-io-thread-1-1] INFO  c.bit.solana.p2p.quic.SendQuicData - [所有帧通过批量ACK确认] 连接ID:131596087558406144 数据ID:131596100212621312 传输完成
2025-12-30 11:15:55.233 [udp-io-thread-1-1] INFO  c.bit.solana.p2p.quic.SendQuicData - 数据发送完毕
2025-12-30 11:15:55.233 [udp-io-thread-1-1] INFO  c.bit.solana.p2p.quic.SendQuicData - 全部样本的平均时间0.0
2025-12-30 11:15:55.233 [udp-io-thread-1-1] INFO  c.bit.solana.p2p.quic.SendQuicData - 预测5.632235E7
2025-12-30 11:15:55.233 [quic-consumer-1767064542104] INFO  c.b.s.p.i.handle.QuicDataProcessor - 收到请求: P2PMessage{senderId=74sDMeR9Hq9aJTniBTPxs4b53NdG647rsspgfUF2EiMF, messageId=019b6d414edc78a88cb547d14151ba9c, requestId=019b6d414edc78a88cb547d14151ba9c, reqResFlag=0, type=5, length=1400, version=1}
2025-12-30 11:15:55.233 [quic-consumer-1767064542104] INFO  c.b.s.p2p.protocol.impl.TextHandler - 数据长度1400
2025-12-30 11:15:55.233 [quic-consumer-1767064542104] INFO  c.bit.solana.p2p.quic.SendQuicData - [开始发送] 连接ID:131596087558406144 数据ID:131596100233592832 总帧数:1
2025-12-30 11:15:55.233 [quic-consumer-1767064542104] INFO  c.bit.solana.p2p.quic.SendQuicData - [重传定时器启动] 连接ID:131596087558406144 数据ID:131596100233592832 首次重传延迟:500ms 后续重传间隔:20ms
2025-12-30 11:15:55.233 [quic-consumer-1767064542104] INFO  c.b.s.p.i.handle.QuicDataProcessor - 本次批量处理完成，共处理1条消息
2025-12-30 11:15:55.234 [udp-io-thread-1-1] INFO  c.b.solana.p2p.quic.ReceiveQuicData - [初始化数据] 连接ID:131596087558406144 数据ID:131596100233592832 总帧数:1
2025-12-30 11:15:55.234 [udp-io-thread-1-1] INFO  c.b.solana.p2p.quic.ReceiveQuicData - 所有帧接收完成
2025-12-30 11:15:55.234 [udp-io-thread-1-1] INFO  c.b.solana.p2p.quic.ReceiveQuicData - 完整数据长度101 数据ID131596100233592832
2025-12-30 11:15:55.234 [udp-io-thread-1-1] INFO  c.bit.solana.p2p.quic.SendQuicData - [所有帧通过批量ACK确认] 连接ID:131596087558406144 数据ID:131596100233592832 传输完成
2025-12-30 11:15:55.234 [udp-io-thread-1-1] INFO  c.bit.solana.p2p.quic.SendQuicData - 数据发送完毕
2025-12-30 11:15:55.234 [udp-io-thread-1-1] INFO  c.bit.solana.p2p.quic.SendQuicData - 全部样本的平均时间0.0
2025-12-30 11:15:55.234 [udp-io-thread-1-1] INFO  c.bit.solana.p2p.quic.SendQuicData - 预测2.21444E7
2025-12-30 11:15:55.234 [quic-consumer-1767064541133] INFO  c.b.s.p.i.handle.QuicDataProcessor - 收到响应: P2PMessage{senderId=BJfacYs27FRthbjxKaEHrJRbnd8kMyfSRReg7qunstkh, messageId=019b6d414ee172b5a4d77aa5c2d1e02b, requestId=019b6d414edc78a88cb547d14151ba9c, reqResFlag=1, type=5, length=21, version=1}
2025-12-30 11:15:55.235 [quic-consumer-1767064541133] INFO  c.b.s.p.i.handle.QuicDataProcessor - 本次批量处理完成，共处理1条消息
2025-12-30 11:15:55.235 [http-nio-18333-exec-4] INFO  com.bit.solana.api.mock.MockApi - 节点回复：我已经收到回复
2025-12-30 11:15:56.616 [http-nio-18333-exec-8] INFO  com.bit.solana.p2p.impl.PeerClient - 节点IDBJfacYs27FRthbjxKaEHrJRbnd8kMyfSRReg7qunstkh
2025-12-30 11:15:56.617 [http-nio-18333-exec-8] INFO  c.bit.solana.p2p.quic.SendQuicData - [开始发送] 连接ID:131596087558406144 数据ID:131596106034315264 总帧数:2
2025-12-30 11:15:56.620 [http-nio-18333-exec-8] INFO  c.bit.solana.p2p.quic.SendQuicData - [重传定时器启动] 连接ID:131596087558406144 数据ID:131596106034315264 首次重传延迟:500ms 后续重传间隔:20ms
2025-12-30 11:15:56.620 [udp-io-thread-1-1] INFO  c.b.solana.p2p.quic.ReceiveQuicData - [初始化数据] 连接ID:131596087558406144 数据ID:131596106034315264 总帧数:2
2025-12-30 11:15:56.621 [udp-io-thread-1-1] INFO  c.b.solana.p2p.quic.ReceiveQuicData - 所有帧接收完成
2025-12-30 11:15:56.621 [udp-io-thread-1-1] INFO  c.b.solana.p2p.quic.ReceiveQuicData - 完整数据长度1480 数据ID131596106034315264
2025-12-30 11:15:56.621 [udp-io-thread-1-1] INFO  c.bit.solana.p2p.quic.SendQuicData - [所有帧通过批量ACK确认] 连接ID:131596087558406144 数据ID:131596106034315264 传输完成
2025-12-30 11:15:56.621 [udp-io-thread-1-1] INFO  c.bit.solana.p2p.quic.SendQuicData - 数据发送完毕
2025-12-30 11:15:56.621 [udp-io-thread-1-1] INFO  c.bit.solana.p2p.quic.SendQuicData - 全部样本的平均时间0.0
2025-12-30 11:15:56.621 [udp-io-thread-1-1] INFO  c.bit.solana.p2p.quic.SendQuicData - 预测5.4172E7
2025-12-30 11:15:56.621 [quic-consumer-1767064542104] INFO  c.b.s.p.i.handle.QuicDataProcessor - 收到请求: P2PMessage{senderId=74sDMeR9Hq9aJTniBTPxs4b53NdG647rsspgfUF2EiMF, messageId=019b6d41544874a882fd605ebd307a63, requestId=019b6d41544874a882fd605ebd307a63, reqResFlag=0, type=5, length=1400, version=1}
2025-12-30 11:15:56.622 [quic-consumer-1767064542104] INFO  c.b.s.p2p.protocol.impl.TextHandler - 数据长度1400
2025-12-30 11:15:56.622 [quic-consumer-1767064542104] INFO  c.bit.solana.p2p.quic.SendQuicData - [开始发送] 连接ID:131596087558406144 数据ID:131596106059481088 总帧数:1
2025-12-30 11:15:56.622 [quic-consumer-1767064542104] INFO  c.bit.solana.p2p.quic.SendQuicData - [重传定时器启动] 连接ID:131596087558406144 数据ID:131596106059481088 首次重传延迟:500ms 后续重传间隔:20ms
2025-12-30 11:15:56.622 [quic-consumer-1767064542104] INFO  c.b.s.p.i.handle.QuicDataProcessor - 本次批量处理完成，共处理1条消息
2025-12-30 11:15:56.623 [udp-io-thread-1-1] INFO  c.b.solana.p2p.quic.ReceiveQuicData - [初始化数据] 连接ID:131596087558406144 数据ID:131596106059481088 总帧数:1
2025-12-30 11:15:56.623 [udp-io-thread-1-1] INFO  c.b.solana.p2p.quic.ReceiveQuicData - 所有帧接收完成
2025-12-30 11:15:56.623 [udp-io-thread-1-1] INFO  c.b.solana.p2p.quic.ReceiveQuicData - 完整数据长度101 数据ID131596106059481088
2025-12-30 11:15:56.623 [udp-io-thread-1-1] INFO  c.bit.solana.p2p.quic.SendQuicData - [所有帧通过批量ACK确认] 连接ID:131596087558406144 数据ID:131596106059481088 传输完成
2025-12-30 11:15:56.623 [udp-io-thread-1-1] INFO  c.bit.solana.p2p.quic.SendQuicData - 数据发送完毕
2025-12-30 11:15:56.623 [udp-io-thread-1-1] INFO  c.bit.solana.p2p.quic.SendQuicData - 全部样本的平均时间0.0
2025-12-30 11:15:56.624 [udp-io-thread-1-1] INFO  c.bit.solana.p2p.quic.SendQuicData - 预测3.1613866666666664E7
2025-12-30 11:15:56.623 [quic-consumer-1767064541133] INFO  c.b.s.p.i.handle.QuicDataProcessor - 收到响应: P2PMessage{senderId=BJfacYs27FRthbjxKaEHrJRbnd8kMyfSRReg7qunstkh, messageId=019b6d41544e7a42af83e8f9a870681c, requestId=019b6d41544874a882fd605ebd307a63, reqResFlag=1, type=5, length=21, version=1}
2025-12-30 11:15:56.624 [quic-consumer-1767064541133] INFO  c.b.s.p.i.handle.QuicDataProcessor - 本次批量处理完成，共处理1条消息
2025-12-30 11:15:56.624 [http-nio-18333-exec-8] INFO  com.bit.solana.api.mock.MockApi - 节点回复：我已经收到回复
2025-12-30 11:15:58.181 [http-nio-18333-exec-7] INFO  com.bit.solana.p2p.impl.PeerClient - 节点IDBJfacYs27FRthbjxKaEHrJRbnd8kMyfSRReg7qunstkh
2025-12-30 11:15:58.181 [http-nio-18333-exec-7] INFO  c.bit.solana.p2p.quic.SendQuicData - [开始发送] 连接ID:131596087558406144 数据ID:131596112598401024 总帧数:2
2025-12-30 11:15:58.186 [http-nio-18333-exec-7] INFO  c.bit.solana.p2p.quic.SendQuicData - [重传定时器启动] 连接ID:131596087558406144 数据ID:131596112598401024 首次重传延迟:500ms 后续重传间隔:20ms
2025-12-30 11:15:58.186 [udp-io-thread-1-1] INFO  c.b.solana.p2p.quic.ReceiveQuicData - [初始化数据] 连接ID:131596087558406144 数据ID:131596112598401024 总帧数:2
2025-12-30 11:15:58.186 [udp-io-thread-1-1] INFO  c.b.solana.p2p.quic.ReceiveQuicData - 所有帧接收完成
2025-12-30 11:15:58.186 [udp-io-thread-1-1] INFO  c.b.solana.p2p.quic.ReceiveQuicData - 完整数据长度1480 数据ID131596112598401024
2025-12-30 11:15:58.186 [udp-io-thread-1-1] INFO  c.bit.solana.p2p.quic.SendQuicData - [所有帧通过批量ACK确认] 连接ID:131596087558406144 数据ID:131596112598401024 传输完成
2025-12-30 11:15:58.187 [udp-io-thread-1-1] INFO  c.bit.solana.p2p.quic.SendQuicData - 数据发送完毕
2025-12-30 11:15:58.187 [udp-io-thread-1-1] INFO  c.bit.solana.p2p.quic.SendQuicData - 全部样本的平均时间0.0
2025-12-30 11:15:58.187 [udp-io-thread-1-1] INFO  c.bit.solana.p2p.quic.SendQuicData - 预测4.99177E7
2025-12-30 11:15:58.187 [quic-consumer-1767064542104] INFO  c.b.s.p.i.handle.QuicDataProcessor - 收到请求: P2PMessage{senderId=74sDMeR9Hq9aJTniBTPxs4b53NdG647rsspgfUF2EiMF, messageId=019b6d415a657f67b94db60fa0312ebe, requestId=019b6d415a657f67b94db60fa0312ebe, reqResFlag=0, type=5, length=1400, version=1}
2025-12-30 11:15:58.187 [quic-consumer-1767064542104] INFO  c.b.s.p2p.protocol.impl.TextHandler - 数据长度1400
2025-12-30 11:15:58.187 [quic-consumer-1767064542104] INFO  c.bit.solana.p2p.quic.SendQuicData - [开始发送] 连接ID:131596087558406144 数据ID:131596112623566848 总帧数:1
2025-12-30 11:15:58.187 [quic-consumer-1767064542104] INFO  c.bit.solana.p2p.quic.SendQuicData - [重传定时器启动] 连接ID:131596087558406144 数据ID:131596112623566848 首次重传延迟:500ms 后续重传间隔:20ms
2025-12-30 11:15:58.187 [quic-consumer-1767064542104] INFO  c.b.s.p.i.handle.QuicDataProcessor - 本次批量处理完成，共处理1条消息
2025-12-30 11:15:58.187 [udp-io-thread-1-1] INFO  c.b.solana.p2p.quic.ReceiveQuicData - [初始化数据] 连接ID:131596087558406144 数据ID:131596112623566848 总帧数:1
2025-12-30 11:15:58.187 [udp-io-thread-1-1] INFO  c.b.solana.p2p.quic.ReceiveQuicData - 所有帧接收完成
2025-12-30 11:15:58.187 [udp-io-thread-1-1] INFO  c.b.solana.p2p.quic.ReceiveQuicData - 完整数据长度101 数据ID131596112623566848
2025-12-30 11:15:58.187 [udp-io-thread-1-1] INFO  c.bit.solana.p2p.quic.SendQuicData - [所有帧通过批量ACK确认] 连接ID:131596087558406144 数据ID:131596112623566848 传输完成
2025-12-30 11:15:58.187 [udp-io-thread-1-1] INFO  c.bit.solana.p2p.quic.SendQuicData - 数据发送完毕
2025-12-30 11:15:58.187 [udp-io-thread-1-1] INFO  c.bit.solana.p2p.quic.SendQuicData - 全部样本的平均时间0.0
2025-12-30 11:15:58.187 [udp-io-thread-1-1] INFO  c.bit.solana.p2p.quic.SendQuicData - 预测3.02557E7
2025-12-30 11:15:58.187 [quic-consumer-1767064541133] INFO  c.b.s.p.i.handle.QuicDataProcessor - 收到响应: P2PMessage{senderId=BJfacYs27FRthbjxKaEHrJRbnd8kMyfSRReg7qunstkh, messageId=019b6d415a6b792eae5b48b89d3f1c37, requestId=019b6d415a657f67b94db60fa0312ebe, reqResFlag=1, type=5, length=21, version=1}
2025-12-30 11:15:58.187 [quic-consumer-1767064541133] INFO  c.b.s.p.i.handle.QuicDataProcessor - 本次批量处理完成，共处理1条消息
2025-12-30 11:15:58.187 [http-nio-18333-exec-7] INFO  com.bit.solana.api.mock.MockApi - 节点回复：我已经收到回复
2025-12-30 11:16:02.229 [http-nio-18333-exec-6] INFO  com.bit.solana.p2p.impl.PeerClient - 节点IDBJfacYs27FRthbjxKaEHrJRbnd8kMyfSRReg7qunstkh
2025-12-30 11:16:02.230 [http-nio-18333-exec-6] INFO  c.bit.solana.p2p.quic.SendQuicData - [开始发送] 连接ID:131596087558406144 数据ID:131596129576943616 总帧数:2
2025-12-30 11:16:02.234 [udp-io-thread-1-1] INFO  c.b.solana.p2p.quic.ReceiveQuicData - [初始化数据] 连接ID:131596087558406144 数据ID:131596129576943616 总帧数:2
2025-12-30 11:16:02.234 [http-nio-18333-exec-6] INFO  c.bit.solana.p2p.quic.SendQuicData - [重传定时器启动] 连接ID:131596087558406144 数据ID:131596129576943616 首次重传延迟:500ms 后续重传间隔:20ms
2025-12-30 11:16:02.234 [udp-io-thread-1-1] INFO  c.b.solana.p2p.quic.ReceiveQuicData - 所有帧接收完成
2025-12-30 11:16:02.234 [udp-io-thread-1-1] INFO  c.b.solana.p2p.quic.ReceiveQuicData - 完整数据长度1480 数据ID131596129576943616
2025-12-30 11:16:02.234 [udp-io-thread-1-1] INFO  c.bit.solana.p2p.quic.SendQuicData - [所有帧通过批量ACK确认] 连接ID:131596087558406144 数据ID:131596129576943616 传输完成
2025-12-30 11:16:02.234 [udp-io-thread-1-1] INFO  c.bit.solana.p2p.quic.SendQuicData - 数据发送完毕
2025-12-30 11:16:02.234 [udp-io-thread-1-1] INFO  c.bit.solana.p2p.quic.SendQuicData - 全部样本的平均时间0.0
2025-12-30 11:16:02.234 [udp-io-thread-1-1] INFO  c.bit.solana.p2p.quic.SendQuicData - 预测4.612102E7
2025-12-30 11:16:02.234 [quic-consumer-1767064542104] INFO  c.b.s.p.i.handle.QuicDataProcessor - 收到请求: P2PMessage{senderId=74sDMeR9Hq9aJTniBTPxs4b53NdG647rsspgfUF2EiMF, messageId=019b6d416a357478b0751a05731a4364, requestId=019b6d416a357478b0751a05731a4364, reqResFlag=0, type=5, length=1400, version=1}
2025-12-30 11:16:02.234 [quic-consumer-1767064542104] INFO  c.b.s.p2p.protocol.impl.TextHandler - 数据长度1400
2025-12-30 11:16:02.236 [quic-consumer-1767064542104] INFO  c.bit.solana.p2p.quic.SendQuicData - [开始发送] 连接ID:131596087558406144 数据ID:131596129597915136 总帧数:1
2025-12-30 11:16:02.236 [quic-consumer-1767064542104] INFO  c.bit.solana.p2p.quic.SendQuicData - [重传定时器启动] 连接ID:131596087558406144 数据ID:131596129597915136 首次重传延迟:500ms 后续重传间隔:20ms
2025-12-30 11:16:02.236 [quic-consumer-1767064542104] INFO  c.b.s.p.i.handle.QuicDataProcessor - 本次批量处理完成，共处理1条消息
2025-12-30 11:16:02.236 [udp-io-thread-1-1] INFO  c.b.solana.p2p.quic.ReceiveQuicData - [初始化数据] 连接ID:131596087558406144 数据ID:131596129597915136 总帧数:1
2025-12-30 11:16:02.236 [udp-io-thread-1-1] INFO  c.b.solana.p2p.quic.ReceiveQuicData - 所有帧接收完成
2025-12-30 11:16:02.237 [udp-io-thread-1-1] INFO  c.b.solana.p2p.quic.ReceiveQuicData - 完整数据长度101 数据ID131596129597915136
2025-12-30 11:16:02.237 [udp-io-thread-1-1] INFO  c.bit.solana.p2p.quic.SendQuicData - [所有帧通过批量ACK确认] 连接ID:131596087558406144 数据ID:131596129597915136 传输完成
2025-12-30 11:16:02.237 [udp-io-thread-1-1] INFO  c.bit.solana.p2p.quic.SendQuicData - 数据发送完毕
2025-12-30 11:16:02.237 [quic-consumer-1767064541133] INFO  c.b.s.p.i.handle.QuicDataProcessor - 收到响应: P2PMessage{senderId=BJfacYs27FRthbjxKaEHrJRbnd8kMyfSRReg7qunstkh, messageId=019b6d416a3a7382b160dcb61189ddba, requestId=019b6d416a357478b0751a05731a4364, reqResFlag=1, type=5, length=21, version=1}
2025-12-30 11:16:02.237 [udp-io-thread-1-1] INFO  c.bit.solana.p2p.quic.SendQuicData - 全部样本的平均时间0.0
2025-12-30 11:16:02.237 [udp-io-thread-1-1] INFO  c.bit.solana.p2p.quic.SendQuicData - 预测3.412604E7
2025-12-30 11:16:02.237 [quic-consumer-1767064541133] INFO  c.b.s.p.i.handle.QuicDataProcessor - 本次批量处理完成，共处理1条消息
2025-12-30 11:16:02.237 [http-nio-18333-exec-6] INFO  com.bit.solana.api.mock.MockApi - 节点回复：我已经收到回复
2025-12-30 11:16:03.327 [http-nio-18333-exec-9] INFO  com.bit.solana.p2p.impl.PeerClient - 节点IDBJfacYs27FRthbjxKaEHrJRbnd8kMyfSRReg7qunstkh
2025-12-30 11:16:03.327 [http-nio-18333-exec-9] INFO  c.bit.solana.p2p.quic.SendQuicData - [开始发送] 连接ID:131596087558406144 数据ID:131596134182289408 总帧数:2
2025-12-30 11:16:03.330 [http-nio-18333-exec-9] INFO  c.bit.solana.p2p.quic.SendQuicData - [重传定时器启动] 连接ID:131596087558406144 数据ID:131596134182289408 首次重传延迟:500ms 后续重传间隔:20ms
2025-12-30 11:16:03.330 [udp-io-thread-1-1] INFO  c.b.solana.p2p.quic.ReceiveQuicData - [初始化数据] 连接ID:131596087558406144 数据ID:131596134182289408 总帧数:2
2025-12-30 11:16:03.331 [udp-io-thread-1-1] INFO  c.b.solana.p2p.quic.ReceiveQuicData - 所有帧接收完成
2025-12-30 11:16:03.331 [udp-io-thread-1-1] INFO  c.b.solana.p2p.quic.ReceiveQuicData - 完整数据长度1480 数据ID131596134182289408
2025-12-30 11:16:03.331 [udp-io-thread-1-1] INFO  c.bit.solana.p2p.quic.SendQuicData - [所有帧通过批量ACK确认] 连接ID:131596087558406144 数据ID:131596134182289408 传输完成
2025-12-30 11:16:03.331 [udp-io-thread-1-1] INFO  c.bit.solana.p2p.quic.SendQuicData - 数据发送完毕
2025-12-30 11:16:03.331 [udp-io-thread-1-1] INFO  c.bit.solana.p2p.quic.SendQuicData - 全部样本的平均时间0.0
2025-12-30 11:16:03.331 [udp-io-thread-1-1] INFO  c.bit.solana.p2p.quic.SendQuicData - 预测4.51646E7
2025-12-30 11:16:03.331 [quic-consumer-1767064542104] INFO  c.b.s.p.i.handle.QuicDataProcessor - 收到请求: P2PMessage{senderId=74sDMeR9Hq9aJTniBTPxs4b53NdG647rsspgfUF2EiMF, messageId=019b6d416e7e713d952fcd8e47265bd4, requestId=019b6d416e7e713d952fcd8e47265bd4, reqResFlag=0, type=5, length=1400, version=1}
2025-12-30 11:16:03.331 [quic-consumer-1767064542104] INFO  c.b.s.p2p.protocol.impl.TextHandler - 数据长度1400
2025-12-30 11:16:03.331 [quic-consumer-1767064542104] INFO  c.bit.solana.p2p.quic.SendQuicData - [开始发送] 连接ID:131596087558406144 数据ID:131596134199066624 总帧数:1
2025-12-30 11:16:03.331 [quic-consumer-1767064542104] INFO  c.bit.solana.p2p.quic.SendQuicData - [重传定时器启动] 连接ID:131596087558406144 数据ID:131596134199066624 首次重传延迟:500ms 后续重传间隔:20ms
2025-12-30 11:16:03.332 [quic-consumer-1767064542104] INFO  c.b.s.p.i.handle.QuicDataProcessor - 本次批量处理完成，共处理1条消息
2025-12-30 11:16:03.332 [udp-io-thread-1-1] INFO  c.b.solana.p2p.quic.ReceiveQuicData - [初始化数据] 连接ID:131596087558406144 数据ID:131596134199066624 总帧数:1
2025-12-30 11:16:03.332 [udp-io-thread-1-1] INFO  c.b.solana.p2p.quic.ReceiveQuicData - 所有帧接收完成
2025-12-30 11:16:03.332 [udp-io-thread-1-1] INFO  c.b.solana.p2p.quic.ReceiveQuicData - 完整数据长度101 数据ID131596134199066624
2025-12-30 11:16:03.332 [udp-io-thread-1-1] INFO  c.bit.solana.p2p.quic.SendQuicData - [所有帧通过批量ACK确认] 连接ID:131596087558406144 数据ID:131596134199066624 传输完成
2025-12-30 11:16:03.332 [udp-io-thread-1-1] INFO  c.bit.solana.p2p.quic.SendQuicData - 数据发送完毕
2025-12-30 11:16:03.332 [udp-io-thread-1-1] INFO  c.bit.solana.p2p.quic.SendQuicData - 全部样本的平均时间0.0
2025-12-30 11:16:03.332 [quic-consumer-1767064541133] INFO  c.b.s.p.i.handle.QuicDataProcessor - 收到响应: P2PMessage{senderId=BJfacYs27FRthbjxKaEHrJRbnd8kMyfSRReg7qunstkh, messageId=019b6d416e837ec7ae7fcbdc07152bb8, requestId=019b6d416e7e713d952fcd8e47265bd4, reqResFlag=1, type=5, length=21, version=1}
2025-12-30 11:16:03.332 [udp-io-thread-1-1] INFO  c.bit.solana.p2p.quic.SendQuicData - 预测3.2748733333333336E7
2025-12-30 11:16:03.332 [quic-consumer-1767064541133] INFO  c.b.s.p.i.handle.QuicDataProcessor - 本次批量处理完成，共处理1条消息
2025-12-30 11:16:03.332 [http-nio-18333-exec-9] INFO  com.bit.solana.api.mock.MockApi - 节点回复：我已经收到回复
2025-12-30 11:16:04.312 [http-nio-18333-exec-5] INFO  com.bit.solana.p2p.impl.PeerClient - 节点IDBJfacYs27FRthbjxKaEHrJRbnd8kMyfSRReg7qunstkh
2025-12-30 11:16:04.312 [http-nio-18333-exec-5] INFO  c.bit.solana.p2p.quic.SendQuicData - [开始发送] 连接ID:131596087558406144 数据ID:131596138313678848 总帧数:2
2025-12-30 11:16:04.316 [udp-io-thread-1-1] INFO  c.b.solana.p2p.quic.ReceiveQuicData - [初始化数据] 连接ID:131596087558406144 数据ID:131596138313678848 总帧数:2
2025-12-30 11:16:04.316 [http-nio-18333-exec-5] INFO  c.bit.solana.p2p.quic.SendQuicData - [重传定时器启动] 连接ID:131596087558406144 数据ID:131596138313678848 首次重传延迟:500ms 后续重传间隔:20ms
2025-12-30 11:16:04.316 [udp-io-thread-1-1] INFO  c.b.solana.p2p.quic.ReceiveQuicData - 所有帧接收完成
2025-12-30 11:16:04.317 [udp-io-thread-1-1] INFO  c.b.solana.p2p.quic.ReceiveQuicData - 完整数据长度1480 数据ID131596138313678848
2025-12-30 11:16:04.317 [udp-io-thread-1-1] INFO  c.bit.solana.p2p.quic.SendQuicData - [所有帧通过批量ACK确认] 连接ID:131596087558406144 数据ID:131596138313678848 传输完成
2025-12-30 11:16:04.317 [udp-io-thread-1-1] INFO  c.bit.solana.p2p.quic.SendQuicData - 数据发送完毕
2025-12-30 11:16:04.317 [udp-io-thread-1-1] INFO  c.bit.solana.p2p.quic.SendQuicData - 全部样本的平均时间0.0
2025-12-30 11:16:04.317 [udp-io-thread-1-1] INFO  c.bit.solana.p2p.quic.SendQuicData - 预测4.40423E7
2025-12-30 11:16:04.317 [quic-consumer-1767064542104] INFO  c.b.s.p.i.handle.QuicDataProcessor - 收到请求: P2PMessage{senderId=74sDMeR9Hq9aJTniBTPxs4b53NdG647rsspgfUF2EiMF, messageId=019b6d4172587ef8aba34b4fb4c8a797, requestId=019b6d4172587ef8aba34b4fb4c8a797, reqResFlag=0, type=5, length=1400, version=1}
2025-12-30 11:16:04.317 [quic-consumer-1767064542104] INFO  c.b.s.p2p.protocol.impl.TextHandler - 数据长度1400
2025-12-30 11:16:04.317 [quic-consumer-1767064542104] INFO  c.bit.solana.p2p.quic.SendQuicData - [开始发送] 连接ID:131596087558406144 数据ID:131596138334650368 总帧数:1
2025-12-30 11:16:04.318 [quic-consumer-1767064542104] INFO  c.bit.solana.p2p.quic.SendQuicData - [重传定时器启动] 连接ID:131596087558406144 数据ID:131596138334650368 首次重传延迟:500ms 后续重传间隔:20ms
2025-12-30 11:16:04.318 [quic-consumer-1767064542104] INFO  c.b.s.p.i.handle.QuicDataProcessor - 本次批量处理完成，共处理1条消息
2025-12-30 11:16:04.318 [udp-io-thread-1-1] INFO  c.b.solana.p2p.quic.ReceiveQuicData - [初始化数据] 连接ID:131596087558406144 数据ID:131596138334650368 总帧数:1
2025-12-30 11:16:04.319 [udp-io-thread-1-1] INFO  c.b.solana.p2p.quic.ReceiveQuicData - 所有帧接收完成
2025-12-30 11:16:04.319 [udp-io-thread-1-1] INFO  c.b.solana.p2p.quic.ReceiveQuicData - 完整数据长度101 数据ID131596138334650368
2025-12-30 11:16:04.319 [udp-io-thread-1-1] INFO  c.bit.solana.p2p.quic.SendQuicData - [所有帧通过批量ACK确认] 连接ID:131596087558406144 数据ID:131596138334650368 传输完成
2025-12-30 11:16:04.319 [udp-io-thread-1-1] INFO  c.bit.solana.p2p.quic.SendQuicData - 数据发送完毕
2025-12-30 11:16:04.319 [quic-consumer-1767064541133] INFO  c.b.s.p.i.handle.QuicDataProcessor - 收到响应: P2PMessage{senderId=BJfacYs27FRthbjxKaEHrJRbnd8kMyfSRReg7qunstkh, messageId=019b6d41725d7851a19ddce307400c69, requestId=019b6d4172587ef8aba34b4fb4c8a797, reqResFlag=1, type=5, length=21, version=1}
2025-12-30 11:16:04.319 [udp-io-thread-1-1] INFO  c.bit.solana.p2p.quic.SendQuicData - 全部样本的平均时间0.0
2025-12-30 11:16:04.319 [udp-io-thread-1-1] INFO  c.bit.solana.p2p.quic.SendQuicData - 预测3.795188571428572E7
2025-12-30 11:16:04.319 [quic-consumer-1767064541133] INFO  c.b.s.p.i.handle.QuicDataProcessor - 本次批量处理完成，共处理1条消息
2025-12-30 11:16:04.319 [http-nio-18333-exec-5] INFO  com.bit.solana.api.mock.MockApi - 节点回复：我已经收到回复
2025-12-30 11:16:29.585 [http-nio-18333-exec-10] INFO  com.bit.solana.p2p.impl.PeerClient - 节点IDBJfacYs27FRthbjxKaEHrJRbnd8kMyfSRReg7qunstkh
2025-12-30 11:16:29.586 [http-nio-18333-exec-10] INFO  c.bit.solana.p2p.quic.SendQuicData - [开始发送] 连接ID:131596087558406144 数据ID:131596244320518144 总帧数:2
2025-12-30 11:16:29.590 [http-nio-18333-exec-10] INFO  c.bit.solana.p2p.quic.SendQuicData - [重传定时器启动] 连接ID:131596087558406144 数据ID:131596244320518144 首次重传延迟:500ms 后续重传间隔:20ms
2025-12-30 11:16:29.590 [udp-io-thread-1-1] INFO  c.b.solana.p2p.quic.ReceiveQuicData - [初始化数据] 连接ID:131596087558406144 数据ID:131596244320518144 总帧数:2
2025-12-30 11:16:29.590 [udp-io-thread-1-1] INFO  c.b.solana.p2p.quic.ReceiveQuicData - 所有帧接收完成
2025-12-30 11:16:29.590 [udp-io-thread-1-1] INFO  c.b.solana.p2p.quic.ReceiveQuicData - 完整数据长度1480 数据ID131596244320518144
2025-12-30 11:16:29.590 [udp-io-thread-1-1] INFO  c.bit.solana.p2p.quic.SendQuicData - [所有帧通过批量ACK确认] 连接ID:131596087558406144 数据ID:131596244320518144 传输完成
2025-12-30 11:16:29.590 [udp-io-thread-1-1] INFO  c.bit.solana.p2p.quic.SendQuicData - 数据发送完毕
2025-12-30 11:16:29.590 [quic-consumer-1767064542104] INFO  c.b.s.p.i.handle.QuicDataProcessor - 收到请求: P2PMessage{senderId=74sDMeR9Hq9aJTniBTPxs4b53NdG647rsspgfUF2EiMF, messageId=019b6d41d5117747b6948e5fecd1fbd3, requestId=019b6d41d5117747b6948e5fecd1fbd3, reqResFlag=0, type=5, length=1400, version=1}
2025-12-30 11:16:29.591 [quic-consumer-1767064542104] INFO  c.b.s.p2p.protocol.impl.TextHandler - 数据长度1400
2025-12-30 11:16:29.591 [quic-consumer-1767064542104] INFO  c.bit.solana.p2p.quic.SendQuicData - [开始发送] 连接ID:131596087558406144 数据ID:131596244341489664 总帧数:1
2025-12-30 11:16:29.591 [quic-consumer-1767064542104] INFO  c.bit.solana.p2p.quic.SendQuicData - [重传定时器启动] 连接ID:131596087558406144 数据ID:131596244341489664 首次重传延迟:500ms 后续重传间隔:20ms
2025-12-30 11:16:29.591 [quic-consumer-1767064542104] INFO  c.b.s.p.i.handle.QuicDataProcessor - 本次批量处理完成，共处理1条消息
2025-12-30 11:16:30.128 [quic-send-timer-4-1] INFO  c.bit.solana.p2p.quic.SendQuicData - [重传检查完成] 连接ID:131596087558406144 数据ID:131596244341489664 本次重传帧数:1 累计已ACK:0 总帧数:1
2025-12-30 11:16:30.172 [quic-send-timer-4-1] INFO  c.bit.solana.p2p.quic.SendQuicData - [重传检查完成] 连接ID:131596087558406144 数据ID:131596244341489664 本次重传帧数:0 累计已ACK:0 总帧数:1
2025-12-30 11:16:30.203 [quic-send-timer-4-1] INFO  c.bit.solana.p2p.quic.SendQuicData - [重传检查完成] 连接ID:131596087558406144 数据ID:131596244341489664 本次重传帧数:0 累计已ACK:0 总帧数:1
2025-12-30 11:16:30.241 [quic-send-timer-4-1] INFO  c.bit.solana.p2p.quic.SendQuicData - [重传检查完成] 连接ID:131596087558406144 数据ID:131596244341489664 本次重传帧数:0 累计已ACK:0 总帧数:1
2025-12-30 11:16:30.282 [quic-send-timer-4-1] INFO  c.bit.solana.p2p.quic.SendQuicData - [重传检查完成] 连接ID:131596087558406144 数据ID:131596244341489664 本次重传帧数:0 累计已ACK:0 总帧数:1
2025-12-30 11:16:30.320 [quic-send-timer-4-1] INFO  c.bit.solana.p2p.quic.SendQuicData - [重传检查完成] 连接ID:131596087558406144 数据ID:131596244341489664 本次重传帧数:0 累计已ACK:0 总帧数:1
2025-12-30 11:16:30.359 [quic-send-timer-4-1] INFO  c.bit.solana.p2p.quic.SendQuicData - [重传检查完成] 连接ID:131596087558406144 数据ID:131596244341489664 本次重传帧数:0 累计已ACK:0 总帧数:1
2025-12-30 11:16:30.400 [quic-send-timer-4-1] INFO  c.bit.solana.p2p.quic.SendQuicData - [重传检查完成] 连接ID:131596087558406144 数据ID:131596244341489664 本次重传帧数:0 累计已ACK:0 总帧数:1
2025-12-30 11:16:30.440 [quic-send-timer-4-1] INFO  c.bit.solana.p2p.quic.SendQuicData - [重传检查完成] 连接ID:131596087558406144 数据ID:131596244341489664 本次重传帧数:0 累计已ACK:0 总帧数:1
2025-12-30 11:16:30.480 [quic-send-timer-4-1] INFO  c.bit.solana.p2p.quic.SendQuicData - [重传检查完成] 连接ID:131596087558406144 数据ID:131596244341489664 本次重传帧数:0 累计已ACK:0 总帧数:1
2025-12-30 11:16:30.519 [quic-send-timer-4-1] INFO  c.bit.solana.p2p.quic.SendQuicData - [重传检查完成] 连接ID:131596087558406144 数据ID:131596244341489664 本次重传帧数:1 累计已ACK:0 总帧数:1
2025-12-30 11:16:30.562 [quic-send-timer-4-1] INFO  c.bit.solana.p2p.quic.SendQuicData - [重传检查完成] 连接ID:131596087558406144 数据ID:131596244341489664 本次重传帧数:0 累计已ACK:0 总帧数:1
2025-12-30 11:16:30.600 [quic-send-timer-4-1] INFO  c.bit.solana.p2p.quic.SendQuicData - [重传检查完成] 连接ID:131596087558406144 数据ID:131596244341489664 本次重传帧数:0 累计已ACK:0 总帧数:1
2025-12-30 11:16:30.639 [quic-send-timer-4-1] INFO  c.bit.solana.p2p.quic.SendQuicData - [重传检查完成] 连接ID:131596087558406144 数据ID:131596244341489664 本次重传帧数:0 累计已ACK:0 总帧数:1
2025-12-30 11:16:30.680 [quic-send-timer-4-1] INFO  c.bit.solana.p2p.quic.SendQuicData - [重传检查完成] 连接ID:131596087558406144 数据ID:131596244341489664 本次重传帧数:0 累计已ACK:0 总帧数:1
2025-12-30 11:16:30.719 [quic-send-timer-4-1] INFO  c.bit.solana.p2p.quic.SendQuicData - [重传检查完成] 连接ID:131596087558406144 数据ID:131596244341489664 本次重传帧数:0 累计已ACK:0 总帧数:1
2025-12-30 11:16:30.761 [quic-send-timer-4-1] INFO  c.bit.solana.p2p.quic.SendQuicData - [重传检查完成] 连接ID:131596087558406144 数据ID:131596244341489664 本次重传帧数:0 累计已ACK:0 总帧数:1
2025-12-30 11:16:30.800 [quic-send-timer-4-1] INFO  c.bit.solana.p2p.quic.SendQuicData - [重传检查完成] 连接ID:131596087558406144 数据ID:131596244341489664 本次重传帧数:0 累计已ACK:0 总帧数:1
2025-12-30 11:16:30.840 [quic-send-timer-4-1] INFO  c.bit.solana.p2p.quic.SendQuicData - [重传检查完成] 连接ID:131596087558406144 数据ID:131596244341489664 本次重传帧数:0 累计已ACK:0 总帧数:1
2025-12-30 11:16:30.880 [quic-send-timer-4-1] INFO  c.bit.solana.p2p.quic.SendQuicData - [重传检查完成] 连接ID:131596087558406144 数据ID:131596244341489664 本次重传帧数:0 累计已ACK:0 总帧数:1
2025-12-30 11:16:30.919 [quic-send-timer-4-1] INFO  c.bit.solana.p2p.quic.SendQuicData - [重传检查完成] 连接ID:131596087558406144 数据ID:131596244341489664 本次重传帧数:1 累计已ACK:0 总帧数:1
2025-12-30 11:16:30.964 [quic-send-timer-4-1] INFO  c.bit.solana.p2p.quic.SendQuicData - [重传检查完成] 连接ID:131596087558406144 数据ID:131596244341489664 本次重传帧数:0 累计已ACK:0 总帧数:1
2025-12-30 11:16:31.000 [quic-send-timer-4-1] INFO  c.bit.solana.p2p.quic.SendQuicData - [重传检查完成] 连接ID:131596087558406144 数据ID:131596244341489664 本次重传帧数:0 累计已ACK:0 总帧数:1
2025-12-30 11:16:31.042 [quic-send-timer-4-1] INFO  c.bit.solana.p2p.quic.SendQuicData - [重传检查完成] 连接ID:131596087558406144 数据ID:131596244341489664 本次重传帧数:0 累计已ACK:0 总帧数:1
2025-12-30 11:16:31.080 [quic-send-timer-4-1] INFO  c.bit.solana.p2p.quic.SendQuicData - [重传检查完成] 连接ID:131596087558406144 数据ID:131596244341489664 本次重传帧数:0 累计已ACK:0 总帧数:1
2025-12-30 11:16:31.120 [quic-send-timer-4-1] INFO  c.bit.solana.p2p.quic.SendQuicData - [重传检查完成] 连接ID:131596087558406144 数据ID:131596244341489664 本次重传帧数:0 累计已ACK:0 总帧数:1
2025-12-30 11:16:31.159 [quic-send-timer-4-1] INFO  c.bit.solana.p2p.quic.SendQuicData - [重传检查完成] 连接ID:131596087558406144 数据ID:131596244341489664 本次重传帧数:0 累计已ACK:0 总帧数:1
2025-12-30 11:16:31.200 [quic-send-timer-4-1] INFO  c.bit.solana.p2p.quic.SendQuicData - [重传检查完成] 连接ID:131596087558406144 数据ID:131596244341489664 本次重传帧数:0 累计已ACK:0 总帧数:1
2025-12-30 11:16:31.240 [quic-send-timer-4-1] INFO  c.bit.solana.p2p.quic.SendQuicData - [重传检查完成] 连接ID:131596087558406144 数据ID:131596244341489664 本次重传帧数:0 累计已ACK:0 总帧数:1
2025-12-30 11:16:31.280 [quic-send-timer-4-1] INFO  c.bit.solana.p2p.quic.SendQuicData - [重传检查完成] 连接ID:131596087558406144 数据ID:131596244341489664 本次重传帧数:0 累计已ACK:0 总帧数:1
2025-12-30 11:16:31.321 [quic-send-timer-4-1] INFO  c.bit.solana.p2p.quic.SendQuicData - [重传检查完成] 连接ID:131596087558406144 数据ID:131596244341489664 本次重传帧数:1 累计已ACK:0 总帧数:1
2025-12-30 11:16:31.360 [quic-send-timer-4-1] INFO  c.bit.solana.p2p.quic.SendQuicData - [重传检查完成] 连接ID:131596087558406144 数据ID:131596244341489664 本次重传帧数:0 累计已ACK:0 总帧数:1
2025-12-30 11:16:31.401 [quic-send-timer-4-1] INFO  c.bit.solana.p2p.quic.SendQuicData - [重传检查完成] 连接ID:131596087558406144 数据ID:131596244341489664 本次重传帧数:0 累计已ACK:0 总帧数:1
2025-12-30 11:16:31.440 [quic-send-timer-4-1] INFO  c.bit.solana.p2p.quic.SendQuicData - [重传检查完成] 连接ID:131596087558406144 数据ID:131596244341489664 本次重传帧数:0 累计已ACK:0 总帧数:1
2025-12-30 11:16:31.481 [quic-send-timer-4-1] INFO  c.bit.solana.p2p.quic.SendQuicData - [重传检查完成] 连接ID:131596087558406144 数据ID:131596244341489664 本次重传帧数:0 累计已ACK:0 总帧数:1
2025-12-30 11:16:31.520 [quic-send-timer-4-1] INFO  c.bit.solana.p2p.quic.SendQuicData - [重传检查完成] 连接ID:131596087558406144 数据ID:131596244341489664 本次重传帧数:0 累计已ACK:0 总帧数:1
2025-12-30 11:16:31.559 [quic-send-timer-4-1] INFO  c.bit.solana.p2p.quic.SendQuicData - [重传检查完成] 连接ID:131596087558406144 数据ID:131596244341489664 本次重传帧数:0 累计已ACK:0 总帧数:1
2025-12-30 11:16:31.600 [quic-send-timer-4-1] INFO  c.bit.solana.p2p.quic.SendQuicData - [重传检查完成] 连接ID:131596087558406144 数据ID:131596244341489664 本次重传帧数:0 累计已ACK:0 总帧数:1
2025-12-30 11:16:31.641 [quic-send-timer-4-1] INFO  c.bit.solana.p2p.quic.SendQuicData - [重传检查完成] 连接ID:131596087558406144 数据ID:131596244341489664 本次重传帧数:0 累计已ACK:0 总帧数:1
2025-12-30 11:16:31.681 [quic-send-timer-4-1] INFO  c.bit.solana.p2p.quic.SendQuicData - [重传检查完成] 连接ID:131596087558406144 数据ID:131596244341489664 本次重传帧数:0 累计已ACK:0 总帧数:1
2025-12-30 11:16:31.721 [quic-send-timer-4-1] INFO  c.bit.solana.p2p.quic.SendQuicData - [重传检查完成] 连接ID:131596087558406144 数据ID:131596244341489664 本次重传帧数:1 累计已ACK:0 总帧数:1
2025-12-30 11:16:31.761 [quic-send-timer-4-1] INFO  c.bit.solana.p2p.quic.SendQuicData - [重传检查完成] 连接ID:131596087558406144 数据ID:131596244341489664 本次重传帧数:0 累计已ACK:0 总帧数:1
2025-12-30 11:16:31.800 [quic-send-timer-4-1] INFO  c.bit.solana.p2p.quic.SendQuicData - [重传检查完成] 连接ID:131596087558406144 数据ID:131596244341489664 本次重传帧数:0 累计已ACK:0 总帧数:1
2025-12-30 11:16:31.842 [quic-send-timer-4-1] INFO  c.bit.solana.p2p.quic.SendQuicData - [重传检查完成] 连接ID:131596087558406144 数据ID:131596244341489664 本次重传帧数:0 累计已ACK:0 总帧数:1
2025-12-30 11:16:31.880 [quic-send-timer-4-1] INFO  c.bit.solana.p2p.quic.SendQuicData - [重传检查完成] 连接ID:131596087558406144 数据ID:131596244341489664 本次重传帧数:0 累计已ACK:0 总帧数:1
2025-12-30 11:16:31.921 [quic-send-timer-4-1] INFO  c.bit.solana.p2p.quic.SendQuicData - [重传检查完成] 连接ID:131596087558406144 数据ID:131596244341489664 本次重传帧数:0 累计已ACK:0 总帧数:1
2025-12-30 11:16:31.959 [quic-send-timer-4-1] INFO  c.bit.solana.p2p.quic.SendQuicData - [重传检查完成] 连接ID:131596087558406144 数据ID:131596244341489664 本次重传帧数:0 累计已ACK:0 总帧数:1
2025-12-30 11:16:31.999 [quic-send-timer-4-1] INFO  c.bit.solana.p2p.quic.SendQuicData - [重传检查完成] 连接ID:131596087558406144 数据ID:131596244341489664 本次重传帧数:0 累计已ACK:0 总帧数:1
2025-12-30 11:16:32.037 [quic-heartbeat-timer-3-1] WARN  c.bit.solana.p2p.quic.QuicConnection - 连接已过期... 时间1767064592037
2025-12-30 11:16:32.037 [quic-heartbeat-timer-3-1] INFO  c.b.s.p2p.quic.QuicConnectionManager - [连接移除] 连接ID:131596087558406144
2025-12-30 11:16:32.040 [quic-send-timer-4-1] INFO  c.bit.solana.p2p.quic.SendQuicData - [重传检查完成] 连接ID:131596087558406144 数据ID:131596244341489664 本次重传帧数:0 累计已ACK:0 总帧数:1
2025-12-30 11:16:32.080 [quic-send-timer-4-1] INFO  c.bit.solana.p2p.quic.SendQuicData - [重传检查完成] 连接ID:131596087558406144 数据ID:131596244341489664 本次重传帧数:0 累计已ACK:0 总帧数:1
2025-12-30 11:16:32.122 [quic-send-timer-4-1] INFO  c.bit.solana.p2p.quic.SendQuicData - [重传检查完成] 连接ID:131596087558406144 数据ID:131596244341489664 本次重传帧数:1 累计已ACK:0 总帧数:1
2025-12-30 11:16:32.159 [quic-send-timer-4-1] INFO  c.bit.solana.p2p.quic.SendQuicData - [重传检查完成] 连接ID:131596087558406144 数据ID:131596244341489664 本次重传帧数:0 累计已ACK:0 总帧数:1
2025-12-30 11:16:32.213 [quic-send-timer-4-1] INFO  c.bit.solana.p2p.quic.SendQuicData - [重传检查完成] 连接ID:131596087558406144 数据ID:131596244341489664 本次重传帧数:0 累计已ACK:0 总帧数:1
2025-12-30 11:16:32.245 [quic-send-timer-4-1] INFO  c.bit.solana.p2p.quic.SendQuicData - [重传检查完成] 连接ID:131596087558406144 数据ID:131596244341489664 本次重传帧数:0 累计已ACK:0 总帧数:1
2025-12-30 11:16:32.279 [quic-send-timer-4-1] INFO  c.bit.solana.p2p.quic.SendQuicData - [重传检查完成] 连接ID:131596087558406144 数据ID:131596244341489664 本次重传帧数:0 累计已ACK:0 总帧数:1
2025-12-30 11:16:32.322 [quic-send-timer-4-1] INFO  c.bit.solana.p2p.quic.SendQuicData - [重传检查完成] 连接ID:131596087558406144 数据ID:131596244341489664 本次重传帧数:0 累计已ACK:0 总帧数:1
2025-12-30 11:16:32.360 [quic-send-timer-4-1] INFO  c.bit.solana.p2p.quic.SendQuicData - [重传检查完成] 连接ID:131596087558406144 数据ID:131596244341489664 本次重传帧数:0 累计已ACK:0 总帧数:1
2025-12-30 11:16:32.400 [quic-send-timer-4-1] INFO  c.bit.solana.p2p.quic.SendQuicData - [重传检查完成] 连接ID:131596087558406144 数据ID:131596244341489664 本次重传帧数:0 累计已ACK:0 总帧数:1
2025-12-30 11:16:32.442 [quic-send-timer-4-1] INFO  c.bit.solana.p2p.quic.SendQuicData - [重传检查完成] 连接ID:131596087558406144 数据ID:131596244341489664 本次重传帧数:0 累计已ACK:0 总帧数:1
2025-12-30 11:16:32.480 [quic-send-timer-4-1] INFO  c.bit.solana.p2p.quic.SendQuicData - [重传检查完成] 连接ID:131596087558406144 数据ID:131596244341489664 本次重传帧数:0 累计已ACK:0 总帧数:1
2025-12-30 11:16:32.520 [quic-send-timer-4-1] INFO  c.bit.solana.p2p.quic.SendQuicData - [重传检查完成] 连接ID:131596087558406144 数据ID:131596244341489664 本次重传帧数:1 累计已ACK:0 总帧数:1
2025-12-30 11:16:32.560 [quic-send-timer-4-1] INFO  c.bit.solana.p2p.quic.SendQuicData - [重传检查完成] 连接ID:131596087558406144 数据ID:131596244341489664 本次重传帧数:0 累计已ACK:0 总帧数:1
2025-12-30 11:16:32.604 [quic-send-timer-4-1] INFO  c.bit.solana.p2p.quic.SendQuicData - [重传检查完成] 连接ID:131596087558406144 数据ID:131596244341489664 本次重传帧数:0 累计已ACK:0 总帧数:1
2025-12-30 11:16:32.639 [quic-send-timer-4-1] INFO  c.bit.solana.p2p.quic.SendQuicData - [重传检查完成] 连接ID:131596087558406144 数据ID:131596244341489664 本次重传帧数:0 累计已ACK:0 总帧数:1
2025-12-30 11:16:32.681 [quic-send-timer-4-1] INFO  c.bit.solana.p2p.quic.SendQuicData - [重传检查完成] 连接ID:131596087558406144 数据ID:131596244341489664 本次重传帧数:0 累计已ACK:0 总帧数:1
2025-12-30 11:16:32.720 [quic-send-timer-4-1] INFO  c.bit.solana.p2p.quic.SendQuicData - [重传检查完成] 连接ID:131596087558406144 数据ID:131596244341489664 本次重传帧数:0 累计已ACK:0 总帧数:1
2025-12-30 11:16:32.759 [quic-send-timer-4-1] INFO  c.bit.solana.p2p.quic.SendQuicData - [重传检查完成] 连接ID:131596087558406144 数据ID:131596244341489664 本次重传帧数:0 累计已ACK:0 总帧数:1
2025-12-30 11:16:32.800 [quic-send-timer-4-1] INFO  c.bit.solana.p2p.quic.SendQuicData - [重传检查完成] 连接ID:131596087558406144 数据ID:131596244341489664 本次重传帧数:0 累计已ACK:0 总帧数:1
2025-12-30 11:16:32.841 [quic-send-timer-4-1] INFO  c.bit.solana.p2p.quic.SendQuicData - [重传检查完成] 连接ID:131596087558406144 数据ID:131596244341489664 本次重传帧数:0 累计已ACK:0 总帧数:1
2025-12-30 11:16:32.885 [quic-send-timer-4-1] INFO  c.bit.solana.p2p.quic.SendQuicData - [重传检查完成] 连接ID:131596087558406144 数据ID:131596244341489664 本次重传帧数:0 累计已ACK:0 总帧数:1
2025-12-30 11:16:32.919 [quic-send-timer-4-1] INFO  c.bit.solana.p2p.quic.SendQuicData - [重传检查完成] 连接ID:131596087558406144 数据ID:131596244341489664 本次重传帧数:1 累计已ACK:0 总帧数:1
2025-12-30 11:16:32.964 [quic-send-timer-4-1] INFO  c.bit.solana.p2p.quic.SendQuicData - [重传检查完成] 连接ID:131596087558406144 数据ID:131596244341489664 本次重传帧数:0 累计已ACK:0 总帧数:1
2025-12-30 11:16:33.000 [quic-send-timer-4-1] INFO  c.bit.solana.p2p.quic.SendQuicData - [重传检查完成] 连接ID:131596087558406144 数据ID:131596244341489664 本次重传帧数:0 累计已ACK:0 总帧数:1
2025-12-30 11:16:33.040 [quic-send-timer-4-1] INFO  c.bit.solana.p2p.quic.SendQuicData - [重传检查完成] 连接ID:131596087558406144 数据ID:131596244341489664 本次重传帧数:0 累计已ACK:0 总帧数:1
2025-12-30 11:16:33.045 [quic-heartbeat-timer-3-1] WARN  c.bit.solana.p2p.quic.QuicConnection - 连接已过期... 时间1767064593045
2025-12-30 11:16:33.045 [quic-heartbeat-timer-3-1] INFO  c.b.s.p2p.quic.QuicConnectionManager - [连接移除] 连接ID:131596087558406144
2025-12-30 11:16:34.599 [quic-send-timer-4-1] INFO  c.bit.solana.p2p.quic.SendQuicData - [全局超时] 连接ID:0 数据ID:0 在5000ms内未完成发送，发送失败
2025-12-30 11:16:34.599 [quic-send-timer-4-1] INFO  c.bit.solana.p2p.quic.SendQuicData - [处理发送失败] 连接ID:0 数据ID:0
2025-12-30 11:16:34.600 [quic-send-timer-4-1] INFO  c.bit.solana.p2p.quic.SendQuicData - [全局超时] 连接ID:0 数据ID:0 在5000ms内未完成发送，发送失败
2025-12-30 11:16:34.600 [quic-send-timer-4-1] INFO  c.bit.solana.p2p.quic.SendQuicData - [处理发送失败] 连接ID:0 数据ID:0
2025-12-30 11:16:34.602 [http-nio-18333-exec-10] ERROR o.a.c.c.C.[.[.[.[dispatcherServlet] - Servlet.service() for servlet [dispatcherServlet] in context with path [] threw exception [Request processing failed: java.util.concurrent.TimeoutException] with root cause
java.util.concurrent.TimeoutException: null
	at java.base/java.util.concurrent.CompletableFuture.timedGet(CompletableFuture.java:1960)
	at java.base/java.util.concurrent.CompletableFuture.get(CompletableFuture.java:2095)
	at com.bit.solana.p2p.impl.PeerClient.sendData(PeerClient.java:95)
	at com.bit.solana.api.mock.MockApi.sendMsg(MockApi.java:94)
	at java.base/jdk.internal.reflect.DirectMethodHandleAccessor.invoke(DirectMethodHandleAccessor.java:103)
	at java.base/java.lang.reflect.Method.invoke(Method.java:580)
	at org.springframework.web.method.support.InvocableHandlerMethod.doInvoke(InvocableHandlerMethod.java:258)
	at org.springframework.web.method.support.InvocableHandlerMethod.invokeForRequest(InvocableHandlerMethod.java:191)
	at org.springframework.web.servlet.mvc.method.annotation.ServletInvocableHandlerMethod.invokeAndHandle(ServletInvocableHandlerMethod.java:118)
	at org.springframework.web.servlet.mvc.method.annotation.RequestMappingHandlerAdapter.invokeHandlerMethod(RequestMappingHandlerAdapter.java:991)
	at org.springframework.web.servlet.mvc.method.annotation.RequestMappingHandlerAdapter.handleInternal(RequestMappingHandlerAdapter.java:896)
	at org.springframework.web.servlet.mvc.method.AbstractHandlerMethodAdapter.handle(AbstractHandlerMethodAdapter.java:87)
	at org.springframework.web.servlet.DispatcherServlet.doDispatch(DispatcherServlet.java:1089)
	at org.springframework.web.servlet.DispatcherServlet.doService(DispatcherServlet.java:979)
	at org.springframework.web.servlet.FrameworkServlet.processRequest(FrameworkServlet.java:1014)
	at org.springframework.web.servlet.FrameworkServlet.doGet(FrameworkServlet.java:903)
	at jakarta.servlet.http.HttpServlet.service(HttpServlet.java:564)
	at org.springframework.web.servlet.FrameworkServlet.service(FrameworkServlet.java:885)
	at jakarta.servlet.http.HttpServlet.service(HttpServlet.java:658)
	at org.apache.catalina.core.ApplicationFilterChain.internalDoFilter(ApplicationFilterChain.java:193)
	at org.apache.catalina.core.ApplicationFilterChain.doFilter(ApplicationFilterChain.java:138)
	at org.apache.tomcat.websocket.server.WsFilter.doFilter(WsFilter.java:51)
	at org.apache.catalina.core.ApplicationFilterChain.internalDoFilter(ApplicationFilterChain.java:162)
	at org.apache.catalina.core.ApplicationFilterChain.doFilter(ApplicationFilterChain.java:138)
	at org.springframework.web.filter.RequestContextFilter.doFilterInternal(RequestContextFilter.java:100)
	at org.springframework.web.filter.OncePerRequestFilter.doFilter(OncePerRequestFilter.java:116)
	at org.apache.catalina.core.ApplicationFilterChain.internalDoFilter(ApplicationFilterChain.java:162)
	at org.apache.catalina.core.ApplicationFilterChain.doFilter(ApplicationFilterChain.java:138)
	at org.springframework.web.filter.FormContentFilter.doFilterInternal(FormContentFilter.java:93)
	at org.springframework.web.filter.OncePerRequestFilter.doFilter(OncePerRequestFilter.java:116)
	at org.apache.catalina.core.ApplicationFilterChain.internalDoFilter(ApplicationFilterChain.java:162)
	at org.apache.catalina.core.ApplicationFilterChain.doFilter(ApplicationFilterChain.java:138)
	at org.springframework.web.filter.CharacterEncodingFilter.doFilterInternal(CharacterEncodingFilter.java:201)
	at org.springframework.web.filter.OncePerRequestFilter.doFilter(OncePerRequestFilter.java:116)
	at org.apache.catalina.core.ApplicationFilterChain.internalDoFilter(ApplicationFilterChain.java:162)
	at org.apache.catalina.core.ApplicationFilterChain.doFilter(ApplicationFilterChain.java:138)
	at org.apache.catalina.core.StandardWrapperValve.invoke(StandardWrapperValve.java:165)
	at org.apache.catalina.core.StandardContextValve.invoke(StandardContextValve.java:88)
	at org.apache.catalina.authenticator.AuthenticatorBase.invoke(AuthenticatorBase.java:482)
	at org.apache.catalina.core.StandardHostValve.invoke(StandardHostValve.java:113)
	at org.apache.catalina.valves.ErrorReportValve.invoke(ErrorReportValve.java:83)
	at org.apache.catalina.core.StandardEngineValve.invoke(StandardEngineValve.java:72)
	at org.apache.catalina.connector.CoyoteAdapter.service(CoyoteAdapter.java:342)
	at org.apache.coyote.http11.Http11Processor.service(Http11Processor.java:399)
	at org.apache.coyote.AbstractProcessorLight.process(AbstractProcessorLight.java:63)
	at org.apache.coyote.AbstractProtocol$ConnectionHandler.process(AbstractProtocol.java:903)
	at org.apache.tomcat.util.net.NioEndpoint$SocketProcessor.doRun(NioEndpoint.java:1774)
	at org.apache.tomcat.util.net.SocketProcessorBase.run(SocketProcessorBase.java:52)
	at org.apache.tomcat.util.threads.ThreadPoolExecutor.runWorker(ThreadPoolExecutor.java:973)
	at org.apache.tomcat.util.threads.ThreadPoolExecutor$Worker.run(ThreadPoolExecutor.java:491)
	at org.apache.tomcat.util.threads.TaskThread$WrappingRunnable.run(TaskThread.java:63)
	at java.base/java.lang.Thread.run(Thread.java:1583)
2025-12-30 11:16:53.464 [udp-io-thread-1-1] INFO  c.bit.solana.p2p.quic.SendQuicData - 全部样本的平均时间0.0
2025-12-30 11:16:53.465 [udp-io-thread-1-1] INFO  c.bit.solana.p2p.quic.SendQuicData - 预测4.250095E7
2025-12-30 11:16:53.465 [udp-io-thread-1-1] INFO  c.bit.solana.p2p.quic.QuicConnection - 入站连接过期检查任务启动，连接ID:131596087558406144，检查间隔:2000ms，过期阈值:2000ms
2025-12-30 11:16:53.465 [udp-io-thread-1-1] INFO  c.b.s.p2p.quic.QuicConnectionManager - [连接添加] 连接ID:131596087558406144
2025-12-30 11:16:53.465 [udp-io-thread-1-1] INFO  c.b.solana.p2p.quic.ReceiveQuicData - [初始化数据] 连接ID:131596087558406144 数据ID:131596244341489664 总帧数:1
2025-12-30 11:16:53.466 [udp-io-thread-1-1] INFO  c.b.solana.p2p.quic.ReceiveQuicData - 所有帧接收完成
2025-12-30 11:16:53.466 [udp-io-thread-1-1] INFO  c.b.solana.p2p.quic.ReceiveQuicData - 完整数据长度101 数据ID131596244341489664
2025-12-30 11:16:53.466 [quic-consumer-1767064541133] INFO  c.b.s.p.i.handle.QuicDataProcessor - 收到响应: P2PMessage{senderId=BJfacYs27FRthbjxKaEHrJRbnd8kMyfSRReg7qunstkh, messageId=019b6d41d5177a57bf16dc4c8c6d6993, requestId=019b6d41d5117747b6948e5fecd1fbd3, reqResFlag=1, type=5, length=21, version=1}
2025-12-30 11:16:53.466 [quic-consumer-1767064541133] INFO  c.b.s.p.i.handle.QuicDataProcessor - 本次批量处理完成，共处理1条消息
2025-12-30 11:16:53.466 [udp-io-thread-1-1] INFO  c.bit.solana.p2p.quic.QuicConnection - 入站连接过期检查任务启动，连接ID:131596087558406144，检查间隔:2000ms，过期阈值:2000ms
2025-12-30 11:16:53.466 [udp-io-thread-1-1] INFO  c.b.s.p2p.quic.QuicConnectionManager - [连接添加] 连接ID:131596087558406144
2025-12-30 11:16:55.492 [quic-heartbeat-timer-3-1] WARN  c.bit.solana.p2p.quic.QuicConnection - 连接已过期... 时间1767064615492
2025-12-30 11:16:55.492 [quic-heartbeat-timer-3-1] INFO  c.b.s.p2p.quic.QuicConnectionManager - [连接移除] 连接ID:131596087558406144
2025-12-30 11:16:55.496 [quic-heartbeat-timer-3-1] WARN  c.bit.solana.p2p.quic.QuicConnection - 连接已过期... 时间1767064615496
2025-12-30 11:16:55.496 [quic-heartbeat-timer-3-1] INFO  c.b.s.p2p.quic.QuicConnectionManager - [连接移除] 连接ID:131596087558406144
2025-12-30 11:17:10.014 [http-nio-18333-exec-2] INFO  c.b.s.p2p.quic.QuicConnectionManager - 节点IDBJfacYs27FRthbjxKaEHrJRbnd8kMyfSRReg7qunstkh
2025-12-30 11:17:10.014 [http-nio-18333-exec-2] INFO  c.b.s.p2p.quic.QuicConnectionManager - 握手长度！68
2025-12-30 11:17:10.015 [udp-io-thread-1-1] INFO  c.bit.solana.p2p.quic.QuicConnection - 入站连接过期检查任务启动，连接ID:131596413887840256，检查间隔:2000ms，过期阈值:2000ms
2025-12-30 11:17:10.015 [udp-io-thread-1-1] INFO  c.b.s.p2p.quic.QuicConnectionManager - [连接添加] 连接ID:131596413887840256
2025-12-30 11:17:10.015 [udp-io-thread-1-1] INFO  c.bit.solana.p2p.quic.QuicConnection - 共享加密密钥对sharedSecret: 706fc4e699a536d6ea31aa2f194e07424ee5100a510d665e3e867d32314c794d
2025-12-30 11:17:10.015 [udp-io-thread-1-1] INFO  c.bit.solana.p2p.quic.QuicConnection - [连接响应发送成功] 节点ID:131596413887840256
2025-12-30 11:17:10.015 [udp-io-thread-1-1] INFO  c.bit.solana.p2p.quic.QuicConnection - 入站连接过期检查任务启动，连接ID:131596413887840256，检查间隔:2000ms，过期阈值:2000ms
2025-12-30 11:17:10.016 [udp-io-thread-1-1] INFO  c.b.s.p2p.quic.QuicConnectionManager - [连接添加] 连接ID:131596413887840256
2025-12-30 11:17:10.016 [udp-io-thread-1-1] INFO  c.bit.solana.p2p.quic.QuicConnection - 处理连接响应QuicFrame(connectionId=131596413887840256, dataId=131596413887840257, total=1, frameType=8, sequence=0, frameTotalLength=97, payload=[26, 32, -103, 27, 93, 114, -18, 34, -9, 29, 53, 54, 12, -37, 119, 125, -108, -5, -98, 67, -14, -72, 104, 106, -125, -70, -22, -68, 76, 25, 40, -94, -104, 50, 58, 32, 13, -84, 109, -9, 47, 112, 64, 121, 108, 127, 93, 56, 83, 62, -71, -122, -48, -23, 27, 14, -17, 108, -1, -27, 100, -17, -66, 118, 21, 20, -28, 52], remoteAddress=/127.0.0.1:8334, time=0, handle=io.netty.util.Recycler$DefaultHandle@47015fc9)
2025-12-30 11:17:10.016 [http-nio-18333-exec-2] INFO  c.b.s.p2p.quic.QuicConnectionManager - 响应帧QuicFrame(connectionId=131596413887840256, dataId=131596413887840257, total=1, frameType=8, sequence=0, frameTotalLength=97, payload=[26, 32, -103, 27, 93, 114, -18, 34, -9, 29, 53, 54, 12, -37, 119, 125, -108, -5, -98, 67, -14, -72, 104, 106, -125, -70, -22, -68, 76, 25, 40, -94, -104, 50, 58, 32, 13, -84, 109, -9, 47, 112, 64, 121, 108, 127, 93, 56, 83, 62, -71, -122, -48, -23, 27, 14, -17, 108, -1, -27, 100, -17, -66, 118, 21, 20, -28, 52], remoteAddress=/127.0.0.1:8334, time=0, handle=io.netty.util.Recycler$DefaultHandle@47015fc9)
2025-12-30 11:17:10.017 [http-nio-18333-exec-2] INFO  c.b.s.p2p.quic.QuicConnectionManager - 生成助记词耗时1ms
2025-12-30 11:17:10.018 [http-nio-18333-exec-2] INFO  c.b.s.p2p.quic.QuicConnectionManager - 协商共享密钥是:706fc4e699a536d6ea31aa2f194e07424ee5100a510d665e3e867d32314c794d
2025-12-30 11:17:10.018 [http-nio-18333-exec-2] INFO  c.bit.solana.p2p.quic.QuicConnection - 连接任务已停止，连接ID:131596413887840256（出站:false）
2025-12-30 11:17:10.018 [http-nio-18333-exec-2] INFO  c.bit.solana.p2p.quic.QuicConnection - 出站连接心跳任务启动，连接ID:131596413887840256，心跳间隔:500ms，过期阈值:2000ms
2025-12-30 11:17:10.018 [http-nio-18333-exec-2] INFO  c.b.s.p2p.quic.QuicConnectionManager - [连接添加] 连接ID:131596413887840256
2025-12-30 11:17:12.743 [http-nio-18333-exec-3] INFO  com.bit.solana.p2p.impl.PeerClient - 节点IDBJfacYs27FRthbjxKaEHrJRbnd8kMyfSRReg7qunstkh
2025-12-30 11:17:12.743 [http-nio-18333-exec-3] INFO  c.bit.solana.p2p.quic.SendQuicData - [开始发送] 连接ID:131596413887840256 数据ID:131596425334095872 总帧数:2
2025-12-30 11:17:12.744 [http-nio-18333-exec-3] INFO  c.bit.solana.p2p.quic.SendQuicData - [重传定时器启动] 连接ID:131596413887840256 数据ID:131596425334095872 首次重传延迟:500ms 后续重传间隔:20ms
2025-12-30 11:17:12.744 [udp-io-thread-1-1] INFO  c.b.solana.p2p.quic.ReceiveQuicData - [初始化数据] 连接ID:131596413887840256 数据ID:131596425334095872 总帧数:2
2025-12-30 11:17:12.744 [udp-io-thread-1-1] INFO  c.bit.solana.p2p.quic.SendQuicData - [所有帧通过批量ACK确认] 连接ID:131596413887840256 数据ID:131596425334095872 传输完成
2025-12-30 11:17:12.744 [udp-io-thread-1-1] INFO  c.bit.solana.p2p.quic.SendQuicData - 数据发送完毕
2025-12-30 11:17:12.744 [udp-io-thread-1-1] INFO  c.b.solana.p2p.quic.ReceiveQuicData - 所有帧接收完成
2025-12-30 11:17:12.744 [udp-io-thread-1-1] INFO  c.bit.solana.p2p.quic.SendQuicData - 全部样本的平均时间0.0
2025-12-30 11:17:12.744 [udp-io-thread-1-1] INFO  c.bit.solana.p2p.quic.SendQuicData - 预测3.35124E7
2025-12-30 11:17:12.744 [udp-io-thread-1-1] INFO  c.b.solana.p2p.quic.ReceiveQuicData - 完整数据长度1480 数据ID131596425334095872
2025-12-30 11:17:12.745 [quic-consumer-1767064542104] INFO  c.b.s.p.i.handle.QuicDataProcessor - 收到请求: P2PMessage{senderId=74sDMeR9Hq9aJTniBTPxs4b53NdG647rsspgfUF2EiMF, messageId=019b6d427da7795698b4508d8308fc70, requestId=019b6d427da7795698b4508d8308fc70, reqResFlag=0, type=5, length=1400, version=1}
2025-12-30 11:17:12.745 [quic-consumer-1767064542104] INFO  c.b.s.p2p.protocol.impl.TextHandler - 数据长度1400
2025-12-30 11:17:12.745 [quic-consumer-1767064542104] INFO  c.bit.solana.p2p.quic.SendQuicData - [开始发送] 连接ID:131596413887840256 数据ID:131596425342484480 总帧数:1
2025-12-30 11:17:12.745 [quic-consumer-1767064542104] INFO  c.bit.solana.p2p.quic.SendQuicData - [重传定时器启动] 连接ID:131596413887840256 数据ID:131596425342484480 首次重传延迟:500ms 后续重传间隔:20ms
2025-12-30 11:17:12.745 [quic-consumer-1767064542104] INFO  c.b.s.p.i.handle.QuicDataProcessor - 本次批量处理完成，共处理1条消息
2025-12-30 11:17:12.745 [udp-io-thread-1-1] INFO  c.b.solana.p2p.quic.ReceiveQuicData - [初始化数据] 连接ID:131596413887840256 数据ID:131596425342484480 总帧数:1
2025-12-30 11:17:12.745 [udp-io-thread-1-1] INFO  c.b.solana.p2p.quic.ReceiveQuicData - 所有帧接收完成
2025-12-30 11:17:12.745 [udp-io-thread-1-1] INFO  c.b.solana.p2p.quic.ReceiveQuicData - 完整数据长度101 数据ID131596425342484480
2025-12-30 11:17:12.745 [udp-io-thread-1-1] INFO  c.bit.solana.p2p.quic.SendQuicData - [所有帧通过批量ACK确认] 连接ID:131596413887840256 数据ID:131596425342484480 传输完成
2025-12-30 11:17:12.745 [udp-io-thread-1-1] INFO  c.bit.solana.p2p.quic.SendQuicData - 数据发送完毕
2025-12-30 11:17:12.745 [udp-io-thread-1-1] INFO  c.bit.solana.p2p.quic.SendQuicData - 全部样本的平均时间0.0
2025-12-30 11:17:12.745 [udp-io-thread-1-1] INFO  c.bit.solana.p2p.quic.SendQuicData - 预测2.0561E7
2025-12-30 11:17:12.745 [quic-consumer-1767064541133] INFO  c.b.s.p.i.handle.QuicDataProcessor - 收到响应: P2PMessage{senderId=BJfacYs27FRthbjxKaEHrJRbnd8kMyfSRReg7qunstkh, messageId=019b6d427da9753aa25889cc9dd2279f, requestId=019b6d427da7795698b4508d8308fc70, reqResFlag=1, type=5, length=21, version=1}
2025-12-30 11:17:12.746 [quic-consumer-1767064541133] INFO  c.b.s.p.i.handle.QuicDataProcessor - 本次批量处理完成，共处理1条消息
2025-12-30 11:17:12.746 [http-nio-18333-exec-3] INFO  com.bit.solana.api.mock.MockApi - 节点回复：我已经收到回复
2025-12-30 11:17:41.989 [http-nio-18333-exec-4] INFO  com.bit.solana.p2p.impl.PeerClient - 节点IDBJfacYs27FRthbjxKaEHrJRbnd8kMyfSRReg7qunstkh
2025-12-30 11:17:41.989 [http-nio-18333-exec-4] INFO  c.bit.solana.p2p.quic.SendQuicData - [开始发送] 连接ID:131596413887840256 数据ID:131596548000710656 总帧数:2
2025-12-30 11:17:41.989 [http-nio-18333-exec-4] INFO  c.bit.solana.p2p.quic.SendQuicData - [重传定时器启动] 连接ID:131596413887840256 数据ID:131596548000710656 首次重传延迟:500ms 后续重传间隔:20ms
2025-12-30 11:17:41.989 [udp-io-thread-1-1] INFO  c.b.solana.p2p.quic.ReceiveQuicData - [初始化数据] 连接ID:131596413887840256 数据ID:131596548000710656 总帧数:2
2025-12-30 11:17:41.990 [udp-io-thread-1-1] INFO  c.b.solana.p2p.quic.ReceiveQuicData - 所有帧接收完成
2025-12-30 11:17:41.990 [udp-io-thread-1-1] INFO  c.b.solana.p2p.quic.ReceiveQuicData - 完整数据长度1480 数据ID131596548000710656
2025-12-30 11:17:41.990 [udp-io-thread-1-1] INFO  c.bit.solana.p2p.quic.SendQuicData - [所有帧通过批量ACK确认] 连接ID:131596413887840256 数据ID:131596548000710656 传输完成
2025-12-30 11:17:41.990 [udp-io-thread-1-1] INFO  c.bit.solana.p2p.quic.SendQuicData - 数据发送完毕
2025-12-30 11:17:41.990 [udp-io-thread-1-1] INFO  c.bit.solana.p2p.quic.SendQuicData - 全部样本的平均时间0.0
2025-12-30 11:17:41.990 [udp-io-thread-1-1] INFO  c.bit.solana.p2p.quic.SendQuicData - 预测3.124025E7
2025-12-30 11:17:41.990 [quic-consumer-1767064542104] INFO  c.b.s.p.i.handle.QuicDataProcessor - 收到请求: P2PMessage{senderId=74sDMeR9Hq9aJTniBTPxs4b53NdG647rsspgfUF2EiMF, messageId=019b6d42efe57e1c99ec533b5482ba73, requestId=019b6d42efe57e1c99ec533b5482ba73, reqResFlag=0, type=5, length=1400, version=1}
2025-12-30 11:17:41.990 [quic-consumer-1767064542104] INFO  c.b.s.p2p.protocol.impl.TextHandler - 数据长度1400
2025-12-30 11:17:41.990 [quic-consumer-1767064542104] INFO  c.bit.solana.p2p.quic.SendQuicData - [开始发送] 连接ID:131596413887840256 数据ID:131596548004904960 总帧数:1
2025-12-30 11:17:41.990 [quic-consumer-1767064542104] INFO  c.bit.solana.p2p.quic.SendQuicData - [重传定时器启动] 连接ID:131596413887840256 数据ID:131596548004904960 首次重传延迟:500ms 后续重传间隔:20ms
2025-12-30 11:17:41.990 [quic-consumer-1767064542104] INFO  c.b.s.p.i.handle.QuicDataProcessor - 本次批量处理完成，共处理1条消息
2025-12-30 11:17:41.990 [udp-io-thread-1-1] INFO  c.b.solana.p2p.quic.ReceiveQuicData - [初始化数据] 连接ID:131596413887840256 数据ID:131596548004904960 总帧数:1
2025-12-30 11:17:41.990 [udp-io-thread-1-1] INFO  c.b.solana.p2p.quic.ReceiveQuicData - 所有帧接收完成
2025-12-30 11:17:41.992 [udp-io-thread-1-1] INFO  c.b.solana.p2p.quic.ReceiveQuicData - 完整数据长度101 数据ID131596548004904960
2025-12-30 11:17:41.992 [udp-io-thread-1-1] INFO  c.bit.solana.p2p.quic.SendQuicData - [所有帧通过批量ACK确认] 连接ID:131596413887840256 数据ID:131596548004904960 传输完成
2025-12-30 11:17:41.992 [udp-io-thread-1-1] INFO  c.bit.solana.p2p.quic.SendQuicData - 数据发送完毕
2025-12-30 11:17:41.992 [udp-io-thread-1-1] INFO  c.bit.solana.p2p.quic.SendQuicData - 全部样本的平均时间0.0
2025-12-30 11:17:41.992 [udp-io-thread-1-1] INFO  c.bit.solana.p2p.quic.SendQuicData - 预测2.13527E7
2025-12-30 11:17:41.992 [quic-consumer-1767064541133] INFO  c.b.s.p.i.handle.QuicDataProcessor - 收到响应: P2PMessage{senderId=BJfacYs27FRthbjxKaEHrJRbnd8kMyfSRReg7qunstkh, messageId=019b6d42efe6777697097b9279f09f23, requestId=019b6d42efe57e1c99ec533b5482ba73, reqResFlag=1, type=5, length=21, version=1}
2025-12-30 11:17:41.992 [quic-consumer-1767064541133] INFO  c.b.s.p.i.handle.QuicDataProcessor - 本次批量处理完成，共处理1条消息
2025-12-30 11:17:41.992 [http-nio-18333-exec-4] INFO  com.bit.solana.api.mock.MockApi - 节点回复：我已经收到回复
2025-12-30 11:19:58.504 [http-nio-18884-exec-1] INFO  o.a.tomcat.util.http.parser.Cookie - A cookie header was received [Hm_lvt_348040cf1271ac13f439d3626a83c805=1747739627,1747741686,1747829219,1748826571;] that contained an invalid cookie. That cookie will be ignored.
 Note: further occurrences of this error will be logged at DEBUG level.
2025-12-30 11:19:58.508 [http-nio-18884-exec-1] INFO  o.a.c.c.C.[Tomcat].[localhost].[/] - Initializing Spring DispatcherServlet 'dispatcherServlet'
2025-12-30 11:19:58.508 [http-nio-18884-exec-1] INFO  o.s.web.servlet.DispatcherServlet - Initializing Servlet 'dispatcherServlet'
2025-12-30 11:19:58.509 [http-nio-18884-exec-1] INFO  o.s.web.servlet.DispatcherServlet - Completed initialization in 1 ms
2025-12-30 11:20:01.766 [SpringApplicationShutdownHook] INFO  o.s.b.w.e.tomcat.GracefulShutdown - Commencing graceful shutdown. Waiting for active requests to complete
2025-12-30 11:20:01.769 [SpringApplicationShutdownHook] INFO  o.s.b.w.e.tomcat.GracefulShutdown - Commencing graceful shutdown. Waiting for active requests to complete
2025-12-30 11:20:01.770 [tomcat-shutdown] INFO  o.s.b.w.e.tomcat.GracefulShutdown - Graceful shutdown complete
2025-12-30 11:20:01.771 [SpringApplicationShutdownHook] INFO  c.b.s.p.i.handle.QuicDataProcessor - 开始关闭Quic消费线程池
2025-12-30 11:20:01.772 [tomcat-shutdown] INFO  o.s.b.w.e.tomcat.GracefulShutdown - Graceful shutdown complete
2025-12-30 11:20:01.773 [SpringApplicationShutdownHook] INFO  c.b.s.p.i.handle.QuicDataProcessor - 开始关闭Quic消费线程池
2025-12-30 11:20:01.790 [Thread-1] INFO  c.b.solana.database.rocksDb.RocksDb - RocksDB连接已关闭
2025-12-30 11:20:01.791 [Thread-1] INFO  c.b.solana.database.rocksDb.RocksDb - RocksDB连接已关闭
2025-12-30 11:20:06.787 [SpringApplicationShutdownHook] WARN  c.b.s.p.i.handle.QuicDataProcessor - 线程池关闭超时，强制终止剩余任务
2025-12-30 11:20:06.787 [SpringApplicationShutdownHook] WARN  c.b.s.p.i.handle.QuicDataProcessor - 线程池关闭超时，强制终止剩余任务
2025-12-30 11:20:06.787 [quic-consumer-1767064541133] INFO  c.b.s.p.i.handle.QuicDataProcessor - 消费线程被中断，准备退出
2025-12-30 11:20:06.787 [SpringApplicationShutdownHook] INFO  c.b.s.p.i.handle.QuicDataProcessor - Quic消费线程池已关闭
2025-12-30 11:20:06.787 [quic-consumer-1767064542104] INFO  c.b.s.p.i.handle.QuicDataProcessor - 消费线程被中断，准备退出
2025-12-30 11:20:06.787 [SpringApplicationShutdownHook] INFO  c.b.s.p.i.handle.QuicDataProcessor - Quic消费线程池已关闭
2025-12-30 11:20:06.787 [SpringApplicationShutdownHook] WARN  o.s.c.a.CommonAnnotationBeanPostProcessor - Destroy method on bean with name 'blockProducer' threw an exception: java.lang.NullPointerException: Cannot invoke "java.util.concurrent.ScheduledExecutorService.shutdown()" because "this.blockScheduler" is null
2025-12-30 11:20:06.787 [SpringApplicationShutdownHook] WARN  o.s.c.a.CommonAnnotationBeanPostProcessor - Destroy method on bean with name 'blockProducer' threw an exception: java.lang.NullPointerException: Cannot invoke "java.util.concurrent.ScheduledExecutorService.shutdown()" because "this.blockScheduler" is null
2025-12-30 11:20:06.789 [SpringApplicationShutdownHook] INFO  com.bit.solana.config.CommonConfig - 关闭全局调度器
2025-12-30 11:20:06.790 [SpringApplicationShutdownHook] INFO  c.bit.solana.txpool.impl.TxPoolImpl - 开始关闭交易池...
2025-12-30 11:20:06.790 [SpringApplicationShutdownHook] INFO  com.bit.solana.config.CommonConfig - 关闭全局调度器
2025-12-30 11:20:06.790 [SpringApplicationShutdownHook] INFO  c.bit.solana.txpool.impl.TxPoolImpl - 交易池已关闭
2025-12-30 11:20:06.790 [SpringApplicationShutdownHook] INFO  c.bit.solana.txpool.impl.TxPoolImpl - 开始关闭交易池...
2025-12-30 11:20:06.790 [SpringApplicationShutdownHook] INFO  c.b.s.txpool.impl.SubmitPoolImpl - Expired transaction cleanup scheduler shutdown
2025-12-30 11:20:06.790 [SpringApplicationShutdownHook] INFO  c.bit.solana.txpool.impl.TxPoolImpl - 交易池已关闭
2025-12-30 11:20:06.790 [SpringApplicationShutdownHook] INFO  c.b.s.txpool.impl.SubmitPoolImpl - Expired transaction cleanup scheduler shutdown
2025-12-30 11:20:10.731 [main] INFO  com.bit.solana.SolanaApplication - Starting SolanaApplication v1.0.0 using Java 21.0.1 with PID 8712 (F:\workSpace2026\blockchain\solana_java\target\classes started by hcg in F:\workSpace2026\blockchain\solana_java)
2025-12-30 11:20:10.733 [main] INFO  com.bit.solana.SolanaApplication - The following 1 profile is active: "prod"
2025-12-30 11:20:11.495 [main] INFO  o.s.b.w.e.tomcat.TomcatWebServer - Tomcat initialized with port 18333 (http)
2025-12-30 11:20:11.509 [main] INFO  o.a.coyote.http11.Http11NioProtocol - Initializing ProtocolHandler ["http-nio-18333"]
2025-12-30 11:20:11.512 [main] INFO  o.a.catalina.core.StandardService - Starting service [Tomcat]
2025-12-30 11:20:11.513 [main] INFO  o.a.catalina.core.StandardEngine - Starting Servlet engine: [Apache Tomcat/10.1.48]
2025-12-30 11:20:11.554 [main] INFO  o.a.c.c.C.[Tomcat].[localhost].[/] - Initializing Spring embedded WebApplicationContext
2025-12-30 11:20:11.554 [main] INFO  o.s.b.w.s.c.ServletWebServerApplicationContext - Root WebApplicationContext: initialization completed in 790 ms
2025-12-30 11:20:11.637 [main] INFO  c.b.s.txpool.impl.SubmitPoolImpl - SubmitPool initialized with 32 shards, max capacity: 1048576 txs, max size: 1073741824 bytes
2025-12-30 11:20:11.639 [main] INFO  c.b.s.txpool.impl.SubmitPoolImpl - Expired transaction cleanup scheduler initialized, interval: 400ms
2025-12-30 11:20:11.652 [main] INFO  com.bit.solana.config.SystemConfig - 端口8333
2025-12-30 11:20:11.652 [main] INFO  com.bit.solana.config.SystemConfig - 系统数据路径:/solana/proddb
2025-12-30 11:20:11.751 [main] INFO  c.bit.solana.database.rocksDb.RTable - RTable静态初始化完成，加载列族数量：4
2025-12-30 11:20:11.878 [main] INFO  com.bit.solana.SolanaApplication - Starting SolanaApplication v1.0.0 using Java 21.0.1 with PID 29128 (F:\workSpace2026\blockchain\solana_java\target\classes started by hcg in F:\workSpace2026\blockchain\solana_java)
2025-12-30 11:20:11.879 [main] INFO  com.bit.solana.SolanaApplication - The following 1 profile is active: "dev"
2025-12-30 11:20:11.928 [main] INFO  c.b.solana.database.rocksDb.RocksDb - RocksDB创建成功，路径: /solana/proddb，列族总数: 5
2025-12-30 11:20:11.955 [main] INFO  com.bit.solana.config.CommonConfig - 本地节点初始化完成，ID: 74sDMeR9Hq9aJTniBTPxs4b53NdG647rsspgfUF2EiMF, 监听端口: 8333
2025-12-30 11:20:11.955 [main] INFO  com.bit.solana.config.CommonConfig - Base58.encode(selfNodeId)44
2025-12-30 11:20:12.089 [main] INFO  c.b.solana.p2p.impl.PeerServiceImpl - QUIC服务器已启动，监听端口：8333
2025-12-30 11:20:12.091 [main] INFO  c.b.s.p2p.protocol.ProtocolRegistry - 注册有返回值协议处理器：/networkHandshake/1.0.0
2025-12-30 11:20:12.091 [main] INFO  c.b.s.p2p.protocol.ProtocolRegistry - 注册有返回值协议处理器：/ping/1.0.0
2025-12-30 11:20:12.091 [main] INFO  c.b.s.p2p.protocol.ProtocolRegistry - 注册有返回值协议处理器：/text/1.0.0
2025-12-30 11:20:12.291 [main] INFO  c.b.s.p.i.handle.QuicDataProcessor - Quic批量消费线程池初始化完成
2025-12-30 11:20:12.549 [main] INFO  o.s.b.w.e.tomcat.TomcatWebServer - Tomcat initialized with port 18884 (http)
2025-12-30 11:20:12.558 [main] INFO  o.a.coyote.http11.Http11NioProtocol - Initializing ProtocolHandler ["http-nio-18884"]
2025-12-30 11:20:12.559 [main] INFO  o.a.catalina.core.StandardService - Starting service [Tomcat]
2025-12-30 11:20:12.559 [main] INFO  o.a.catalina.core.StandardEngine - Starting Servlet engine: [Apache Tomcat/10.1.48]
2025-12-30 11:20:12.596 [main] INFO  o.a.c.c.C.[Tomcat].[localhost].[/] - Initializing Spring embedded WebApplicationContext
2025-12-30 11:20:12.597 [main] INFO  o.s.b.w.s.c.ServletWebServerApplicationContext - Root WebApplicationContext: initialization completed in 693 ms
2025-12-30 11:20:12.672 [main] INFO  c.b.s.txpool.impl.SubmitPoolImpl - SubmitPool initialized with 32 shards, max capacity: 1048576 txs, max size: 1073741824 bytes
2025-12-30 11:20:12.675 [main] INFO  c.b.s.txpool.impl.SubmitPoolImpl - Expired transaction cleanup scheduler initialized, interval: 400ms
2025-12-30 11:20:12.688 [main] INFO  com.bit.solana.config.SystemConfig - 端口8334
2025-12-30 11:20:12.688 [main] INFO  com.bit.solana.config.SystemConfig - 系统数据路径:/solana/devdb
2025-12-30 11:20:12.695 [main] INFO  o.a.coyote.http11.Http11NioProtocol - Starting ProtocolHandler ["http-nio-18333"]
2025-12-30 11:20:12.702 [main] INFO  o.s.b.w.e.tomcat.TomcatWebServer - Tomcat started on port 18333 (http) with context path '/'
2025-12-30 11:20:12.706 [main] INFO  c.b.s.rpc.RpcServiceAutoRegister - 开始自动扫描并注册RPC服务...
2025-12-30 11:20:12.781 [main] WARN  c.bit.solana.rpc.RpcServiceRegistry - 没有需要注册的RPC服务
2025-12-30 11:20:12.781 [main] INFO  c.b.s.rpc.RpcServiceAutoRegister - RPC服务自动注册完成 | 总数量: 0 | 已注册列表: []
2025-12-30 11:20:12.781 [main] INFO  com.bit.solana.SolanaApplication - Started SolanaApplication in 2.57 seconds (process running for 3.031)
2025-12-30 11:20:12.786 [main] INFO  c.bit.solana.database.rocksDb.RTable - RTable静态初始化完成，加载列族数量：4
2025-12-30 11:20:12.884 [main] INFO  org.bitcoinj.crypto.MnemonicCode - PBKDF2 took 23.30 ms
2025-12-30 11:20:12.903 [main] INFO  com.bit.solana.SolanaApplication - 预热耗时120ms
2025-12-30 11:20:12.954 [main] INFO  c.b.solana.database.rocksDb.RocksDb - RocksDB创建成功，路径: /solana/devdb，列族总数: 5
2025-12-30 11:20:12.978 [main] INFO  com.bit.solana.config.CommonConfig - 本地节点初始化完成，ID: BJfacYs27FRthbjxKaEHrJRbnd8kMyfSRReg7qunstkh, 监听端口: 8334
2025-12-30 11:20:12.978 [main] INFO  com.bit.solana.config.CommonConfig - Base58.encode(selfNodeId)44
2025-12-30 11:20:13.129 [main] INFO  c.b.solana.p2p.impl.PeerServiceImpl - QUIC服务器已启动，监听端口：8334
2025-12-30 11:20:13.132 [main] INFO  c.b.s.p2p.protocol.ProtocolRegistry - 注册有返回值协议处理器：/networkHandshake/1.0.0
2025-12-30 11:20:13.132 [main] INFO  c.b.s.p2p.protocol.ProtocolRegistry - 注册有返回值协议处理器：/ping/1.0.0
2025-12-30 11:20:13.132 [main] INFO  c.b.s.p2p.protocol.ProtocolRegistry - 注册有返回值协议处理器：/text/1.0.0
2025-12-30 11:20:13.326 [main] INFO  c.b.s.p.i.handle.QuicDataProcessor - Quic批量消费线程池初始化完成
2025-12-30 11:20:13.694 [main] INFO  o.a.coyote.http11.Http11NioProtocol - Starting ProtocolHandler ["http-nio-18884"]
2025-12-30 11:20:13.701 [main] INFO  o.s.b.w.e.tomcat.TomcatWebServer - Tomcat started on port 18884 (http) with context path '/'
2025-12-30 11:20:13.704 [main] INFO  c.b.s.rpc.RpcServiceAutoRegister - 开始自动扫描并注册RPC服务...
2025-12-30 11:20:13.785 [main] WARN  c.bit.solana.rpc.RpcServiceRegistry - 没有需要注册的RPC服务
2025-12-30 11:20:13.785 [main] INFO  c.b.s.rpc.RpcServiceAutoRegister - RPC服务自动注册完成 | 总数量: 0 | 已注册列表: []
2025-12-30 11:20:13.785 [main] INFO  com.bit.solana.SolanaApplication - Started SolanaApplication in 2.293 seconds (process running for 2.804)
2025-12-30 11:20:13.873 [main] INFO  org.bitcoinj.crypto.MnemonicCode - PBKDF2 took 24.72 ms
2025-12-30 11:20:13.886 [main] INFO  com.bit.solana.SolanaApplication - 预热耗时100ms
2025-12-30 11:41:20.234 [http-nio-18333-exec-1] INFO  o.a.c.c.C.[Tomcat].[localhost].[/] - Initializing Spring DispatcherServlet 'dispatcherServlet'
2025-12-30 11:41:20.234 [http-nio-18333-exec-1] INFO  o.s.web.servlet.DispatcherServlet - Initializing Servlet 'dispatcherServlet'
2025-12-30 11:41:20.234 [http-nio-18333-exec-1] INFO  o.s.web.servlet.DispatcherServlet - Completed initialization in 0 ms
2025-12-30 11:41:20.264 [http-nio-18333-exec-1] INFO  com.bit.solana.p2p.impl.PeerClient - 节点IDBJfacYs27FRthbjxKaEHrJRbnd8kMyfSRReg7qunstkh
2025-12-30 11:41:20.268 [http-nio-18333-exec-1] ERROR o.a.c.c.C.[.[.[.[dispatcherServlet] - Servlet.service() for servlet [dispatcherServlet] in context with path [] threw exception [Request processing failed: java.lang.NullPointerException: Cannot invoke "com.bit.solana.p2p.quic.QuicConnection.sendData(byte[])" because "peerConnection" is null] with root cause
java.lang.NullPointerException: Cannot invoke "com.bit.solana.p2p.quic.QuicConnection.sendData(byte[])" because "peerConnection" is null
	at com.bit.solana.p2p.impl.PeerClient.sendData(PeerClient.java:94)
	at com.bit.solana.api.mock.MockApi.sendMsg(MockApi.java:94)
	at java.base/jdk.internal.reflect.DirectMethodHandleAccessor.invoke(DirectMethodHandleAccessor.java:103)
	at java.base/java.lang.reflect.Method.invoke(Method.java:580)
	at org.springframework.web.method.support.InvocableHandlerMethod.doInvoke(InvocableHandlerMethod.java:258)
	at org.springframework.web.method.support.InvocableHandlerMethod.invokeForRequest(InvocableHandlerMethod.java:191)
	at org.springframework.web.servlet.mvc.method.annotation.ServletInvocableHandlerMethod.invokeAndHandle(ServletInvocableHandlerMethod.java:118)
	at org.springframework.web.servlet.mvc.method.annotation.RequestMappingHandlerAdapter.invokeHandlerMethod(RequestMappingHandlerAdapter.java:991)
	at org.springframework.web.servlet.mvc.method.annotation.RequestMappingHandlerAdapter.handleInternal(RequestMappingHandlerAdapter.java:896)
	at org.springframework.web.servlet.mvc.method.AbstractHandlerMethodAdapter.handle(AbstractHandlerMethodAdapter.java:87)
	at org.springframework.web.servlet.DispatcherServlet.doDispatch(DispatcherServlet.java:1089)
	at org.springframework.web.servlet.DispatcherServlet.doService(DispatcherServlet.java:979)
	at org.springframework.web.servlet.FrameworkServlet.processRequest(FrameworkServlet.java:1014)
	at org.springframework.web.servlet.FrameworkServlet.doGet(FrameworkServlet.java:903)
	at jakarta.servlet.http.HttpServlet.service(HttpServlet.java:564)
	at org.springframework.web.servlet.FrameworkServlet.service(FrameworkServlet.java:885)
	at jakarta.servlet.http.HttpServlet.service(HttpServlet.java:658)
	at org.apache.catalina.core.ApplicationFilterChain.internalDoFilter(ApplicationFilterChain.java:193)
	at org.apache.catalina.core.ApplicationFilterChain.doFilter(ApplicationFilterChain.java:138)
	at org.apache.tomcat.websocket.server.WsFilter.doFilter(WsFilter.java:51)
	at org.apache.catalina.core.ApplicationFilterChain.internalDoFilter(ApplicationFilterChain.java:162)
	at org.apache.catalina.core.ApplicationFilterChain.doFilter(ApplicationFilterChain.java:138)
	at org.springframework.web.filter.RequestContextFilter.doFilterInternal(RequestContextFilter.java:100)
	at org.springframework.web.filter.OncePerRequestFilter.doFilter(OncePerRequestFilter.java:116)
	at org.apache.catalina.core.ApplicationFilterChain.internalDoFilter(ApplicationFilterChain.java:162)
	at org.apache.catalina.core.ApplicationFilterChain.doFilter(ApplicationFilterChain.java:138)
	at org.springframework.web.filter.FormContentFilter.doFilterInternal(FormContentFilter.java:93)
	at org.springframework.web.filter.OncePerRequestFilter.doFilter(OncePerRequestFilter.java:116)
	at org.apache.catalina.core.ApplicationFilterChain.internalDoFilter(ApplicationFilterChain.java:162)
	at org.apache.catalina.core.ApplicationFilterChain.doFilter(ApplicationFilterChain.java:138)
	at org.springframework.web.filter.CharacterEncodingFilter.doFilterInternal(CharacterEncodingFilter.java:201)
	at org.springframework.web.filter.OncePerRequestFilter.doFilter(OncePerRequestFilter.java:116)
	at org.apache.catalina.core.ApplicationFilterChain.internalDoFilter(ApplicationFilterChain.java:162)
	at org.apache.catalina.core.ApplicationFilterChain.doFilter(ApplicationFilterChain.java:138)
	at org.apache.catalina.core.StandardWrapperValve.invoke(StandardWrapperValve.java:165)
	at org.apache.catalina.core.StandardContextValve.invoke(StandardContextValve.java:88)
	at org.apache.catalina.authenticator.AuthenticatorBase.invoke(AuthenticatorBase.java:482)
	at org.apache.catalina.core.StandardHostValve.invoke(StandardHostValve.java:113)
	at org.apache.catalina.valves.ErrorReportValve.invoke(ErrorReportValve.java:83)
	at org.apache.catalina.core.StandardEngineValve.invoke(StandardEngineValve.java:72)
	at org.apache.catalina.connector.CoyoteAdapter.service(CoyoteAdapter.java:342)
	at org.apache.coyote.http11.Http11Processor.service(Http11Processor.java:399)
	at org.apache.coyote.AbstractProcessorLight.process(AbstractProcessorLight.java:63)
	at org.apache.coyote.AbstractProtocol$ConnectionHandler.process(AbstractProtocol.java:903)
	at org.apache.tomcat.util.net.NioEndpoint$SocketProcessor.doRun(NioEndpoint.java:1774)
	at org.apache.tomcat.util.net.SocketProcessorBase.run(SocketProcessorBase.java:52)
	at org.apache.tomcat.util.threads.ThreadPoolExecutor.runWorker(ThreadPoolExecutor.java:973)
	at org.apache.tomcat.util.threads.ThreadPoolExecutor$Worker.run(ThreadPoolExecutor.java:491)
	at org.apache.tomcat.util.threads.TaskThread$WrappingRunnable.run(TaskThread.java:63)
	at java.base/java.lang.Thread.run(Thread.java:1583)
2025-12-30 11:41:23.261 [http-nio-18333-exec-4] INFO  c.b.s.p2p.quic.QuicConnectionManager - 节点IDBJfacYs27FRthbjxKaEHrJRbnd8kMyfSRReg7qunstkh
2025-12-30 11:41:23.266 [http-nio-18333-exec-4] INFO  c.b.s.p2p.quic.QuicConnectionManager - 握手长度！68
2025-12-30 11:41:23.299 [udp-io-thread-1-1] INFO  c.bit.solana.p2p.quic.QuicConnection - 入站连接过期检查任务启动，连接ID:131602509247545344，检查间隔:2000ms，过期阈值:2000ms
2025-12-30 11:41:23.299 [udp-io-thread-1-1] INFO  c.b.s.p2p.quic.QuicConnectionManager - [连接添加] 连接ID:131602509247545344
2025-12-30 11:41:23.303 [udp-io-thread-1-1] INFO  c.bit.solana.p2p.quic.QuicConnection - 共享加密密钥对sharedSecret: 628fa79371404c01fb2b3a8544adb6c0382d33136bad5e0d2e73ae67f497c908
2025-12-30 11:41:23.305 [udp-io-thread-1-1] INFO  c.bit.solana.p2p.quic.QuicConnection - [连接响应发送成功] 节点ID:131602509247545344
2025-12-30 11:41:23.312 [udp-io-thread-1-1] INFO  c.bit.solana.p2p.quic.QuicConnection - 入站连接过期检查任务启动，连接ID:131602509247545344，检查间隔:2000ms，过期阈值:2000ms
2025-12-30 11:41:23.312 [udp-io-thread-1-1] INFO  c.b.s.p2p.quic.QuicConnectionManager - [连接添加] 连接ID:131602509247545344
2025-12-30 11:41:23.313 [udp-io-thread-1-1] INFO  c.bit.solana.p2p.quic.QuicConnection - 处理连接响应QuicFrame(connectionId=131602509247545344, dataId=131602509247545345, total=1, frameType=8, sequence=0, frameTotalLength=97, payload=[26, 32, -103, 27, 93, 114, -18, 34, -9, 29, 53, 54, 12, -37, 119, 125, -108, -5, -98, 67, -14, -72, 104, 106, -125, -70, -22, -68, 76, 25, 40, -94, -104, 50, 58, 32, 9, 9, -90, -36, -85, -28, 92, -92, -23, 121, 127, -69, 22, 110, 121, -29, 109, -22, 6, -70, -89, -74, -66, -47, -76, -6, 47, 43, -32, 66, 101, 31], remoteAddress=/127.0.0.1:8334, time=0, handle=io.netty.util.Recycler$DefaultHandle@5cfb4e26)
2025-12-30 11:41:23.319 [http-nio-18333-exec-4] INFO  c.b.s.p2p.quic.QuicConnectionManager - 响应帧QuicFrame(connectionId=131602509247545344, dataId=131602509247545345, total=1, frameType=8, sequence=0, frameTotalLength=97, payload=[26, 32, -103, 27, 93, 114, -18, 34, -9, 29, 53, 54, 12, -37, 119, 125, -108, -5, -98, 67, -14, -72, 104, 106, -125, -70, -22, -68, 76, 25, 40, -94, -104, 50, 58, 32, 9, 9, -90, -36, -85, -28, 92, -92, -23, 121, 127, -69, 22, 110, 121, -29, 109, -22, 6, -70, -89, -74, -66, -47, -76, -6, 47, 43, -32, 66, 101, 31], remoteAddress=/127.0.0.1:8334, time=0, handle=io.netty.util.Recycler$DefaultHandle@5cfb4e26)
2025-12-30 11:41:23.322 [http-nio-18333-exec-4] INFO  c.b.s.p2p.quic.QuicConnectionManager - 生成助记词耗时3ms
2025-12-30 11:41:23.323 [http-nio-18333-exec-4] INFO  c.b.s.p2p.quic.QuicConnectionManager - 协商共享密钥是:628fa79371404c01fb2b3a8544adb6c0382d33136bad5e0d2e73ae67f497c908
2025-12-30 11:41:23.323 [http-nio-18333-exec-4] INFO  c.bit.solana.p2p.quic.QuicConnection - 连接任务已停止，连接ID:131602509247545344（出站:false）
2025-12-30 11:41:23.323 [http-nio-18333-exec-4] INFO  c.bit.solana.p2p.quic.QuicConnection - 出站连接心跳任务启动，连接ID:131602509247545344，心跳间隔:500ms，过期阈值:2000ms
2025-12-30 11:41:23.323 [http-nio-18333-exec-4] INFO  c.b.s.p2p.quic.QuicConnectionManager - [连接添加] 连接ID:131602509247545344
2025-12-30 11:41:25.315 [http-nio-18333-exec-5] INFO  com.bit.solana.p2p.impl.PeerClient - 节点IDBJfacYs27FRthbjxKaEHrJRbnd8kMyfSRReg7qunstkh
2025-12-30 11:41:25.316 [http-nio-18333-exec-5] INFO  c.bit.solana.p2p.quic.SendQuicData - [开始发送] 连接ID:131602509247545344 数据ID:131602517862645760 总帧数:2
2025-12-30 11:41:25.321 [udp-io-thread-1-1] INFO  c.b.solana.p2p.quic.ReceiveQuicData - [初始化数据] 连接ID:131602509247545344 数据ID:131602517862645760 总帧数:2
2025-12-30 11:41:25.322 [http-nio-18333-exec-5] INFO  c.bit.solana.p2p.quic.SendQuicData - [重传定时器启动] 连接ID:131602509247545344 数据ID:131602517862645760 首次重传延迟:500ms 后续重传间隔:20ms
2025-12-30 11:41:25.323 [udp-io-thread-1-1] INFO  c.b.solana.p2p.quic.ReceiveQuicData - 所有帧接收完成
2025-12-30 11:41:25.323 [udp-io-thread-1-1] INFO  c.b.solana.p2p.quic.ReceiveQuicData - 完整数据长度1480 数据ID131602517862645760
2025-12-30 11:41:25.323 [udp-io-thread-1-1] INFO  c.bit.solana.p2p.quic.SendQuicData - [所有帧通过批量ACK确认] 连接ID:131602509247545344 数据ID:131602517862645760 传输完成
2025-12-30 11:41:25.323 [udp-io-thread-1-1] INFO  c.bit.solana.p2p.quic.SendQuicData - 数据发送完毕
2025-12-30 11:41:25.323 [udp-io-thread-1-1] INFO  c.bit.solana.p2p.quic.QuicConnection - 添加发送数据
2025-12-30 11:41:25.323 [udp-io-thread-1-1] INFO  c.bit.solana.p2p.quic.SendQuicData - 全部样本的平均时间0.0
2025-12-30 11:41:25.323 [udp-io-thread-1-1] INFO  c.bit.solana.p2p.quic.SendQuicData - 预测9.11586E7
2025-12-30 11:41:25.325 [quic-consumer-1767064813326] INFO  c.b.s.p.i.handle.QuicDataProcessor - 收到请求: P2PMessage{senderId=74sDMeR9Hq9aJTniBTPxs4b53NdG647rsspgfUF2EiMF, messageId=019b6d58a7c376ce99d55253515b1ea8, requestId=019b6d58a7c376ce99d55253515b1ea8, reqResFlag=0, type=5, length=1400, version=1}
2025-12-30 11:41:25.328 [quic-consumer-1767064813326] INFO  c.b.s.p2p.protocol.impl.TextHandler - 数据长度1400
2025-12-30 11:41:25.332 [quic-consumer-1767064813326] INFO  c.bit.solana.p2p.quic.SendQuicData - [开始发送] 连接ID:131602509247545344 数据ID:131602517929754624 总帧数:1
2025-12-30 11:41:25.336 [udp-io-thread-1-1] INFO  c.b.solana.p2p.quic.ReceiveQuicData - [初始化数据] 连接ID:131602509247545344 数据ID:131602517929754624 总帧数:1
2025-12-30 11:41:25.336 [quic-consumer-1767064813326] INFO  c.bit.solana.p2p.quic.SendQuicData - [重传定时器启动] 连接ID:131602509247545344 数据ID:131602517929754624 首次重传延迟:500ms 后续重传间隔:20ms
2025-12-30 11:41:25.336 [quic-consumer-1767064813326] INFO  c.b.s.p.i.handle.QuicDataProcessor - 本次批量处理完成，共处理1条消息
2025-12-30 11:41:25.337 [udp-io-thread-1-1] INFO  c.b.solana.p2p.quic.ReceiveQuicData - 所有帧接收完成
2025-12-30 11:41:25.337 [udp-io-thread-1-1] INFO  c.b.solana.p2p.quic.ReceiveQuicData - 完整数据长度101 数据ID131602517929754624
2025-12-30 11:41:25.337 [udp-io-thread-1-1] INFO  c.bit.solana.p2p.quic.SendQuicData - [所有帧通过批量ACK确认] 连接ID:131602509247545344 数据ID:131602517929754624 传输完成
2025-12-30 11:41:25.337 [udp-io-thread-1-1] INFO  c.bit.solana.p2p.quic.SendQuicData - 数据发送完毕
2025-12-30 11:41:25.338 [udp-io-thread-1-1] INFO  c.bit.solana.p2p.quic.QuicConnection - 添加发送数据
2025-12-30 11:41:25.338 [udp-io-thread-1-1] INFO  c.bit.solana.p2p.quic.SendQuicData - 全部样本的平均时间0.0
2025-12-30 11:41:25.338 [udp-io-thread-1-1] INFO  c.bit.solana.p2p.quic.SendQuicData - 预测1.14608E7
2025-12-30 11:41:25.337 [quic-consumer-1767064812291] INFO  c.b.s.p.i.handle.QuicDataProcessor - 收到响应: P2PMessage{senderId=BJfacYs27FRthbjxKaEHrJRbnd8kMyfSRReg7qunstkh, messageId=019b6d58a7d17f928cb8abb99c968862, requestId=019b6d58a7c376ce99d55253515b1ea8, reqResFlag=1, type=5, length=21, version=1}
2025-12-30 11:41:25.341 [quic-consumer-1767064812291] INFO  c.b.s.p.i.handle.QuicDataProcessor - 本次批量处理完成，共处理1条消息
2025-12-30 11:41:25.341 [http-nio-18333-exec-5] INFO  com.bit.solana.api.mock.MockApi - 节点回复：我已经收到回复
2025-12-30 11:41:26.145 [http-nio-18333-exec-6] INFO  com.bit.solana.p2p.impl.PeerClient - 节点IDBJfacYs27FRthbjxKaEHrJRbnd8kMyfSRReg7qunstkh
2025-12-30 11:41:26.145 [http-nio-18333-exec-6] INFO  c.bit.solana.p2p.quic.SendQuicData - [开始发送] 连接ID:131602509247545344 数据ID:131602521343918080 总帧数:2
2025-12-30 11:41:26.148 [http-nio-18333-exec-6] INFO  c.bit.solana.p2p.quic.SendQuicData - [重传定时器启动] 连接ID:131602509247545344 数据ID:131602521343918080 首次重传延迟:500ms 后续重传间隔:20ms
2025-12-30 11:41:26.149 [udp-io-thread-1-1] INFO  c.b.solana.p2p.quic.ReceiveQuicData - [初始化数据] 连接ID:131602509247545344 数据ID:131602521343918080 总帧数:2
2025-12-30 11:41:26.149 [udp-io-thread-1-1] INFO  c.b.solana.p2p.quic.ReceiveQuicData - 所有帧接收完成
2025-12-30 11:41:26.149 [udp-io-thread-1-1] INFO  c.b.solana.p2p.quic.ReceiveQuicData - 完整数据长度1480 数据ID131602521343918080
2025-12-30 11:41:26.149 [quic-consumer-1767064813326] INFO  c.b.s.p.i.handle.QuicDataProcessor - 收到请求: P2PMessage{senderId=74sDMeR9Hq9aJTniBTPxs4b53NdG647rsspgfUF2EiMF, messageId=019b6d58ab017518a1e890eb1c770764, requestId=019b6d58ab017518a1e890eb1c770764, reqResFlag=0, type=5, length=1400, version=1}
2025-12-30 11:41:26.150 [quic-consumer-1767064813326] INFO  c.b.s.p2p.protocol.impl.TextHandler - 数据长度1400
2025-12-30 11:41:26.150 [quic-consumer-1767064813326] INFO  c.bit.solana.p2p.quic.SendQuicData - [开始发送] 连接ID:131602509247545344 数据ID:131602521364889600 总帧数:1
2025-12-30 11:41:26.150 [udp-io-thread-1-1] INFO  c.bit.solana.p2p.quic.SendQuicData - [所有帧通过批量ACK确认] 连接ID:131602509247545344 数据ID:131602521343918080 传输完成
2025-12-30 11:41:26.150 [udp-io-thread-1-1] INFO  c.bit.solana.p2p.quic.SendQuicData - 数据发送完毕
2025-12-30 11:41:26.150 [udp-io-thread-1-1] INFO  c.bit.solana.p2p.quic.QuicConnection - 添加发送数据
2025-12-30 11:41:26.150 [udp-io-thread-1-1] INFO  c.bit.solana.p2p.quic.SendQuicData - 全部样本的平均时间0.0
2025-12-30 11:41:26.150 [udp-io-thread-1-1] INFO  c.bit.solana.p2p.quic.SendQuicData - 预测7.252175E7
2025-12-30 11:41:26.150 [quic-consumer-1767064813326] INFO  c.bit.solana.p2p.quic.SendQuicData - [重传定时器启动] 连接ID:131602509247545344 数据ID:131602521364889600 首次重传延迟:500ms 后续重传间隔:20ms
2025-12-30 11:41:26.150 [quic-consumer-1767064813326] INFO  c.b.s.p.i.handle.QuicDataProcessor - 本次批量处理完成，共处理1条消息
2025-12-30 11:41:26.151 [udp-io-thread-1-1] INFO  c.b.solana.p2p.quic.ReceiveQuicData - [初始化数据] 连接ID:131602509247545344 数据ID:131602521364889600 总帧数:1
2025-12-30 11:41:26.151 [udp-io-thread-1-1] INFO  c.b.solana.p2p.quic.ReceiveQuicData - 所有帧接收完成
2025-12-30 11:41:26.151 [udp-io-thread-1-1] INFO  c.b.solana.p2p.quic.ReceiveQuicData - 完整数据长度101 数据ID131602521364889600
2025-12-30 11:41:26.151 [quic-consumer-1767064812291] INFO  c.b.s.p.i.handle.QuicDataProcessor - 收到响应: P2PMessage{senderId=BJfacYs27FRthbjxKaEHrJRbnd8kMyfSRReg7qunstkh, messageId=019b6d58ab06787d86bb3d12389d61da, requestId=019b6d58ab017518a1e890eb1c770764, reqResFlag=1, type=5, length=21, version=1}
2025-12-30 11:41:26.151 [quic-consumer-1767064812291] INFO  c.b.s.p.i.handle.QuicDataProcessor - 本次批量处理完成，共处理1条消息
2025-12-30 11:41:26.151 [http-nio-18333-exec-6] INFO  com.bit.solana.api.mock.MockApi - 节点回复：我已经收到回复
2025-12-30 11:41:26.151 [udp-io-thread-1-1] INFO  c.bit.solana.p2p.quic.SendQuicData - [所有帧通过批量ACK确认] 连接ID:131602509247545344 数据ID:131602521364889600 传输完成
2025-12-30 11:41:26.152 [udp-io-thread-1-1] INFO  c.bit.solana.p2p.quic.SendQuicData - 数据发送完毕
2025-12-30 11:41:26.152 [udp-io-thread-1-1] INFO  c.bit.solana.p2p.quic.QuicConnection - 添加发送数据
2025-12-30 11:41:26.152 [udp-io-thread-1-1] INFO  c.bit.solana.p2p.quic.SendQuicData - 全部样本的平均时间0.0
2025-12-30 11:41:26.152 [udp-io-thread-1-1] INFO  c.bit.solana.p2p.quic.SendQuicData - 预测3.0276E7
2025-12-30 11:41:26.939 [http-nio-18333-exec-10] INFO  com.bit.solana.p2p.impl.PeerClient - 节点IDBJfacYs27FRthbjxKaEHrJRbnd8kMyfSRReg7qunstkh
2025-12-30 11:41:26.939 [http-nio-18333-exec-10] INFO  c.bit.solana.p2p.quic.SendQuicData - [开始发送] 连接ID:131602509247545344 数据ID:131602524674195456 总帧数:2
2025-12-30 11:41:26.943 [http-nio-18333-exec-10] INFO  c.bit.solana.p2p.quic.SendQuicData - [重传定时器启动] 连接ID:131602509247545344 数据ID:131602524674195456 首次重传延迟:500ms 后续重传间隔:20ms
2025-12-30 11:41:26.943 [udp-io-thread-1-1] INFO  c.b.solana.p2p.quic.ReceiveQuicData - [初始化数据] 连接ID:131602509247545344 数据ID:131602524674195456 总帧数:2
2025-12-30 11:41:26.944 [udp-io-thread-1-1] INFO  c.b.solana.p2p.quic.ReceiveQuicData - 所有帧接收完成
2025-12-30 11:41:26.944 [udp-io-thread-1-1] INFO  c.b.solana.p2p.quic.ReceiveQuicData - 完整数据长度1480 数据ID131602524674195456
2025-12-30 11:41:26.944 [udp-io-thread-1-1] INFO  c.bit.solana.p2p.quic.SendQuicData - [所有帧通过批量ACK确认] 连接ID:131602509247545344 数据ID:131602524674195456 传输完成
2025-12-30 11:41:26.944 [udp-io-thread-1-1] INFO  c.bit.solana.p2p.quic.SendQuicData - 数据发送完毕
2025-12-30 11:41:26.944 [udp-io-thread-1-1] INFO  c.bit.solana.p2p.quic.QuicConnection - 添加发送数据
2025-12-30 11:41:26.944 [udp-io-thread-1-1] INFO  c.bit.solana.p2p.quic.SendQuicData - 全部样本的平均时间0.0
2025-12-30 11:41:26.944 [udp-io-thread-1-1] INFO  c.bit.solana.p2p.quic.SendQuicData - 预测5.88932E7
2025-12-30 11:41:26.944 [quic-consumer-1767064813326] INFO  c.b.s.p.i.handle.QuicDataProcessor - 收到请求: P2PMessage{senderId=74sDMeR9Hq9aJTniBTPxs4b53NdG647rsspgfUF2EiMF, messageId=019b6d58ae1b784b9a1241f2fa54f906, requestId=019b6d58ae1b784b9a1241f2fa54f906, reqResFlag=0, type=5, length=1400, version=1}
2025-12-30 11:41:26.944 [quic-consumer-1767064813326] INFO  c.b.s.p2p.protocol.impl.TextHandler - 数据长度1400
2025-12-30 11:41:26.944 [quic-consumer-1767064813326] INFO  c.bit.solana.p2p.quic.SendQuicData - [开始发送] 连接ID:131602509247545344 数据ID:131602524695166976 总帧数:1
2025-12-30 11:41:26.944 [quic-consumer-1767064813326] INFO  c.bit.solana.p2p.quic.SendQuicData - [重传定时器启动] 连接ID:131602509247545344 数据ID:131602524695166976 首次重传延迟:500ms 后续重传间隔:20ms
2025-12-30 11:41:26.944 [quic-consumer-1767064813326] INFO  c.b.s.p.i.handle.QuicDataProcessor - 本次批量处理完成，共处理1条消息
2025-12-30 11:41:26.945 [udp-io-thread-1-1] INFO  c.b.solana.p2p.quic.ReceiveQuicData - [初始化数据] 连接ID:131602509247545344 数据ID:131602524695166976 总帧数:1
2025-12-30 11:41:26.945 [udp-io-thread-1-1] INFO  c.b.solana.p2p.quic.ReceiveQuicData - 所有帧接收完成
2025-12-30 11:41:26.945 [udp-io-thread-1-1] INFO  c.b.solana.p2p.quic.ReceiveQuicData - 完整数据长度101 数据ID131602524695166976
2025-12-30 11:41:26.945 [udp-io-thread-1-1] INFO  c.bit.solana.p2p.quic.SendQuicData - [所有帧通过批量ACK确认] 连接ID:131602509247545344 数据ID:131602524695166976 传输完成
2025-12-30 11:41:26.945 [udp-io-thread-1-1] INFO  c.bit.solana.p2p.quic.SendQuicData - 数据发送完毕
2025-12-30 11:41:26.945 [udp-io-thread-1-1] INFO  c.bit.solana.p2p.quic.QuicConnection - 添加发送数据
2025-12-30 11:41:26.945 [quic-consumer-1767064812291] INFO  c.b.s.p.i.handle.QuicDataProcessor - 收到响应: P2PMessage{senderId=BJfacYs27FRthbjxKaEHrJRbnd8kMyfSRReg7qunstkh, messageId=019b6d58ae20793189a345b8072d8c5b, requestId=019b6d58ae1b784b9a1241f2fa54f906, reqResFlag=1, type=5, length=21, version=1}
2025-12-30 11:41:26.945 [udp-io-thread-1-1] INFO  c.bit.solana.p2p.quic.SendQuicData - 全部样本的平均时间0.0
2025-12-30 11:41:26.945 [udp-io-thread-1-1] INFO  c.bit.solana.p2p.quic.SendQuicData - 预测2.9025133333333332E7
2025-12-30 11:41:26.945 [quic-consumer-1767064812291] INFO  c.b.s.p.i.handle.QuicDataProcessor - 本次批量处理完成，共处理1条消息
2025-12-30 11:41:26.945 [http-nio-18333-exec-10] INFO  com.bit.solana.api.mock.MockApi - 节点回复：我已经收到回复
2025-12-30 11:41:27.696 [http-nio-18333-exec-8] INFO  com.bit.solana.p2p.impl.PeerClient - 节点IDBJfacYs27FRthbjxKaEHrJRbnd8kMyfSRReg7qunstkh
2025-12-30 11:41:27.696 [http-nio-18333-exec-8] INFO  c.bit.solana.p2p.quic.SendQuicData - [开始发送] 连接ID:131602509247545344 数据ID:131602527849283584 总帧数:2
2025-12-30 11:41:27.700 [http-nio-18333-exec-8] INFO  c.bit.solana.p2p.quic.SendQuicData - [重传定时器启动] 连接ID:131602509247545344 数据ID:131602527849283584 首次重传延迟:500ms 后续重传间隔:20ms
2025-12-30 11:41:27.700 [udp-io-thread-1-1] INFO  c.b.solana.p2p.quic.ReceiveQuicData - [初始化数据] 连接ID:131602509247545344 数据ID:131602527849283584 总帧数:2
2025-12-30 11:41:27.701 [udp-io-thread-1-1] INFO  c.b.solana.p2p.quic.ReceiveQuicData - 所有帧接收完成
2025-12-30 11:41:27.701 [udp-io-thread-1-1] INFO  c.b.solana.p2p.quic.ReceiveQuicData - 完整数据长度1480 数据ID131602527849283584
2025-12-30 11:41:27.701 [udp-io-thread-1-1] INFO  c.bit.solana.p2p.quic.SendQuicData - [所有帧通过批量ACK确认] 连接ID:131602509247545344 数据ID:131602527849283584 传输完成
2025-12-30 11:41:27.701 [udp-io-thread-1-1] INFO  c.bit.solana.p2p.quic.SendQuicData - 数据发送完毕
2025-12-30 11:41:27.701 [udp-io-thread-1-1] INFO  c.bit.solana.p2p.quic.QuicConnection - 添加发送数据
2025-12-30 11:41:27.701 [udp-io-thread-1-1] INFO  c.bit.solana.p2p.quic.SendQuicData - 全部样本的平均时间0.0
2025-12-30 11:41:27.701 [udp-io-thread-1-1] INFO  c.bit.solana.p2p.quic.SendQuicData - 预测5.9311525E7
2025-12-30 11:41:27.701 [quic-consumer-1767064813326] INFO  c.b.s.p.i.handle.QuicDataProcessor - 收到请求: P2PMessage{senderId=74sDMeR9Hq9aJTniBTPxs4b53NdG647rsspgfUF2EiMF, messageId=019b6d58b10f7eb0bc6df09bf84cb0d2, requestId=019b6d58b10f7eb0bc6df09bf84cb0d2, reqResFlag=0, type=5, length=1400, version=1}
2025-12-30 11:41:27.702 [quic-consumer-1767064813326] INFO  c.b.s.p2p.protocol.impl.TextHandler - 数据长度1400
2025-12-30 11:41:27.702 [quic-consumer-1767064813326] INFO  c.bit.solana.p2p.quic.SendQuicData - [开始发送] 连接ID:131602509247545344 数据ID:131602527874449408 总帧数:1
2025-12-30 11:41:27.702 [quic-consumer-1767064813326] INFO  c.bit.solana.p2p.quic.SendQuicData - [重传定时器启动] 连接ID:131602509247545344 数据ID:131602527874449408 首次重传延迟:500ms 后续重传间隔:20ms
2025-12-30 11:41:27.702 [quic-consumer-1767064813326] INFO  c.b.s.p.i.handle.QuicDataProcessor - 本次批量处理完成，共处理1条消息
2025-12-30 11:41:27.702 [udp-io-thread-1-1] INFO  c.b.solana.p2p.quic.ReceiveQuicData - [初始化数据] 连接ID:131602509247545344 数据ID:131602527874449408 总帧数:1
2025-12-30 11:41:27.703 [udp-io-thread-1-1] INFO  c.b.solana.p2p.quic.ReceiveQuicData - 所有帧接收完成
2025-12-30 11:41:27.703 [udp-io-thread-1-1] INFO  c.b.solana.p2p.quic.ReceiveQuicData - 完整数据长度101 数据ID131602527874449408
2025-12-30 11:41:27.703 [udp-io-thread-1-1] INFO  c.bit.solana.p2p.quic.SendQuicData - [所有帧通过批量ACK确认] 连接ID:131602509247545344 数据ID:131602527874449408 传输完成
2025-12-30 11:41:27.703 [udp-io-thread-1-1] INFO  c.bit.solana.p2p.quic.SendQuicData - 数据发送完毕
2025-12-30 11:41:27.703 [udp-io-thread-1-1] INFO  c.bit.solana.p2p.quic.QuicConnection - 添加发送数据
2025-12-30 11:41:27.703 [udp-io-thread-1-1] INFO  c.bit.solana.p2p.quic.SendQuicData - 全部样本的平均时间0.0
2025-12-30 11:41:27.703 [udp-io-thread-1-1] INFO  c.bit.solana.p2p.quic.SendQuicData - 预测2.991205E7
2025-12-30 11:41:27.703 [quic-consumer-1767064812291] INFO  c.b.s.p.i.handle.QuicDataProcessor - 收到响应: P2PMessage{senderId=BJfacYs27FRthbjxKaEHrJRbnd8kMyfSRReg7qunstkh, messageId=019b6d58b11672a48eb0f9dbae40f81a, requestId=019b6d58b10f7eb0bc6df09bf84cb0d2, reqResFlag=1, type=5, length=21, version=1}
2025-12-30 11:41:27.703 [quic-consumer-1767064812291] INFO  c.b.s.p.i.handle.QuicDataProcessor - 本次批量处理完成，共处理1条消息
2025-12-30 11:41:27.703 [http-nio-18333-exec-8] INFO  com.bit.solana.api.mock.MockApi - 节点回复：我已经收到回复
2025-12-30 11:42:17.497 [http-nio-18333-exec-9] INFO  com.bit.solana.p2p.impl.PeerClient - 节点IDBJfacYs27FRthbjxKaEHrJRbnd8kMyfSRReg7qunstkh
2025-12-30 11:42:17.497 [http-nio-18333-exec-9] INFO  c.bit.solana.p2p.quic.SendQuicData - [开始发送] 连接ID:131602509247545344 数据ID:131602736729817088 总帧数:2
2025-12-30 11:42:17.501 [udp-io-thread-1-1] INFO  c.b.solana.p2p.quic.ReceiveQuicData - [初始化数据] 连接ID:131602509247545344 数据ID:131602736729817088 总帧数:2
2025-12-30 11:42:17.501 [http-nio-18333-exec-9] INFO  c.bit.solana.p2p.quic.SendQuicData - [重传定时器启动] 连接ID:131602509247545344 数据ID:131602736729817088 首次重传延迟:500ms 后续重传间隔:20ms
2025-12-30 11:42:17.501 [udp-io-thread-1-1] INFO  c.b.solana.p2p.quic.ReceiveQuicData - 所有帧接收完成
2025-12-30 11:42:17.501 [udp-io-thread-1-1] INFO  c.b.solana.p2p.quic.ReceiveQuicData - 完整数据长度1480 数据ID131602736729817088
2025-12-30 11:42:17.501 [udp-io-thread-1-1] INFO  c.bit.solana.p2p.quic.SendQuicData - [所有帧通过批量ACK确认] 连接ID:131602509247545344 数据ID:131602736729817088 传输完成
2025-12-30 11:42:17.501 [udp-io-thread-1-1] INFO  c.bit.solana.p2p.quic.SendQuicData - 数据发送完毕
2025-12-30 11:42:17.501 [udp-io-thread-1-1] INFO  c.bit.solana.p2p.quic.SendQuicData - 全部样本的平均时间905950.0
2025-12-30 11:42:17.501 [udp-io-thread-1-1] INFO  c.bit.solana.p2p.quic.SendQuicData - 预测5.25451E7
2025-12-30 11:42:17.501 [quic-consumer-1767064813326] INFO  c.b.s.p.i.handle.QuicDataProcessor - 收到请求: P2PMessage{senderId=74sDMeR9Hq9aJTniBTPxs4b53NdG647rsspgfUF2EiMF, messageId=019b6d597399730a8d4a2f76801150aa, requestId=019b6d597399730a8d4a2f76801150aa, reqResFlag=0, type=5, length=1400, version=1}
2025-12-30 11:42:17.501 [quic-consumer-1767064813326] INFO  c.b.s.p2p.protocol.impl.TextHandler - 数据长度1400
2025-12-30 11:42:17.501 [quic-consumer-1767064813326] INFO  c.bit.solana.p2p.quic.SendQuicData - [开始发送] 连接ID:131602509247545344 数据ID:131602736746594304 总帧数:1
2025-12-30 11:42:17.503 [udp-io-thread-1-1] INFO  c.b.solana.p2p.quic.ReceiveQuicData - [初始化数据] 连接ID:131602509247545344 数据ID:131602736746594304 总帧数:1
2025-12-30 11:42:17.503 [udp-io-thread-1-1] INFO  c.b.solana.p2p.quic.ReceiveQuicData - 所有帧接收完成
2025-12-30 11:42:17.503 [udp-io-thread-1-1] INFO  c.b.solana.p2p.quic.ReceiveQuicData - 完整数据长度101 数据ID131602736746594304
2025-12-30 11:42:17.503 [quic-consumer-1767064813326] INFO  c.bit.solana.p2p.quic.SendQuicData - [重传定时器启动] 连接ID:131602509247545344 数据ID:131602736746594304 首次重传延迟:500ms 后续重传间隔:20ms
2025-12-30 11:42:17.503 [udp-io-thread-1-1] INFO  c.bit.solana.p2p.quic.SendQuicData - [所有帧通过批量ACK确认] 连接ID:131602509247545344 数据ID:131602736746594304 传输完成
2025-12-30 11:42:17.503 [quic-consumer-1767064813326] INFO  c.b.s.p.i.handle.QuicDataProcessor - 本次批量处理完成，共处理1条消息
2025-12-30 11:42:17.503 [udp-io-thread-1-1] INFO  c.bit.solana.p2p.quic.SendQuicData - 数据发送完毕
2025-12-30 11:42:17.503 [udp-io-thread-1-1] INFO  c.bit.solana.p2p.quic.SendQuicData - 全部样本的平均时间9.9604861E9
2025-12-30 11:42:17.503 [udp-io-thread-1-1] INFO  c.bit.solana.p2p.quic.SendQuicData - 预测5.777081938E11
2025-12-30 11:42:17.503 [quic-consumer-1767064812291] INFO  c.b.s.p.i.handle.QuicDataProcessor - 收到响应: P2PMessage{senderId=BJfacYs27FRthbjxKaEHrJRbnd8kMyfSRReg7qunstkh, messageId=019b6d59739d7fccb616da68a1051a20, requestId=019b6d597399730a8d4a2f76801150aa, reqResFlag=1, type=5, length=21, version=1}
2025-12-30 11:42:17.503 [quic-consumer-1767064812291] INFO  c.b.s.p.i.handle.QuicDataProcessor - 本次批量处理完成，共处理1条消息
2025-12-30 11:42:17.503 [http-nio-18333-exec-9] INFO  com.bit.solana.api.mock.MockApi - 节点回复：我已经收到回复
2025-12-30 11:42:20.111 [http-nio-18333-exec-7] INFO  com.bit.solana.p2p.impl.PeerClient - 节点IDBJfacYs27FRthbjxKaEHrJRbnd8kMyfSRReg7qunstkh
2025-12-30 11:42:20.111 [http-nio-18333-exec-7] INFO  c.bit.solana.p2p.quic.SendQuicData - [开始发送] 连接ID:131602509247545344 数据ID:131602747693727744 总帧数:2
2025-12-30 11:42:20.115 [http-nio-18333-exec-7] INFO  c.bit.solana.p2p.quic.SendQuicData - [重传定时器启动] 连接ID:131602509247545344 数据ID:131602747693727744 首次重传延迟:500ms 后续重传间隔:20ms
2025-12-30 11:42:20.115 [udp-io-thread-1-1] INFO  c.b.solana.p2p.quic.ReceiveQuicData - [初始化数据] 连接ID:131602509247545344 数据ID:131602747693727744 总帧数:2
2025-12-30 11:42:20.115 [udp-io-thread-1-1] INFO  c.b.solana.p2p.quic.ReceiveQuicData - 所有帧接收完成
2025-12-30 11:42:20.116 [udp-io-thread-1-1] INFO  c.bit.solana.p2p.quic.SendQuicData - [所有帧通过批量ACK确认] 连接ID:131602509247545344 数据ID:131602747693727744 传输完成
2025-12-30 11:42:20.116 [udp-io-thread-1-1] INFO  c.bit.solana.p2p.quic.SendQuicData - 数据发送完毕
2025-12-30 11:42:20.116 [udp-io-thread-1-1] INFO  c.b.solana.p2p.quic.ReceiveQuicData - 完整数据长度1480 数据ID131602747693727744
2025-12-30 11:42:20.116 [udp-io-thread-1-1] INFO  c.bit.solana.p2p.quic.SendQuicData - 全部样本的平均时间873058.3333333334
2025-12-30 11:42:20.116 [udp-io-thread-1-1] INFO  c.bit.solana.p2p.quic.SendQuicData - 预测5.0637383333333336E7
2025-12-30 11:42:20.116 [quic-consumer-1767064813326] INFO  c.b.s.p.i.handle.QuicDataProcessor - 收到请求: P2PMessage{senderId=74sDMeR9Hq9aJTniBTPxs4b53NdG647rsspgfUF2EiMF, messageId=019b6d597dcf78149110516c8a7af7bb, requestId=019b6d597dcf78149110516c8a7af7bb, reqResFlag=0, type=5, length=1400, version=1}
2025-12-30 11:42:20.116 [quic-consumer-1767064813326] INFO  c.b.s.p2p.protocol.impl.TextHandler - 数据长度1400
2025-12-30 11:42:20.117 [quic-consumer-1767064813326] INFO  c.bit.solana.p2p.quic.SendQuicData - [开始发送] 连接ID:131602509247545344 数据ID:131602747718893568 总帧数:1
2025-12-30 11:42:20.117 [quic-consumer-1767064813326] INFO  c.bit.solana.p2p.quic.SendQuicData - [重传定时器启动] 连接ID:131602509247545344 数据ID:131602747718893568 首次重传延迟:500ms 后续重传间隔:20ms
2025-12-30 11:42:20.117 [quic-consumer-1767064813326] INFO  c.b.s.p.i.handle.QuicDataProcessor - 本次批量处理完成，共处理1条消息
2025-12-30 11:42:20.117 [udp-io-thread-1-1] INFO  c.b.solana.p2p.quic.ReceiveQuicData - [初始化数据] 连接ID:131602509247545344 数据ID:131602747718893568 总帧数:1
2025-12-30 11:42:20.117 [udp-io-thread-1-1] INFO  c.b.solana.p2p.quic.ReceiveQuicData - 所有帧接收完成
2025-12-30 11:42:20.117 [udp-io-thread-1-1] INFO  c.b.solana.p2p.quic.ReceiveQuicData - 完整数据长度101 数据ID131602747718893568
2025-12-30 11:42:20.119 [udp-io-thread-1-1] INFO  c.bit.solana.p2p.quic.SendQuicData - [所有帧通过批量ACK确认] 连接ID:131602509247545344 数据ID:131602747718893568 传输完成
2025-12-30 11:42:20.119 [udp-io-thread-1-1] INFO  c.bit.solana.p2p.quic.SendQuicData - 数据发送完毕
2025-12-30 11:42:20.119 [udp-io-thread-1-1] INFO  c.bit.solana.p2p.quic.SendQuicData - 全部样本的平均时间8.300531233333333E9
2025-12-30 11:42:20.119 [udp-io-thread-1-1] INFO  c.bit.solana.p2p.quic.SendQuicData - 预测4.814308115333333E11
2025-12-30 11:42:20.119 [quic-consumer-1767064812291] INFO  c.b.s.p.i.handle.QuicDataProcessor - 收到响应: P2PMessage{senderId=BJfacYs27FRthbjxKaEHrJRbnd8kMyfSRReg7qunstkh, messageId=019b6d597dd470edbaa722b6d4e395b3, requestId=019b6d597dcf78149110516c8a7af7bb, reqResFlag=1, type=5, length=21, version=1}
2025-12-30 11:42:20.119 [quic-consumer-1767064812291] INFO  c.b.s.p.i.handle.QuicDataProcessor - 本次批量处理完成，共处理1条消息
2025-12-30 11:42:20.120 [http-nio-18333-exec-7] INFO  com.bit.solana.api.mock.MockApi - 节点回复：我已经收到回复
2025-12-30 11:42:20.975 [http-nio-18333-exec-2] INFO  com.bit.solana.p2p.impl.PeerClient - 节点IDBJfacYs27FRthbjxKaEHrJRbnd8kMyfSRReg7qunstkh
2025-12-30 11:42:20.976 [http-nio-18333-exec-2] INFO  c.bit.solana.p2p.quic.SendQuicData - [开始发送] 连接ID:131602509247545344 数据ID:131602751317606400 总帧数:2
2025-12-30 11:42:20.979 [http-nio-18333-exec-2] INFO  c.bit.solana.p2p.quic.SendQuicData - [重传定时器启动] 连接ID:131602509247545344 数据ID:131602751317606400 首次重传延迟:500ms 后续重传间隔:20ms
2025-12-30 11:42:20.980 [udp-io-thread-1-1] INFO  c.b.solana.p2p.quic.ReceiveQuicData - [初始化数据] 连接ID:131602509247545344 数据ID:131602751317606400 总帧数:2
2025-12-30 11:42:20.981 [udp-io-thread-1-1] INFO  c.b.solana.p2p.quic.ReceiveQuicData - 所有帧接收完成
2025-12-30 11:42:20.981 [udp-io-thread-1-1] INFO  c.bit.solana.p2p.quic.SendQuicData - [所有帧通过批量ACK确认] 连接ID:131602509247545344 数据ID:131602751317606400 传输完成
2025-12-30 11:42:20.981 [udp-io-thread-1-1] INFO  c.b.solana.p2p.quic.ReceiveQuicData - 完整数据长度1480 数据ID131602751317606400
2025-12-30 11:42:20.981 [udp-io-thread-1-1] INFO  c.bit.solana.p2p.quic.SendQuicData - 数据发送完毕
2025-12-30 11:42:20.981 [udp-io-thread-1-1] INFO  c.bit.solana.p2p.quic.SendQuicData - 全部样本的平均时间872750.0
2025-12-30 11:42:20.981 [udp-io-thread-1-1] INFO  c.bit.solana.p2p.quic.SendQuicData - 预测5.06195E7
2025-12-30 11:42:20.981 [quic-consumer-1767064813326] INFO  c.b.s.p.i.handle.QuicDataProcessor - 收到请求: P2PMessage{senderId=74sDMeR9Hq9aJTniBTPxs4b53NdG647rsspgfUF2EiMF, messageId=019b6d59812f78ceb3622b932faedabd, requestId=019b6d59812f78ceb3622b932faedabd, reqResFlag=0, type=5, length=1400, version=1}
2025-12-30 11:42:20.981 [quic-consumer-1767064813326] INFO  c.b.s.p2p.protocol.impl.TextHandler - 数据长度1400
2025-12-30 11:42:20.982 [quic-consumer-1767064813326] INFO  c.bit.solana.p2p.quic.SendQuicData - [开始发送] 连接ID:131602509247545344 数据ID:131602751342772224 总帧数:1
2025-12-30 11:42:20.982 [quic-consumer-1767064813326] INFO  c.bit.solana.p2p.quic.SendQuicData - [重传定时器启动] 连接ID:131602509247545344 数据ID:131602751342772224 首次重传延迟:500ms 后续重传间隔:20ms
2025-12-30 11:42:20.982 [quic-consumer-1767064813326] INFO  c.b.s.p.i.handle.QuicDataProcessor - 本次批量处理完成，共处理1条消息
2025-12-30 11:42:20.982 [udp-io-thread-1-1] INFO  c.b.solana.p2p.quic.ReceiveQuicData - [初始化数据] 连接ID:131602509247545344 数据ID:131602751342772224 总帧数:1
2025-12-30 11:42:20.982 [udp-io-thread-1-1] INFO  c.b.solana.p2p.quic.ReceiveQuicData - 所有帧接收完成
2025-12-30 11:42:20.982 [udp-io-thread-1-1] INFO  c.b.solana.p2p.quic.ReceiveQuicData - 完整数据长度101 数据ID131602751342772224
2025-12-30 11:42:20.982 [udp-io-thread-1-1] INFO  c.bit.solana.p2p.quic.SendQuicData - [所有帧通过批量ACK确认] 连接ID:131602509247545344 数据ID:131602751342772224 传输完成
2025-12-30 11:42:20.982 [udp-io-thread-1-1] INFO  c.bit.solana.p2p.quic.SendQuicData - 数据发送完毕
2025-12-30 11:42:20.982 [udp-io-thread-1-1] INFO  c.bit.solana.p2p.quic.SendQuicData - 全部样本的平均时间7.114801285714286E9
2025-12-30 11:42:20.982 [udp-io-thread-1-1] INFO  c.bit.solana.p2p.quic.SendQuicData - 预测4.126584745714286E11
2025-12-30 11:42:20.982 [quic-consumer-1767064812291] INFO  c.b.s.p.i.handle.QuicDataProcessor - 收到响应: P2PMessage{senderId=BJfacYs27FRthbjxKaEHrJRbnd8kMyfSRReg7qunstkh, messageId=019b6d598135709cb2891389deb22425, requestId=019b6d59812f78ceb3622b932faedabd, reqResFlag=1, type=5, length=21, version=1}
2025-12-30 11:42:20.983 [quic-consumer-1767064812291] INFO  c.b.s.p.i.handle.QuicDataProcessor - 本次批量处理完成，共处理1条消息
2025-12-30 11:42:20.983 [http-nio-18333-exec-2] INFO  com.bit.solana.api.mock.MockApi - 节点回复：我已经收到回复
2025-12-30 11:42:21.887 [http-nio-18333-exec-1] INFO  com.bit.solana.p2p.impl.PeerClient - 节点IDBJfacYs27FRthbjxKaEHrJRbnd8kMyfSRReg7qunstkh
2025-12-30 11:42:21.888 [http-nio-18333-exec-1] INFO  c.bit.solana.p2p.quic.SendQuicData - [开始发送] 连接ID:131602509247545344 数据ID:131602755142811648 总帧数:2
2025-12-30 11:42:21.892 [http-nio-18333-exec-1] INFO  c.bit.solana.p2p.quic.SendQuicData - [重传定时器启动] 连接ID:131602509247545344 数据ID:131602755142811648 首次重传延迟:500ms 后续重传间隔:20ms
2025-12-30 11:42:21.892 [udp-io-thread-1-1] INFO  c.b.solana.p2p.quic.ReceiveQuicData - [初始化数据] 连接ID:131602509247545344 数据ID:131602755142811648 总帧数:2
2025-12-30 11:42:21.892 [udp-io-thread-1-1] INFO  c.b.solana.p2p.quic.ReceiveQuicData - 所有帧接收完成
2025-12-30 11:42:21.892 [udp-io-thread-1-1] INFO  c.b.solana.p2p.quic.ReceiveQuicData - 完整数据长度1480 数据ID131602755142811648
2025-12-30 11:42:21.892 [udp-io-thread-1-1] INFO  c.bit.solana.p2p.quic.SendQuicData - [所有帧通过批量ACK确认] 连接ID:131602509247545344 数据ID:131602755142811648 传输完成
2025-12-30 11:42:21.892 [udp-io-thread-1-1] INFO  c.bit.solana.p2p.quic.SendQuicData - 数据发送完毕
2025-12-30 11:42:21.892 [udp-io-thread-1-1] INFO  c.bit.solana.p2p.quic.SendQuicData - 全部样本的平均时间850443.75
2025-12-30 11:42:21.892 [udp-io-thread-1-1] INFO  c.bit.solana.p2p.quic.SendQuicData - 预测4.93257375E7
2025-12-30 11:42:21.892 [quic-consumer-1767064813326] INFO  c.b.s.p.i.handle.QuicDataProcessor - 收到请求: P2PMessage{senderId=74sDMeR9Hq9aJTniBTPxs4b53NdG647rsspgfUF2EiMF, messageId=019b6d5984bf7b14ae7e6fff1fa87076, requestId=019b6d5984bf7b14ae7e6fff1fa87076, reqResFlag=0, type=5, length=1400, version=1}
2025-12-30 11:42:21.893 [quic-consumer-1767064813326] INFO  c.b.s.p2p.protocol.impl.TextHandler - 数据长度1400
2025-12-30 11:42:21.893 [quic-consumer-1767064813326] INFO  c.bit.solana.p2p.quic.SendQuicData - [开始发送] 连接ID:131602509247545344 数据ID:131602755167977472 总帧数:1
2025-12-30 11:42:21.893 [quic-consumer-1767064813326] INFO  c.bit.solana.p2p.quic.SendQuicData - [重传定时器启动] 连接ID:131602509247545344 数据ID:131602755167977472 首次重传延迟:500ms 后续重传间隔:20ms
2025-12-30 11:42:21.893 [udp-io-thread-1-1] INFO  c.b.solana.p2p.quic.ReceiveQuicData - [初始化数据] 连接ID:131602509247545344 数据ID:131602755167977472 总帧数:1
2025-12-30 11:42:21.893 [quic-consumer-1767064813326] INFO  c.b.s.p.i.handle.QuicDataProcessor - 本次批量处理完成，共处理1条消息
2025-12-30 11:42:21.893 [udp-io-thread-1-1] INFO  c.b.solana.p2p.quic.ReceiveQuicData - 所有帧接收完成
2025-12-30 11:42:21.894 [udp-io-thread-1-1] INFO  c.b.solana.p2p.quic.ReceiveQuicData - 完整数据长度101 数据ID131602755167977472
2025-12-30 11:42:21.894 [udp-io-thread-1-1] INFO  c.bit.solana.p2p.quic.SendQuicData - [所有帧通过批量ACK确认] 连接ID:131602509247545344 数据ID:131602755167977472 传输完成
2025-12-30 11:42:21.894 [udp-io-thread-1-1] INFO  c.bit.solana.p2p.quic.SendQuicData - 数据发送完毕
2025-12-30 11:42:21.894 [quic-consumer-1767064812291] INFO  c.b.s.p.i.handle.QuicDataProcessor - 收到响应: P2PMessage{senderId=BJfacYs27FRthbjxKaEHrJRbnd8kMyfSRReg7qunstkh, messageId=019b6d5984c57ad1805337108f30dbb3, requestId=019b6d5984bf7b14ae7e6fff1fa87076, reqResFlag=1, type=5, length=21, version=1}
2025-12-30 11:42:21.894 [udp-io-thread-1-1] INFO  c.bit.solana.p2p.quic.SendQuicData - 全部样本的平均时间6.2254983875E9
2025-12-30 11:42:21.894 [udp-io-thread-1-1] INFO  c.bit.solana.p2p.quic.SendQuicData - 预测3.61078906475E11
2025-12-30 11:42:21.894 [quic-consumer-1767064812291] INFO  c.b.s.p.i.handle.QuicDataProcessor - 本次批量处理完成，共处理1条消息
2025-12-30 11:42:21.894 [http-nio-18333-exec-1] INFO  com.bit.solana.api.mock.MockApi - 节点回复：我已经收到回复
2025-12-30 11:42:22.970 [http-nio-18333-exec-3] INFO  com.bit.solana.p2p.impl.PeerClient - 节点IDBJfacYs27FRthbjxKaEHrJRbnd8kMyfSRReg7qunstkh
2025-12-30 11:42:22.970 [http-nio-18333-exec-3] INFO  c.bit.solana.p2p.quic.SendQuicData - [开始发送] 连接ID:131602509247545344 数据ID:131602759685242880 总帧数:2
2025-12-30 11:42:22.975 [http-nio-18333-exec-3] INFO  c.bit.solana.p2p.quic.SendQuicData - [重传定时器启动] 连接ID:131602509247545344 数据ID:131602759685242880 首次重传延迟:500ms 后续重传间隔:20ms
2025-12-30 11:42:22.975 [udp-io-thread-1-1] INFO  c.b.solana.p2p.quic.ReceiveQuicData - [初始化数据] 连接ID:131602509247545344 数据ID:131602759685242880 总帧数:2
2025-12-30 11:42:22.975 [udp-io-thread-1-1] INFO  c.b.solana.p2p.quic.ReceiveQuicData - 所有帧接收完成
2025-12-30 11:42:22.975 [udp-io-thread-1-1] INFO  c.b.solana.p2p.quic.ReceiveQuicData - 完整数据长度1480 数据ID131602759685242880
2025-12-30 11:42:22.975 [udp-io-thread-1-1] INFO  c.bit.solana.p2p.quic.SendQuicData - [所有帧通过批量ACK确认] 连接ID:131602509247545344 数据ID:131602759685242880 传输完成
2025-12-30 11:42:22.976 [udp-io-thread-1-1] INFO  c.bit.solana.p2p.quic.SendQuicData - 数据发送完毕
2025-12-30 11:42:22.976 [udp-io-thread-1-1] INFO  c.bit.solana.p2p.quic.SendQuicData - 全部样本的平均时间850483.3333333334
2025-12-30 11:42:22.976 [udp-io-thread-1-1] INFO  c.bit.solana.p2p.quic.SendQuicData - 预测4.9328033333333336E7
2025-12-30 11:42:22.976 [quic-consumer-1767064813326] INFO  c.b.s.p.i.handle.QuicDataProcessor - 收到请求: P2PMessage{senderId=74sDMeR9Hq9aJTniBTPxs4b53NdG647rsspgfUF2EiMF, messageId=019b6d5988fa7f16a6c903cc3c6dfd50, requestId=019b6d5988fa7f16a6c903cc3c6dfd50, reqResFlag=0, type=5, length=1400, version=1}
2025-12-30 11:42:22.976 [quic-consumer-1767064813326] INFO  c.b.s.p2p.protocol.impl.TextHandler - 数据长度1400
2025-12-30 11:42:22.976 [quic-consumer-1767064813326] INFO  c.bit.solana.p2p.quic.SendQuicData - [开始发送] 连接ID:131602509247545344 数据ID:131602759710408704 总帧数:1
2025-12-30 11:42:22.976 [quic-consumer-1767064813326] INFO  c.bit.solana.p2p.quic.SendQuicData - [重传定时器启动] 连接ID:131602509247545344 数据ID:131602759710408704 首次重传延迟:500ms 后续重传间隔:20ms
2025-12-30 11:42:22.976 [quic-consumer-1767064813326] INFO  c.b.s.p.i.handle.QuicDataProcessor - 本次批量处理完成，共处理1条消息
2025-12-30 11:42:22.976 [udp-io-thread-1-1] INFO  c.b.solana.p2p.quic.ReceiveQuicData - [初始化数据] 连接ID:131602509247545344 数据ID:131602759710408704 总帧数:1
2025-12-30 11:42:22.976 [udp-io-thread-1-1] INFO  c.b.solana.p2p.quic.ReceiveQuicData - 所有帧接收完成
2025-12-30 11:42:22.976 [udp-io-thread-1-1] INFO  c.b.solana.p2p.quic.ReceiveQuicData - 完整数据长度101 数据ID131602759710408704
2025-12-30 11:42:22.976 [udp-io-thread-1-1] INFO  c.bit.solana.p2p.quic.SendQuicData - [所有帧通过批量ACK确认] 连接ID:131602509247545344 数据ID:131602759710408704 传输完成
2025-12-30 11:42:22.976 [udp-io-thread-1-1] INFO  c.bit.solana.p2p.quic.SendQuicData - 数据发送完毕
2025-12-30 11:42:22.976 [udp-io-thread-1-1] INFO  c.bit.solana.p2p.quic.SendQuicData - 全部样本的平均时间5.533809633333333E9
2025-12-30 11:42:22.976 [udp-io-thread-1-1] INFO  c.bit.solana.p2p.quic.SendQuicData - 预测3.209609587333333E11
2025-12-30 11:42:22.976 [quic-consumer-1767064812291] INFO  c.b.s.p.i.handle.QuicDataProcessor - 收到响应: P2PMessage{senderId=BJfacYs27FRthbjxKaEHrJRbnd8kMyfSRReg7qunstkh, messageId=019b6d5989007b0595aa1c418e8c892d, requestId=019b6d5988fa7f16a6c903cc3c6dfd50, reqResFlag=1, type=5, length=21, version=1}
2025-12-30 11:42:22.976 [quic-consumer-1767064812291] INFO  c.b.s.p.i.handle.QuicDataProcessor - 本次批量处理完成，共处理1条消息
2025-12-30 11:42:22.976 [http-nio-18333-exec-3] INFO  com.bit.solana.api.mock.MockApi - 节点回复：我已经收到回复
2025-12-30 11:42:24.885 [http-nio-18333-exec-4] INFO  com.bit.solana.p2p.impl.PeerClient - 节点IDBJfacYs27FRthbjxKaEHrJRbnd8kMyfSRReg7qunstkh
2025-12-30 11:42:24.885 [http-nio-18333-exec-4] INFO  c.bit.solana.p2p.quic.SendQuicData - [开始发送] 连接ID:131602509247545344 数据ID:131602767717335040 总帧数:2
2025-12-30 11:42:24.885 [http-nio-18333-exec-4] INFO  c.bit.solana.p2p.quic.SendQuicData - [重传定时器启动] 连接ID:131602509247545344 数据ID:131602767717335040 首次重传延迟:500ms 后续重传间隔:20ms
2025-12-30 11:42:24.886 [udp-io-thread-1-1] INFO  c.b.solana.p2p.quic.ReceiveQuicData - [初始化数据] 连接ID:131602509247545344 数据ID:131602767717335040 总帧数:2
2025-12-30 11:42:24.886 [udp-io-thread-1-1] INFO  c.b.solana.p2p.quic.ReceiveQuicData - 所有帧接收完成
2025-12-30 11:42:24.886 [udp-io-thread-1-1] INFO  c.b.solana.p2p.quic.ReceiveQuicData - 完整数据长度1480 数据ID131602767717335040
2025-12-30 11:42:24.886 [udp-io-thread-1-1] INFO  c.bit.solana.p2p.quic.SendQuicData - [所有帧通过批量ACK确认] 连接ID:131602509247545344 数据ID:131602767717335040 传输完成
2025-12-30 11:42:24.886 [udp-io-thread-1-1] INFO  c.bit.solana.p2p.quic.SendQuicData - 数据发送完毕
2025-12-30 11:42:24.886 [udp-io-thread-1-1] INFO  c.bit.solana.p2p.quic.SendQuicData - 全部样本的平均时间836055.0
2025-12-30 11:42:24.886 [udp-io-thread-1-1] INFO  c.bit.solana.p2p.quic.SendQuicData - 预测4.849119E7
2025-12-30 11:42:24.886 [quic-consumer-1767064813326] INFO  c.b.s.p.i.handle.QuicDataProcessor - 收到请求: P2PMessage{senderId=74sDMeR9Hq9aJTniBTPxs4b53NdG647rsspgfUF2EiMF, messageId=019b6d59907578a5b5dda2ecfc76ecf1, requestId=019b6d59907578a5b5dda2ecfc76ecf1, reqResFlag=0, type=5, length=1400, version=1}
2025-12-30 11:42:24.886 [quic-consumer-1767064813326] INFO  c.b.s.p2p.protocol.impl.TextHandler - 数据长度1400
2025-12-30 11:42:24.886 [quic-consumer-1767064813326] INFO  c.bit.solana.p2p.quic.SendQuicData - [开始发送] 连接ID:131602509247545344 数据ID:131602767721529344 总帧数:1
2025-12-30 11:42:24.887 [quic-consumer-1767064813326] INFO  c.bit.solana.p2p.quic.SendQuicData - [重传定时器启动] 连接ID:131602509247545344 数据ID:131602767721529344 首次重传延迟:500ms 后续重传间隔:20ms
2025-12-30 11:42:24.887 [quic-consumer-1767064813326] INFO  c.b.s.p.i.handle.QuicDataProcessor - 本次批量处理完成，共处理1条消息
2025-12-30 11:42:24.887 [udp-io-thread-1-1] INFO  c.b.solana.p2p.quic.ReceiveQuicData - [初始化数据] 连接ID:131602509247545344 数据ID:131602767721529344 总帧数:1
2025-12-30 11:42:24.887 [udp-io-thread-1-1] INFO  c.b.solana.p2p.quic.ReceiveQuicData - 所有帧接收完成
2025-12-30 11:42:24.887 [udp-io-thread-1-1] INFO  c.b.solana.p2p.quic.ReceiveQuicData - 完整数据长度101 数据ID131602767721529344
2025-12-30 11:42:24.887 [udp-io-thread-1-1] INFO  c.bit.solana.p2p.quic.SendQuicData - [所有帧通过批量ACK确认] 连接ID:131602509247545344 数据ID:131602767721529344 传输完成
2025-12-30 11:42:24.887 [udp-io-thread-1-1] INFO  c.bit.solana.p2p.quic.SendQuicData - 数据发送完毕
2025-12-30 11:42:24.887 [udp-io-thread-1-1] INFO  c.bit.solana.p2p.quic.SendQuicData - 全部样本的平均时间4.98045734E9
2025-12-30 11:42:24.887 [udp-io-thread-1-1] INFO  c.bit.solana.p2p.quic.SendQuicData - 预测2.8886652572E11
2025-12-30 11:42:24.887 [quic-consumer-1767064812291] INFO  c.b.s.p.i.handle.QuicDataProcessor - 收到响应: P2PMessage{senderId=BJfacYs27FRthbjxKaEHrJRbnd8kMyfSRReg7qunstkh, messageId=019b6d5990767e308984189c581106a6, requestId=019b6d59907578a5b5dda2ecfc76ecf1, reqResFlag=1, type=5, length=21, version=1}
2025-12-30 11:42:24.887 [quic-consumer-1767064812291] INFO  c.b.s.p.i.handle.QuicDataProcessor - 本次批量处理完成，共处理1条消息
2025-12-30 11:42:24.887 [http-nio-18333-exec-4] INFO  com.bit.solana.api.mock.MockApi - 节点回复：我已经收到回复
2025-12-30 11:42:25.849 [http-nio-18333-exec-5] INFO  com.bit.solana.p2p.impl.PeerClient - 节点IDBJfacYs27FRthbjxKaEHrJRbnd8kMyfSRReg7qunstkh
2025-12-30 11:42:25.850 [http-nio-18333-exec-5] INFO  c.bit.solana.p2p.quic.SendQuicData - [开始发送] 连接ID:131602509247545344 数据ID:131602771764838400 总帧数:2
2025-12-30 11:42:25.850 [http-nio-18333-exec-5] INFO  c.bit.solana.p2p.quic.SendQuicData - [重传定时器启动] 连接ID:131602509247545344 数据ID:131602771764838400 首次重传延迟:500ms 后续重传间隔:20ms
2025-12-30 11:42:25.850 [udp-io-thread-1-1] INFO  c.b.solana.p2p.quic.ReceiveQuicData - [初始化数据] 连接ID:131602509247545344 数据ID:131602771764838400 总帧数:2
2025-12-30 11:42:25.850 [udp-io-thread-1-1] INFO  c.b.solana.p2p.quic.ReceiveQuicData - 所有帧接收完成
2025-12-30 11:42:25.850 [udp-io-thread-1-1] INFO  c.b.solana.p2p.quic.ReceiveQuicData - 完整数据长度1480 数据ID131602771764838400
2025-12-30 11:42:25.850 [quic-consumer-1767064813326] INFO  c.b.s.p.i.handle.QuicDataProcessor - 收到请求: P2PMessage{senderId=74sDMeR9Hq9aJTniBTPxs4b53NdG647rsspgfUF2EiMF, messageId=019b6d5994397c03aa9b329c3eeb801b, requestId=019b6d5994397c03aa9b329c3eeb801b, reqResFlag=0, type=5, length=1400, version=1}
2025-12-30 11:42:25.850 [udp-io-thread-1-1] INFO  c.bit.solana.p2p.quic.SendQuicData - [所有帧通过批量ACK确认] 连接ID:131602509247545344 数据ID:131602771764838400 传输完成
2025-12-30 11:42:25.851 [quic-consumer-1767064813326] INFO  c.b.s.p2p.protocol.impl.TextHandler - 数据长度1400
2025-12-30 11:42:25.851 [quic-consumer-1767064813326] INFO  c.bit.solana.p2p.quic.SendQuicData - [开始发送] 连接ID:131602509247545344 数据ID:131602771769032704 总帧数:1
2025-12-30 11:42:25.851 [udp-io-thread-1-1] INFO  c.bit.solana.p2p.quic.SendQuicData - 数据发送完毕
2025-12-30 11:42:25.851 [udp-io-thread-1-1] INFO  c.bit.solana.p2p.quic.SendQuicData - 全部样本的平均时间825113.6363636364
2025-12-30 11:42:25.851 [quic-consumer-1767064813326] INFO  c.bit.solana.p2p.quic.SendQuicData - [重传定时器启动] 连接ID:131602509247545344 数据ID:131602771769032704 首次重传延迟:500ms 后续重传间隔:20ms
2025-12-30 11:42:25.851 [quic-consumer-1767064813326] INFO  c.b.s.p.i.handle.QuicDataProcessor - 本次批量处理完成，共处理1条消息
2025-12-30 11:42:25.851 [udp-io-thread-1-1] INFO  c.bit.solana.p2p.quic.SendQuicData - 预测4.785659090909091E7
2025-12-30 11:42:25.851 [udp-io-thread-1-1] INFO  c.b.solana.p2p.quic.ReceiveQuicData - [初始化数据] 连接ID:131602509247545344 数据ID:131602771769032704 总帧数:1
2025-12-30 11:42:25.851 [udp-io-thread-1-1] INFO  c.b.solana.p2p.quic.ReceiveQuicData - 所有帧接收完成
2025-12-30 11:42:25.851 [udp-io-thread-1-1] INFO  c.b.solana.p2p.quic.ReceiveQuicData - 完整数据长度101 数据ID131602771769032704
2025-12-30 11:42:25.851 [udp-io-thread-1-1] INFO  c.bit.solana.p2p.quic.SendQuicData - [所有帧通过批量ACK确认] 连接ID:131602509247545344 数据ID:131602771769032704 传输完成
2025-12-30 11:42:25.851 [udp-io-thread-1-1] INFO  c.bit.solana.p2p.quic.SendQuicData - 数据发送完毕
2025-12-30 11:42:25.851 [udp-io-thread-1-1] INFO  c.bit.solana.p2p.quic.SendQuicData - 全部样本的平均时间4.527724636363636E9
2025-12-30 11:42:25.851 [udp-io-thread-1-1] INFO  c.bit.solana.p2p.quic.SendQuicData - 预测2.6260802890909088E11
2025-12-30 11:42:25.851 [quic-consumer-1767064812291] INFO  c.b.s.p.i.handle.QuicDataProcessor - 收到响应: P2PMessage{senderId=BJfacYs27FRthbjxKaEHrJRbnd8kMyfSRReg7qunstkh, messageId=019b6d59943b7438b76bd2bb9c2d3111, requestId=019b6d5994397c03aa9b329c3eeb801b, reqResFlag=1, type=5, length=21, version=1}
2025-12-30 11:42:25.852 [http-nio-18333-exec-5] INFO  com.bit.solana.api.mock.MockApi - 节点回复：我已经收到回复
2025-12-30 11:42:25.852 [quic-consumer-1767064812291] INFO  c.b.s.p.i.handle.QuicDataProcessor - 本次批量处理完成，共处理1条消息
2025-12-30 11:42:26.787 [http-nio-18333-exec-6] INFO  com.bit.solana.p2p.impl.PeerClient - 节点IDBJfacYs27FRthbjxKaEHrJRbnd8kMyfSRReg7qunstkh
2025-12-30 11:42:26.787 [http-nio-18333-exec-6] INFO  c.bit.solana.p2p.quic.SendQuicData - [开始发送] 连接ID:131602509247545344 数据ID:131602775694901248 总帧数:2
2025-12-30 11:42:26.788 [http-nio-18333-exec-6] INFO  c.bit.solana.p2p.quic.SendQuicData - [重传定时器启动] 连接ID:131602509247545344 数据ID:131602775694901248 首次重传延迟:500ms 后续重传间隔:20ms
2025-12-30 11:42:26.789 [udp-io-thread-1-1] INFO  c.b.solana.p2p.quic.ReceiveQuicData - [初始化数据] 连接ID:131602509247545344 数据ID:131602775694901248 总帧数:2
2025-12-30 11:42:26.789 [udp-io-thread-1-1] INFO  c.b.solana.p2p.quic.ReceiveQuicData - 所有帧接收完成
2025-12-30 11:42:26.789 [udp-io-thread-1-1] INFO  c.b.solana.p2p.quic.ReceiveQuicData - 完整数据长度1480 数据ID131602775694901248
2025-12-30 11:42:26.789 [udp-io-thread-1-1] INFO  c.bit.solana.p2p.quic.SendQuicData - [所有帧通过批量ACK确认] 连接ID:131602509247545344 数据ID:131602775694901248 传输完成
2025-12-30 11:42:26.789 [udp-io-thread-1-1] INFO  c.bit.solana.p2p.quic.SendQuicData - 数据发送完毕
2025-12-30 11:42:26.789 [udp-io-thread-1-1] INFO  c.bit.solana.p2p.quic.SendQuicData - 全部样本的平均时间830491.6666666666
2025-12-30 11:42:26.789 [udp-io-thread-1-1] INFO  c.bit.solana.p2p.quic.SendQuicData - 预测4.8168516666666664E7
2025-12-30 11:42:26.789 [quic-consumer-1767064813326] INFO  c.b.s.p.i.handle.QuicDataProcessor - 收到请求: P2PMessage{senderId=74sDMeR9Hq9aJTniBTPxs4b53NdG647rsspgfUF2EiMF, messageId=019b6d5997e3728c901522511dcf5ade, requestId=019b6d5997e3728c901522511dcf5ade, reqResFlag=0, type=5, length=1400, version=1}
2025-12-30 11:42:26.789 [quic-consumer-1767064813326] INFO  c.b.s.p2p.protocol.impl.TextHandler - 数据长度1400
2025-12-30 11:42:26.789 [quic-consumer-1767064813326] INFO  c.bit.solana.p2p.quic.SendQuicData - [开始发送] 连接ID:131602509247545344 数据ID:131602775703289856 总帧数:1
2025-12-30 11:42:26.790 [quic-consumer-1767064813326] INFO  c.bit.solana.p2p.quic.SendQuicData - [重传定时器启动] 连接ID:131602509247545344 数据ID:131602775703289856 首次重传延迟:500ms 后续重传间隔:20ms
2025-12-30 11:42:26.790 [quic-consumer-1767064813326] INFO  c.b.s.p.i.handle.QuicDataProcessor - 本次批量处理完成，共处理1条消息
2025-12-30 11:42:26.790 [udp-io-thread-1-1] INFO  c.b.solana.p2p.quic.ReceiveQuicData - [初始化数据] 连接ID:131602509247545344 数据ID:131602775703289856 总帧数:1
2025-12-30 11:42:26.790 [udp-io-thread-1-1] INFO  c.b.solana.p2p.quic.ReceiveQuicData - 所有帧接收完成
2025-12-30 11:42:26.790 [udp-io-thread-1-1] INFO  c.b.solana.p2p.quic.ReceiveQuicData - 完整数据长度101 数据ID131602775703289856
2025-12-30 11:42:26.790 [quic-consumer-1767064812291] INFO  c.b.s.p.i.handle.QuicDataProcessor - 收到响应: P2PMessage{senderId=BJfacYs27FRthbjxKaEHrJRbnd8kMyfSRReg7qunstkh, messageId=019b6d5997e5739087b559befda42468, requestId=019b6d5997e3728c901522511dcf5ade, reqResFlag=1, type=5, length=21, version=1}
2025-12-30 11:42:26.790 [udp-io-thread-1-1] INFO  c.bit.solana.p2p.quic.SendQuicData - [所有帧通过批量ACK确认] 连接ID:131602509247545344 数据ID:131602775703289856 传输完成
2025-12-30 11:42:26.790 [udp-io-thread-1-1] INFO  c.bit.solana.p2p.quic.SendQuicData - 数据发送完毕
2025-12-30 11:42:26.790 [quic-consumer-1767064812291] INFO  c.b.s.p.i.handle.QuicDataProcessor - 本次批量处理完成，共处理1条消息
2025-12-30 11:42:26.790 [http-nio-18333-exec-6] INFO  com.bit.solana.api.mock.MockApi - 节点回复：我已经收到回复
2025-12-30 11:42:26.790 [udp-io-thread-1-1] INFO  c.bit.solana.p2p.quic.SendQuicData - 全部样本的平均时间4.15045795E9
2025-12-30 11:42:26.790 [udp-io-thread-1-1] INFO  c.bit.solana.p2p.quic.SendQuicData - 预测2.407265611E11
2025-12-30 11:42:27.693 [http-nio-18333-exec-10] INFO  com.bit.solana.p2p.impl.PeerClient - 节点IDBJfacYs27FRthbjxKaEHrJRbnd8kMyfSRReg7qunstkh
2025-12-30 11:42:27.699 [http-nio-18333-exec-10] INFO  c.bit.solana.p2p.quic.SendQuicData - [开始发送] 连接ID:131602509247545344 数据ID:131602779520106496 总帧数:2
2025-12-30 11:42:27.699 [http-nio-18333-exec-10] INFO  c.bit.solana.p2p.quic.SendQuicData - [重传定时器启动] 连接ID:131602509247545344 数据ID:131602779520106496 首次重传延迟:500ms 后续重传间隔:20ms
2025-12-30 11:42:27.699 [udp-io-thread-1-1] INFO  c.b.solana.p2p.quic.ReceiveQuicData - [初始化数据] 连接ID:131602509247545344 数据ID:131602779520106496 总帧数:2
2025-12-30 11:42:27.701 [udp-io-thread-1-1] INFO  c.b.solana.p2p.quic.ReceiveQuicData - 所有帧接收完成
2025-12-30 11:42:27.701 [udp-io-thread-1-1] INFO  c.b.solana.p2p.quic.ReceiveQuicData - 完整数据长度1480 数据ID131602779520106496
2025-12-30 11:42:27.701 [udp-io-thread-1-1] INFO  c.bit.solana.p2p.quic.SendQuicData - [所有帧通过批量ACK确认] 连接ID:131602509247545344 数据ID:131602779520106496 传输完成
2025-12-30 11:42:27.701 [udp-io-thread-1-1] INFO  c.bit.solana.p2p.quic.SendQuicData - 数据发送完毕
2025-12-30 11:42:27.701 [udp-io-thread-1-1] INFO  c.bit.solana.p2p.quic.SendQuicData - 全部样本的平均时间828003.8461538461
2025-12-30 11:42:27.701 [udp-io-thread-1-1] INFO  c.bit.solana.p2p.quic.SendQuicData - 预测4.802422307692307E7
2025-12-30 11:42:27.701 [quic-consumer-1767064813326] INFO  c.b.s.p.i.handle.QuicDataProcessor - 收到请求: P2PMessage{senderId=74sDMeR9Hq9aJTniBTPxs4b53NdG647rsspgfUF2EiMF, messageId=019b6d599b6d74b4b3d2f95f4d65132f, requestId=019b6d599b6d74b4b3d2f95f4d65132f, reqResFlag=0, type=5, length=1400, version=1}
2025-12-30 11:42:27.701 [quic-consumer-1767064813326] INFO  c.b.s.p2p.protocol.impl.TextHandler - 数据长度1400
2025-12-30 11:42:27.701 [quic-consumer-1767064813326] INFO  c.bit.solana.p2p.quic.SendQuicData - [开始发送] 连接ID:131602509247545344 数据ID:131602779528495104 总帧数:1
2025-12-30 11:42:27.701 [quic-consumer-1767064813326] INFO  c.bit.solana.p2p.quic.SendQuicData - [重传定时器启动] 连接ID:131602509247545344 数据ID:131602779528495104 首次重传延迟:500ms 后续重传间隔:20ms
2025-12-30 11:42:27.701 [quic-consumer-1767064813326] INFO  c.b.s.p.i.handle.QuicDataProcessor - 本次批量处理完成，共处理1条消息
2025-12-30 11:42:27.701 [udp-io-thread-1-1] INFO  c.b.solana.p2p.quic.ReceiveQuicData - [初始化数据] 连接ID:131602509247545344 数据ID:131602779528495104 总帧数:1
2025-12-30 11:42:27.701 [udp-io-thread-1-1] INFO  c.b.solana.p2p.quic.ReceiveQuicData - 所有帧接收完成
2025-12-30 11:42:27.701 [udp-io-thread-1-1] INFO  c.b.solana.p2p.quic.ReceiveQuicData - 完整数据长度101 数据ID131602779528495104
2025-12-30 11:42:27.701 [udp-io-thread-1-1] INFO  c.bit.solana.p2p.quic.SendQuicData - [所有帧通过批量ACK确认] 连接ID:131602509247545344 数据ID:131602779528495104 传输完成
2025-12-30 11:42:27.702 [udp-io-thread-1-1] INFO  c.bit.solana.p2p.quic.SendQuicData - 数据发送完毕
2025-12-30 11:42:27.702 [udp-io-thread-1-1] INFO  c.bit.solana.p2p.quic.SendQuicData - 全部样本的平均时间3.8312200615384617E9
2025-12-30 11:42:27.702 [udp-io-thread-1-1] INFO  c.bit.solana.p2p.quic.SendQuicData - 预测2.2221076356923077E11
2025-12-30 11:42:27.702 [quic-consumer-1767064812291] INFO  c.b.s.p.i.handle.QuicDataProcessor - 收到响应: P2PMessage{senderId=BJfacYs27FRthbjxKaEHrJRbnd8kMyfSRReg7qunstkh, messageId=019b6d599b7577d2a38bfcccf33d819e, requestId=019b6d599b6d74b4b3d2f95f4d65132f, reqResFlag=1, type=5, length=21, version=1}
2025-12-30 11:42:27.702 [quic-consumer-1767064812291] INFO  c.b.s.p.i.handle.QuicDataProcessor - 本次批量处理完成，共处理1条消息
2025-12-30 11:42:27.702 [http-nio-18333-exec-10] INFO  com.bit.solana.api.mock.MockApi - 节点回复：我已经收到回复
2025-12-30 11:42:28.678 [http-nio-18333-exec-8] INFO  com.bit.solana.p2p.impl.PeerClient - 节点IDBJfacYs27FRthbjxKaEHrJRbnd8kMyfSRReg7qunstkh
2025-12-30 11:42:28.678 [http-nio-18333-exec-8] INFO  c.bit.solana.p2p.quic.SendQuicData - [开始发送] 连接ID:131602509247545344 数据ID:131602783626330112 总帧数:2
2025-12-30 11:42:28.679 [http-nio-18333-exec-8] INFO  c.bit.solana.p2p.quic.SendQuicData - [重传定时器启动] 连接ID:131602509247545344 数据ID:131602783626330112 首次重传延迟:500ms 后续重传间隔:20ms
2025-12-30 11:42:28.679 [udp-io-thread-1-1] INFO  c.b.solana.p2p.quic.ReceiveQuicData - [初始化数据] 连接ID:131602509247545344 数据ID:131602783626330112 总帧数:2
2025-12-30 11:42:28.680 [udp-io-thread-1-1] INFO  c.b.solana.p2p.quic.ReceiveQuicData - 所有帧接收完成
2025-12-30 11:42:28.680 [udp-io-thread-1-1] INFO  c.b.solana.p2p.quic.ReceiveQuicData - 完整数据长度1480 数据ID131602783626330112
2025-12-30 11:42:28.680 [udp-io-thread-1-1] INFO  c.bit.solana.p2p.quic.SendQuicData - [所有帧通过批量ACK确认] 连接ID:131602509247545344 数据ID:131602783626330112 传输完成
2025-12-30 11:42:28.680 [udp-io-thread-1-1] INFO  c.bit.solana.p2p.quic.SendQuicData - 数据发送完毕
2025-12-30 11:42:28.680 [udp-io-thread-1-1] INFO  c.bit.solana.p2p.quic.SendQuicData - 全部样本的平均时间825010.7142857143
2025-12-30 11:42:28.680 [udp-io-thread-1-1] INFO  c.bit.solana.p2p.quic.SendQuicData - 预测4.785062142857143E7
2025-12-30 11:42:28.680 [quic-consumer-1767064813326] INFO  c.b.s.p.i.handle.QuicDataProcessor - 收到请求: P2PMessage{senderId=74sDMeR9Hq9aJTniBTPxs4b53NdG647rsspgfUF2EiMF, messageId=019b6d599f46766caf103fc16a35c555, requestId=019b6d599f46766caf103fc16a35c555, reqResFlag=0, type=5, length=1400, version=1}
2025-12-30 11:42:28.680 [quic-consumer-1767064813326] INFO  c.b.s.p2p.protocol.impl.TextHandler - 数据长度1400
2025-12-30 11:42:28.680 [quic-consumer-1767064813326] INFO  c.bit.solana.p2p.quic.SendQuicData - [开始发送] 连接ID:131602509247545344 数据ID:131602783634718720 总帧数:1
2025-12-30 11:42:28.680 [quic-consumer-1767064813326] INFO  c.bit.solana.p2p.quic.SendQuicData - [重传定时器启动] 连接ID:131602509247545344 数据ID:131602783634718720 首次重传延迟:500ms 后续重传间隔:20ms
2025-12-30 11:42:28.680 [quic-consumer-1767064813326] INFO  c.b.s.p.i.handle.QuicDataProcessor - 本次批量处理完成，共处理1条消息
2025-12-30 11:42:28.680 [udp-io-thread-1-1] INFO  c.b.solana.p2p.quic.ReceiveQuicData - [初始化数据] 连接ID:131602509247545344 数据ID:131602783634718720 总帧数:1
2025-12-30 11:42:28.681 [udp-io-thread-1-1] INFO  c.b.solana.p2p.quic.ReceiveQuicData - 所有帧接收完成
2025-12-30 11:42:28.681 [udp-io-thread-1-1] INFO  c.bit.solana.p2p.quic.SendQuicData - [所有帧通过批量ACK确认] 连接ID:131602509247545344 数据ID:131602783634718720 传输完成
2025-12-30 11:42:28.681 [udp-io-thread-1-1] INFO  c.b.solana.p2p.quic.ReceiveQuicData - 完整数据长度101 数据ID131602783634718720
2025-12-30 11:42:28.681 [udp-io-thread-1-1] INFO  c.bit.solana.p2p.quic.SendQuicData - 数据发送完毕
2025-12-30 11:42:28.681 [udp-io-thread-1-1] INFO  c.bit.solana.p2p.quic.SendQuicData - 全部样本的平均时间3.557582935714286E9
2025-12-30 11:42:28.681 [udp-io-thread-1-1] INFO  c.bit.solana.p2p.quic.SendQuicData - 预测2.063398102714286E11
2025-12-30 11:42:28.681 [quic-consumer-1767064812291] INFO  c.b.s.p.i.handle.QuicDataProcessor - 收到响应: P2PMessage{senderId=BJfacYs27FRthbjxKaEHrJRbnd8kMyfSRReg7qunstkh, messageId=019b6d599f487b2e8c4e8466668603cf, requestId=019b6d599f46766caf103fc16a35c555, reqResFlag=1, type=5, length=21, version=1}
2025-12-30 11:42:28.681 [quic-consumer-1767064812291] INFO  c.b.s.p.i.handle.QuicDataProcessor - 本次批量处理完成，共处理1条消息
2025-12-30 11:42:28.681 [http-nio-18333-exec-8] INFO  com.bit.solana.api.mock.MockApi - 节点回复：我已经收到回复
2025-12-30 11:42:29.586 [http-nio-18333-exec-9] INFO  com.bit.solana.p2p.impl.PeerClient - 节点IDBJfacYs27FRthbjxKaEHrJRbnd8kMyfSRReg7qunstkh
2025-12-30 11:42:29.586 [http-nio-18333-exec-9] INFO  c.bit.solana.p2p.quic.SendQuicData - [开始发送] 连接ID:131602509247545344 数据ID:131602787434758144 总帧数:2
2025-12-30 11:42:29.586 [http-nio-18333-exec-9] INFO  c.bit.solana.p2p.quic.SendQuicData - [重传定时器启动] 连接ID:131602509247545344 数据ID:131602787434758144 首次重传延迟:500ms 后续重传间隔:20ms
2025-12-30 11:42:29.586 [udp-io-thread-1-1] INFO  c.b.solana.p2p.quic.ReceiveQuicData - [初始化数据] 连接ID:131602509247545344 数据ID:131602787434758144 总帧数:2
2025-12-30 11:42:29.587 [udp-io-thread-1-1] INFO  c.b.solana.p2p.quic.ReceiveQuicData - 所有帧接收完成
2025-12-30 11:42:29.587 [udp-io-thread-1-1] INFO  c.b.solana.p2p.quic.ReceiveQuicData - 完整数据长度1480 数据ID131602787434758144
2025-12-30 11:42:29.587 [udp-io-thread-1-1] INFO  c.bit.solana.p2p.quic.SendQuicData - [所有帧通过批量ACK确认] 连接ID:131602509247545344 数据ID:131602787434758144 传输完成
2025-12-30 11:42:29.587 [udp-io-thread-1-1] INFO  c.bit.solana.p2p.quic.SendQuicData - 数据发送完毕
2025-12-30 11:42:29.587 [udp-io-thread-1-1] INFO  c.bit.solana.p2p.quic.SendQuicData - 全部样本的平均时间811486.6666666666
2025-12-30 11:42:29.587 [quic-consumer-1767064813326] INFO  c.b.s.p.i.handle.QuicDataProcessor - 收到请求: P2PMessage{senderId=74sDMeR9Hq9aJTniBTPxs4b53NdG647rsspgfUF2EiMF, messageId=019b6d59a2d271009b67a98474363cbf, requestId=019b6d59a2d271009b67a98474363cbf, reqResFlag=0, type=5, length=1400, version=1}
2025-12-30 11:42:29.587 [udp-io-thread-1-1] INFO  c.bit.solana.p2p.quic.SendQuicData - 预测4.7066226666666664E7
2025-12-30 11:42:29.587 [quic-consumer-1767064813326] INFO  c.b.s.p2p.protocol.impl.TextHandler - 数据长度1400
2025-12-30 11:42:29.587 [quic-consumer-1767064813326] INFO  c.bit.solana.p2p.quic.SendQuicData - [开始发送] 连接ID:131602509247545344 数据ID:131602787438952448 总帧数:1
2025-12-30 11:42:29.588 [quic-consumer-1767064813326] INFO  c.bit.solana.p2p.quic.SendQuicData - [重传定时器启动] 连接ID:131602509247545344 数据ID:131602787438952448 首次重传延迟:500ms 后续重传间隔:20ms
2025-12-30 11:42:29.588 [quic-consumer-1767064813326] INFO  c.b.s.p.i.handle.QuicDataProcessor - 本次批量处理完成，共处理1条消息
2025-12-30 11:42:29.588 [udp-io-thread-1-1] INFO  c.b.solana.p2p.quic.ReceiveQuicData - [初始化数据] 连接ID:131602509247545344 数据ID:131602787438952448 总帧数:1
2025-12-30 11:42:29.588 [udp-io-thread-1-1] INFO  c.b.solana.p2p.quic.ReceiveQuicData - 所有帧接收完成
2025-12-30 11:42:29.588 [udp-io-thread-1-1] INFO  c.b.solana.p2p.quic.ReceiveQuicData - 完整数据长度101 数据ID131602787438952448
2025-12-30 11:42:29.589 [udp-io-thread-1-1] INFO  c.bit.solana.p2p.quic.SendQuicData - [所有帧通过批量ACK确认] 连接ID:131602509247545344 数据ID:131602787438952448 传输完成
2025-12-30 11:42:29.589 [udp-io-thread-1-1] INFO  c.bit.solana.p2p.quic.SendQuicData - 数据发送完毕
2025-12-30 11:42:29.589 [udp-io-thread-1-1] INFO  c.bit.solana.p2p.quic.SendQuicData - 全部样本的平均时间3.3204635666666665E9
2025-12-30 11:42:29.589 [udp-io-thread-1-1] INFO  c.bit.solana.p2p.quic.SendQuicData - 预测1.9258688686666666E11
2025-12-30 11:42:29.589 [quic-consumer-1767064812291] INFO  c.b.s.p.i.handle.QuicDataProcessor - 收到响应: P2PMessage{senderId=BJfacYs27FRthbjxKaEHrJRbnd8kMyfSRReg7qunstkh, messageId=019b6d59a2d378cc97a344af8908a7d9, requestId=019b6d59a2d271009b67a98474363cbf, reqResFlag=1, type=5, length=21, version=1}
2025-12-30 11:42:29.589 [quic-consumer-1767064812291] INFO  c.b.s.p.i.handle.QuicDataProcessor - 本次批量处理完成，共处理1条消息
2025-12-30 11:42:29.589 [http-nio-18333-exec-9] INFO  com.bit.solana.api.mock.MockApi - 节点回复：我已经收到回复
2025-12-30 11:42:30.535 [http-nio-18333-exec-7] INFO  com.bit.solana.p2p.impl.PeerClient - 节点IDBJfacYs27FRthbjxKaEHrJRbnd8kMyfSRReg7qunstkh
2025-12-30 11:42:30.535 [http-nio-18333-exec-7] INFO  c.bit.solana.p2p.quic.SendQuicData - [开始发送] 连接ID:131602509247545344 数据ID:131602791415152640 总帧数:2
2025-12-30 11:42:30.536 [http-nio-18333-exec-7] INFO  c.bit.solana.p2p.quic.SendQuicData - [重传定时器启动] 连接ID:131602509247545344 数据ID:131602791415152640 首次重传延迟:500ms 后续重传间隔:20ms
2025-12-30 11:42:30.536 [udp-io-thread-1-1] INFO  c.b.solana.p2p.quic.ReceiveQuicData - [初始化数据] 连接ID:131602509247545344 数据ID:131602791415152640 总帧数:2
2025-12-30 11:42:30.536 [udp-io-thread-1-1] INFO  c.b.solana.p2p.quic.ReceiveQuicData - 所有帧接收完成
2025-12-30 11:42:30.536 [udp-io-thread-1-1] INFO  c.b.solana.p2p.quic.ReceiveQuicData - 完整数据长度1480 数据ID131602791415152640
2025-12-30 11:42:30.536 [udp-io-thread-1-1] INFO  c.bit.solana.p2p.quic.SendQuicData - [所有帧通过批量ACK确认] 连接ID:131602509247545344 数据ID:131602791415152640 传输完成
2025-12-30 11:42:30.536 [udp-io-thread-1-1] INFO  c.bit.solana.p2p.quic.SendQuicData - 数据发送完毕
2025-12-30 11:42:30.536 [udp-io-thread-1-1] INFO  c.bit.solana.p2p.quic.SendQuicData - 全部样本的平均时间796025.0
2025-12-30 11:42:30.536 [udp-io-thread-1-1] INFO  c.bit.solana.p2p.quic.SendQuicData - 预测4.616945E7
2025-12-30 11:42:30.536 [quic-consumer-1767064813326] INFO  c.b.s.p.i.handle.QuicDataProcessor - 收到请求: P2PMessage{senderId=74sDMeR9Hq9aJTniBTPxs4b53NdG647rsspgfUF2EiMF, messageId=019b6d59a6877c928f6021aba3e48800, requestId=019b6d59a6877c928f6021aba3e48800, reqResFlag=0, type=5, length=1400, version=1}
2025-12-30 11:42:30.537 [quic-consumer-1767064813326] INFO  c.b.s.p2p.protocol.impl.TextHandler - 数据长度1400
2025-12-30 11:42:30.537 [quic-consumer-1767064813326] INFO  c.bit.solana.p2p.quic.SendQuicData - [开始发送] 连接ID:131602509247545344 数据ID:131602791423541248 总帧数:1
2025-12-30 11:42:30.537 [quic-consumer-1767064813326] INFO  c.bit.solana.p2p.quic.SendQuicData - [重传定时器启动] 连接ID:131602509247545344 数据ID:131602791423541248 首次重传延迟:500ms 后续重传间隔:20ms
2025-12-30 11:42:30.537 [quic-consumer-1767064813326] INFO  c.b.s.p.i.handle.QuicDataProcessor - 本次批量处理完成，共处理1条消息
2025-12-30 11:42:30.537 [udp-io-thread-1-1] INFO  c.b.solana.p2p.quic.ReceiveQuicData - [初始化数据] 连接ID:131602509247545344 数据ID:131602791423541248 总帧数:1
2025-12-30 11:42:30.537 [udp-io-thread-1-1] INFO  c.b.solana.p2p.quic.ReceiveQuicData - 所有帧接收完成
2025-12-30 11:42:30.538 [udp-io-thread-1-1] INFO  c.b.solana.p2p.quic.ReceiveQuicData - 完整数据长度101 数据ID131602791423541248
2025-12-30 11:42:30.538 [udp-io-thread-1-1] INFO  c.bit.solana.p2p.quic.SendQuicData - [所有帧通过批量ACK确认] 连接ID:131602509247545344 数据ID:131602791423541248 传输完成
2025-12-30 11:42:30.538 [udp-io-thread-1-1] INFO  c.bit.solana.p2p.quic.SendQuicData - 数据发送完毕
2025-12-30 11:42:30.538 [udp-io-thread-1-1] INFO  c.bit.solana.p2p.quic.SendQuicData - 全部样本的平均时间3.1129647E9
2025-12-30 11:42:30.538 [udp-io-thread-1-1] INFO  c.bit.solana.p2p.quic.SendQuicData - 预测1.805519526E11
2025-12-30 11:42:30.538 [quic-consumer-1767064812291] INFO  c.b.s.p.i.handle.QuicDataProcessor - 收到响应: P2PMessage{senderId=BJfacYs27FRthbjxKaEHrJRbnd8kMyfSRReg7qunstkh, messageId=019b6d59a6897025b5bdb73f4e88e70a, requestId=019b6d59a6877c928f6021aba3e48800, reqResFlag=1, type=5, length=21, version=1}
2025-12-30 11:42:30.538 [quic-consumer-1767064812291] INFO  c.b.s.p.i.handle.QuicDataProcessor - 本次批量处理完成，共处理1条消息
2025-12-30 11:42:30.538 [http-nio-18333-exec-7] INFO  com.bit.solana.api.mock.MockApi - 节点回复：我已经收到回复
2025-12-30 11:42:31.474 [http-nio-18333-exec-2] INFO  com.bit.solana.p2p.impl.PeerClient - 节点IDBJfacYs27FRthbjxKaEHrJRbnd8kMyfSRReg7qunstkh
2025-12-30 11:42:31.474 [http-nio-18333-exec-2] INFO  c.bit.solana.p2p.quic.SendQuicData - [开始发送] 连接ID:131602509247545344 数据ID:131602795353604096 总帧数:2
2025-12-30 11:42:31.474 [http-nio-18333-exec-2] INFO  c.bit.solana.p2p.quic.SendQuicData - [重传定时器启动] 连接ID:131602509247545344 数据ID:131602795353604096 首次重传延迟:500ms 后续重传间隔:20ms
2025-12-30 11:42:31.475 [udp-io-thread-1-1] INFO  c.b.solana.p2p.quic.ReceiveQuicData - [初始化数据] 连接ID:131602509247545344 数据ID:131602795353604096 总帧数:2
2025-12-30 11:42:31.475 [udp-io-thread-1-1] INFO  c.b.solana.p2p.quic.ReceiveQuicData - 所有帧接收完成
2025-12-30 11:42:31.475 [udp-io-thread-1-1] INFO  c.b.solana.p2p.quic.ReceiveQuicData - 完整数据长度1480 数据ID131602795353604096
2025-12-30 11:42:31.475 [udp-io-thread-1-1] INFO  c.bit.solana.p2p.quic.SendQuicData - [所有帧通过批量ACK确认] 连接ID:131602509247545344 数据ID:131602795353604096 传输完成
2025-12-30 11:42:31.475 [udp-io-thread-1-1] INFO  c.bit.solana.p2p.quic.SendQuicData - 数据发送完毕
2025-12-30 11:42:31.475 [udp-io-thread-1-1] INFO  c.bit.solana.p2p.quic.SendQuicData - 全部样本的平均时间788055.8823529412
2025-12-30 11:42:31.475 [udp-io-thread-1-1] INFO  c.bit.solana.p2p.quic.SendQuicData - 预测4.570724117647059E7
2025-12-30 11:42:31.475 [quic-consumer-1767064813326] INFO  c.b.s.p.i.handle.QuicDataProcessor - 收到请求: P2PMessage{senderId=74sDMeR9Hq9aJTniBTPxs4b53NdG647rsspgfUF2EiMF, messageId=019b6d59aa327e499eb812b9dfe8491e, requestId=019b6d59aa327e499eb812b9dfe8491e, reqResFlag=0, type=5, length=1400, version=1}
2025-12-30 11:42:31.475 [quic-consumer-1767064813326] INFO  c.b.s.p2p.protocol.impl.TextHandler - 数据长度1400
2025-12-30 11:42:31.476 [quic-consumer-1767064813326] INFO  c.bit.solana.p2p.quic.SendQuicData - [开始发送] 连接ID:131602509247545344 数据ID:131602795361992704 总帧数:1
2025-12-30 11:42:31.476 [quic-consumer-1767064813326] INFO  c.bit.solana.p2p.quic.SendQuicData - [重传定时器启动] 连接ID:131602509247545344 数据ID:131602795361992704 首次重传延迟:500ms 后续重传间隔:20ms
2025-12-30 11:42:31.476 [quic-consumer-1767064813326] INFO  c.b.s.p.i.handle.QuicDataProcessor - 本次批量处理完成，共处理1条消息
2025-12-30 11:42:31.476 [udp-io-thread-1-1] INFO  c.b.solana.p2p.quic.ReceiveQuicData - [初始化数据] 连接ID:131602509247545344 数据ID:131602795361992704 总帧数:1
2025-12-30 11:42:31.476 [udp-io-thread-1-1] INFO  c.b.solana.p2p.quic.ReceiveQuicData - 所有帧接收完成
2025-12-30 11:42:31.476 [udp-io-thread-1-1] INFO  c.b.solana.p2p.quic.ReceiveQuicData - 完整数据长度101 数据ID131602795361992704
2025-12-30 11:42:31.476 [udp-io-thread-1-1] INFO  c.bit.solana.p2p.quic.SendQuicData - [所有帧通过批量ACK确认] 连接ID:131602509247545344 数据ID:131602795361992704 传输完成
2025-12-30 11:42:31.476 [udp-io-thread-1-1] INFO  c.bit.solana.p2p.quic.SendQuicData - 数据发送完毕
2025-12-30 11:42:31.476 [udp-io-thread-1-1] INFO  c.bit.solana.p2p.quic.SendQuicData - 全部样本的平均时间2.9298708705882354E9
2025-12-30 11:42:31.476 [udp-io-thread-1-1] INFO  c.bit.solana.p2p.quic.SendQuicData - 预测1.6993251049411765E11
2025-12-30 11:42:31.476 [quic-consumer-1767064812291] INFO  c.b.s.p.i.handle.QuicDataProcessor - 收到响应: P2PMessage{senderId=BJfacYs27FRthbjxKaEHrJRbnd8kMyfSRReg7qunstkh, messageId=019b6d59aa337d7aa71af66bb2c0c658, requestId=019b6d59aa327e499eb812b9dfe8491e, reqResFlag=1, type=5, length=21, version=1}
2025-12-30 11:42:31.476 [quic-consumer-1767064812291] INFO  c.b.s.p.i.handle.QuicDataProcessor - 本次批量处理完成，共处理1条消息
2025-12-30 11:42:31.476 [http-nio-18333-exec-2] INFO  com.bit.solana.api.mock.MockApi - 节点回复：我已经收到回复
2025-12-30 11:42:32.442 [http-nio-18333-exec-1] INFO  com.bit.solana.p2p.impl.PeerClient - 节点IDBJfacYs27FRthbjxKaEHrJRbnd8kMyfSRReg7qunstkh
2025-12-30 11:42:32.443 [http-nio-18333-exec-1] INFO  c.bit.solana.p2p.quic.SendQuicData - [开始发送] 连接ID:131602509247545344 数据ID:131602799417884672 总帧数:2
2025-12-30 11:42:32.443 [http-nio-18333-exec-1] INFO  c.bit.solana.p2p.quic.SendQuicData - [重传定时器启动] 连接ID:131602509247545344 数据ID:131602799417884672 首次重传延迟:500ms 后续重传间隔:20ms
2025-12-30 11:42:32.443 [udp-io-thread-1-1] INFO  c.b.solana.p2p.quic.ReceiveQuicData - [初始化数据] 连接ID:131602509247545344 数据ID:131602799417884672 总帧数:2
2025-12-30 11:42:32.443 [udp-io-thread-1-1] INFO  c.b.solana.p2p.quic.ReceiveQuicData - 所有帧接收完成
2025-12-30 11:42:32.443 [udp-io-thread-1-1] INFO  c.b.solana.p2p.quic.ReceiveQuicData - 完整数据长度1480 数据ID131602799417884672
2025-12-30 11:42:32.444 [udp-io-thread-1-1] INFO  c.bit.solana.p2p.quic.SendQuicData - [所有帧通过批量ACK确认] 连接ID:131602509247545344 数据ID:131602799417884672 传输完成
2025-12-30 11:42:32.444 [udp-io-thread-1-1] INFO  c.bit.solana.p2p.quic.SendQuicData - 数据发送完毕
2025-12-30 11:42:32.444 [quic-consumer-1767064813326] INFO  c.b.s.p.i.handle.QuicDataProcessor - 收到请求: P2PMessage{senderId=74sDMeR9Hq9aJTniBTPxs4b53NdG647rsspgfUF2EiMF, messageId=019b6d59adfa73a4b7a2b02e87149b49, requestId=019b6d59adfa73a4b7a2b02e87149b49, reqResFlag=0, type=5, length=1400, version=1}
2025-12-30 11:42:32.444 [udp-io-thread-1-1] INFO  c.bit.solana.p2p.quic.SendQuicData - 全部样本的平均时间777291.6666666666
2025-12-30 11:42:32.444 [quic-consumer-1767064813326] INFO  c.b.s.p2p.protocol.impl.TextHandler - 数据长度1400
2025-12-30 11:42:32.444 [udp-io-thread-1-1] INFO  c.bit.solana.p2p.quic.SendQuicData - 预测4.5082916666666664E7
2025-12-30 11:42:32.444 [quic-consumer-1767064813326] INFO  c.bit.solana.p2p.quic.SendQuicData - [开始发送] 连接ID:131602509247545344 数据ID:131602799422078976 总帧数:1
2025-12-30 11:42:32.444 [quic-consumer-1767064813326] INFO  c.bit.solana.p2p.quic.SendQuicData - [重传定时器启动] 连接ID:131602509247545344 数据ID:131602799422078976 首次重传延迟:500ms 后续重传间隔:20ms
2025-12-30 11:42:32.444 [quic-consumer-1767064813326] INFO  c.b.s.p.i.handle.QuicDataProcessor - 本次批量处理完成，共处理1条消息
2025-12-30 11:42:32.444 [udp-io-thread-1-1] INFO  c.b.solana.p2p.quic.ReceiveQuicData - [初始化数据] 连接ID:131602509247545344 数据ID:131602799422078976 总帧数:1
2025-12-30 11:42:32.444 [udp-io-thread-1-1] INFO  c.b.solana.p2p.quic.ReceiveQuicData - 所有帧接收完成
2025-12-30 11:42:32.444 [udp-io-thread-1-1] INFO  c.b.solana.p2p.quic.ReceiveQuicData - 完整数据长度101 数据ID131602799422078976
2025-12-30 11:42:32.444 [udp-io-thread-1-1] INFO  c.bit.solana.p2p.quic.SendQuicData - [所有帧通过批量ACK确认] 连接ID:131602509247545344 数据ID:131602799422078976 传输完成
2025-12-30 11:42:32.445 [udp-io-thread-1-1] INFO  c.bit.solana.p2p.quic.SendQuicData - 数据发送完毕
2025-12-30 11:42:32.444 [quic-consumer-1767064812291] INFO  c.b.s.p.i.handle.QuicDataProcessor - 收到响应: P2PMessage{senderId=BJfacYs27FRthbjxKaEHrJRbnd8kMyfSRReg7qunstkh, messageId=019b6d59adfc7cedabd27519f1e9d304, requestId=019b6d59adfa73a4b7a2b02e87149b49, reqResFlag=1, type=5, length=21, version=1}
2025-12-30 11:42:32.445 [udp-io-thread-1-1] INFO  c.bit.solana.p2p.quic.SendQuicData - 全部样本的平均时间2.7671240333333335E9
2025-12-30 11:42:32.445 [udp-io-thread-1-1] INFO  c.bit.solana.p2p.quic.SendQuicData - 预测1.6049319393333334E11
2025-12-30 11:42:32.445 [quic-consumer-1767064812291] INFO  c.b.s.p.i.handle.QuicDataProcessor - 本次批量处理完成，共处理1条消息
2025-12-30 11:42:32.445 [http-nio-18333-exec-1] INFO  com.bit.solana.api.mock.MockApi - 节点回复：我已经收到回复
2025-12-30 11:42:33.295 [http-nio-18333-exec-3] INFO  com.bit.solana.p2p.impl.PeerClient - 节点IDBJfacYs27FRthbjxKaEHrJRbnd8kMyfSRReg7qunstkh
2025-12-30 11:42:33.295 [http-nio-18333-exec-3] INFO  c.bit.solana.p2p.quic.SendQuicData - [开始发送] 连接ID:131602509247545344 数据ID:131602802991431680 总帧数:2
2025-12-30 11:42:33.297 [http-nio-18333-exec-3] INFO  c.bit.solana.p2p.quic.SendQuicData - [重传定时器启动] 连接ID:131602509247545344 数据ID:131602802991431680 首次重传延迟:500ms 后续重传间隔:20ms
2025-12-30 11:42:33.297 [udp-io-thread-1-1] INFO  c.b.solana.p2p.quic.ReceiveQuicData - [初始化数据] 连接ID:131602509247545344 数据ID:131602802991431680 总帧数:2
2025-12-30 11:42:33.297 [udp-io-thread-1-1] INFO  c.b.solana.p2p.quic.ReceiveQuicData - 所有帧接收完成
2025-12-30 11:42:33.297 [udp-io-thread-1-1] INFO  c.b.solana.p2p.quic.ReceiveQuicData - 完整数据长度1480 数据ID131602802991431680
2025-12-30 11:42:33.297 [udp-io-thread-1-1] INFO  c.bit.solana.p2p.quic.SendQuicData - [所有帧通过批量ACK确认] 连接ID:131602509247545344 数据ID:131602802991431680 传输完成
2025-12-30 11:42:33.297 [udp-io-thread-1-1] INFO  c.bit.solana.p2p.quic.SendQuicData - 数据发送完毕
2025-12-30 11:42:33.297 [udp-io-thread-1-1] INFO  c.bit.solana.p2p.quic.SendQuicData - 全部样本的平均时间763434.2105263158
2025-12-30 11:42:33.297 [udp-io-thread-1-1] INFO  c.bit.solana.p2p.quic.SendQuicData - 预测4.427918421052632E7
2025-12-30 11:42:33.297 [quic-consumer-1767064813326] INFO  c.b.s.p.i.handle.QuicDataProcessor - 收到请求: P2PMessage{senderId=74sDMeR9Hq9aJTniBTPxs4b53NdG647rsspgfUF2EiMF, messageId=019b6d59b14f7a7d8566ab1adc0ffced, requestId=019b6d59b14f7a7d8566ab1adc0ffced, reqResFlag=0, type=5, length=1400, version=1}
2025-12-30 11:42:33.297 [quic-consumer-1767064813326] INFO  c.b.s.p2p.protocol.impl.TextHandler - 数据长度1400
2025-12-30 11:42:33.298 [quic-consumer-1767064813326] INFO  c.bit.solana.p2p.quic.SendQuicData - [开始发送] 连接ID:131602509247545344 数据ID:131602802999820288 总帧数:1
2025-12-30 11:42:33.298 [quic-consumer-1767064813326] INFO  c.bit.solana.p2p.quic.SendQuicData - [重传定时器启动] 连接ID:131602509247545344 数据ID:131602802999820288 首次重传延迟:500ms 后续重传间隔:20ms
2025-12-30 11:42:33.298 [quic-consumer-1767064813326] INFO  c.b.s.p.i.handle.QuicDataProcessor - 本次批量处理完成，共处理1条消息
2025-12-30 11:42:33.298 [udp-io-thread-1-1] INFO  c.b.solana.p2p.quic.ReceiveQuicData - [初始化数据] 连接ID:131602509247545344 数据ID:131602802999820288 总帧数:1
2025-12-30 11:42:33.298 [udp-io-thread-1-1] INFO  c.b.solana.p2p.quic.ReceiveQuicData - 所有帧接收完成
2025-12-30 11:42:33.298 [udp-io-thread-1-1] INFO  c.b.solana.p2p.quic.ReceiveQuicData - 完整数据长度101 数据ID131602802999820288
2025-12-30 11:42:33.298 [udp-io-thread-1-1] INFO  c.bit.solana.p2p.quic.SendQuicData - [所有帧通过批量ACK确认] 连接ID:131602509247545344 数据ID:131602802999820288 传输完成
2025-12-30 11:42:33.298 [udp-io-thread-1-1] INFO  c.bit.solana.p2p.quic.SendQuicData - 数据发送完毕
2025-12-30 11:42:33.298 [quic-consumer-1767064812291] INFO  c.b.s.p.i.handle.QuicDataProcessor - 收到响应: P2PMessage{senderId=BJfacYs27FRthbjxKaEHrJRbnd8kMyfSRReg7qunstkh, messageId=019b6d59b15176fdac0a7a7c002f27af, requestId=019b6d59b14f7a7d8566ab1adc0ffced, reqResFlag=1, type=5, length=21, version=1}
2025-12-30 11:42:33.298 [udp-io-thread-1-1] INFO  c.bit.solana.p2p.quic.SendQuicData - 全部样本的平均时间2.6215132684210525E9
2025-12-30 11:42:33.298 [udp-io-thread-1-1] INFO  c.bit.solana.p2p.quic.SendQuicData - 预测1.5204776956842105E11
2025-12-30 11:42:33.298 [quic-consumer-1767064812291] INFO  c.b.s.p.i.handle.QuicDataProcessor - 本次批量处理完成，共处理1条消息
2025-12-30 11:42:33.298 [http-nio-18333-exec-3] INFO  com.bit.solana.api.mock.MockApi - 节点回复：我已经收到回复
2025-12-30 11:43:47.147 [http-nio-18333-exec-6] INFO  c.b.s.p2p.quic.QuicConnectionManager - 节点IDBJfacYs27FRthbjxKaEHrJRbnd8kMyfSRReg7qunstkh
2025-12-30 11:43:47.147 [http-nio-18333-exec-6] ERROR c.b.s.p2p.quic.QuicConnectionManager - 该节点已存在连接
2025-12-30 11:43:50.226 [http-nio-18333-exec-10] INFO  com.bit.solana.p2p.impl.PeerClient - 节点IDBJfacYs27FRthbjxKaEHrJRbnd8kMyfSRReg7qunstkh
2025-12-30 11:43:50.226 [http-nio-18333-exec-10] INFO  c.bit.solana.p2p.quic.SendQuicData - [开始发送] 连接ID:131602509247545344 数据ID:131603125663432704 总帧数:2
2025-12-30 11:43:50.226 [http-nio-18333-exec-10] INFO  c.bit.solana.p2p.quic.SendQuicData - [重传定时器启动] 连接ID:131602509247545344 数据ID:131603125663432704 首次重传延迟:500ms 后续重传间隔:20ms
2025-12-30 11:43:50.226 [udp-io-thread-1-1] INFO  c.b.solana.p2p.quic.ReceiveQuicData - [初始化数据] 连接ID:131602509247545344 数据ID:131603125663432704 总帧数:2
2025-12-30 11:43:50.227 [udp-io-thread-1-1] INFO  c.b.solana.p2p.quic.ReceiveQuicData - 所有帧接收完成
2025-12-30 11:43:50.227 [udp-io-thread-1-1] INFO  c.b.solana.p2p.quic.ReceiveQuicData - 完整数据长度1480 数据ID131603125663432704
2025-12-30 11:43:50.227 [udp-io-thread-1-1] INFO  c.bit.solana.p2p.quic.SendQuicData - [所有帧通过批量ACK确认] 连接ID:131602509247545344 数据ID:131603125663432704 传输完成
2025-12-30 11:43:50.227 [udp-io-thread-1-1] INFO  c.bit.solana.p2p.quic.SendQuicData - 数据发送完毕
2025-12-30 11:43:50.227 [udp-io-thread-1-1] INFO  c.bit.solana.p2p.quic.SendQuicData - 当前数据耗时843600
2025-12-30 11:43:50.227 [udp-io-thread-1-1] INFO  c.bit.solana.p2p.quic.SendQuicData - 全部样本的平均时间753405.0
2025-12-30 11:43:50.227 [udp-io-thread-1-1] INFO  c.bit.solana.p2p.quic.SendQuicData - 预测4.369749E7
2025-12-30 11:43:50.227 [quic-consumer-1767064813326] INFO  c.b.s.p.i.handle.QuicDataProcessor - 收到请求: P2PMessage{senderId=74sDMeR9Hq9aJTniBTPxs4b53NdG647rsspgfUF2EiMF, messageId=019b6d5addd27f2fb2c204fb44fe8be8, requestId=019b6d5addd27f2fb2c204fb44fe8be8, reqResFlag=0, type=5, length=1400, version=1}
2025-12-30 11:43:50.227 [quic-consumer-1767064813326] INFO  c.b.s.p2p.protocol.impl.TextHandler - 数据长度1400
2025-12-30 11:43:50.228 [quic-consumer-1767064813326] INFO  c.bit.solana.p2p.quic.SendQuicData - [开始发送] 连接ID:131602509247545344 数据ID:131603125671821312 总帧数:1
2025-12-30 11:43:50.228 [udp-io-thread-1-1] INFO  c.b.solana.p2p.quic.ReceiveQuicData - [初始化数据] 连接ID:131602509247545344 数据ID:131603125671821312 总帧数:1
2025-12-30 11:43:50.228 [udp-io-thread-1-1] INFO  c.b.solana.p2p.quic.ReceiveQuicData - 所有帧接收完成
2025-12-30 11:43:50.228 [udp-io-thread-1-1] INFO  c.b.solana.p2p.quic.ReceiveQuicData - 完整数据长度101 数据ID131603125671821312
2025-12-30 11:43:50.228 [quic-consumer-1767064813326] INFO  c.bit.solana.p2p.quic.SendQuicData - [重传定时器启动] 连接ID:131602509247545344 数据ID:131603125671821312 首次重传延迟:500ms 后续重传间隔:20ms
2025-12-30 11:43:50.228 [quic-consumer-1767064813326] INFO  c.b.s.p.i.handle.QuicDataProcessor - 本次批量处理完成，共处理1条消息
2025-12-30 11:43:50.228 [udp-io-thread-1-1] INFO  c.bit.solana.p2p.quic.SendQuicData - [所有帧通过批量ACK确认] 连接ID:131602509247545344 数据ID:131603125671821312 传输完成
2025-12-30 11:43:50.228 [udp-io-thread-1-1] INFO  c.bit.solana.p2p.quic.SendQuicData - 数据发送完毕
2025-12-30 11:43:50.228 [udp-io-thread-1-1] INFO  c.bit.solana.p2p.quic.SendQuicData - 当前数据耗时99300
2025-12-30 11:43:50.228 [udp-io-thread-1-1] INFO  c.bit.solana.p2p.quic.SendQuicData - 全部样本的平均时间6.33697334E9
2025-12-30 11:43:50.228 [udp-io-thread-1-1] INFO  c.bit.solana.p2p.quic.SendQuicData - 预测3.6754445372E11
2025-12-30 11:43:50.228 [quic-consumer-1767064812291] INFO  c.b.s.p.i.handle.QuicDataProcessor - 收到响应: P2PMessage{senderId=BJfacYs27FRthbjxKaEHrJRbnd8kMyfSRReg7qunstkh, messageId=019b6d5addd47ec0888170a23e61bd0e, requestId=019b6d5addd27f2fb2c204fb44fe8be8, reqResFlag=1, type=5, length=21, version=1}
2025-12-30 11:43:50.229 [quic-consumer-1767064812291] INFO  c.b.s.p.i.handle.QuicDataProcessor - 本次批量处理完成，共处理1条消息
2025-12-30 11:43:50.229 [http-nio-18333-exec-10] INFO  com.bit.solana.api.mock.MockApi - 节点回复：我已经收到回复
2025-12-30 11:44:10.655 [http-nio-18333-exec-8] INFO  com.bit.solana.p2p.impl.PeerClient - 节点IDBJfacYs27FRthbjxKaEHrJRbnd8kMyfSRReg7qunstkh
2025-12-30 11:44:10.655 [http-nio-18333-exec-8] INFO  c.bit.solana.p2p.quic.SendQuicData - [开始发送] 连接ID:131602509247545344 数据ID:131603211348869120 总帧数:2
2025-12-30 11:44:10.656 [http-nio-18333-exec-8] INFO  c.bit.solana.p2p.quic.SendQuicData - [重传定时器启动] 连接ID:131602509247545344 数据ID:131603211348869120 首次重传延迟:500ms 后续重传间隔:20ms
2025-12-30 11:44:10.656 [udp-io-thread-1-1] INFO  c.b.solana.p2p.quic.ReceiveQuicData - [初始化数据] 连接ID:131602509247545344 数据ID:131603211348869120 总帧数:2
2025-12-30 11:44:10.656 [udp-io-thread-1-1] INFO  c.b.solana.p2p.quic.ReceiveQuicData - 所有帧接收完成
2025-12-30 11:44:10.656 [udp-io-thread-1-1] INFO  c.b.solana.p2p.quic.ReceiveQuicData - 完整数据长度1480 数据ID131603211348869120
2025-12-30 11:44:10.656 [udp-io-thread-1-1] INFO  c.bit.solana.p2p.quic.SendQuicData - [所有帧通过批量ACK确认] 连接ID:131602509247545344 数据ID:131603211348869120 传输完成
2025-12-30 11:44:10.656 [udp-io-thread-1-1] INFO  c.bit.solana.p2p.quic.SendQuicData - 数据发送完毕
2025-12-30 11:44:10.656 [udp-io-thread-1-1] INFO  c.bit.solana.p2p.quic.SendQuicData - 当前数据耗时833000
2025-12-30 11:44:10.656 [udp-io-thread-1-1] INFO  c.bit.solana.p2p.quic.SendQuicData - 全部样本的平均时间742538.0952380953
2025-12-30 11:44:10.656 [udp-io-thread-1-1] INFO  c.bit.solana.p2p.quic.SendQuicData - 预测4.306720952380952E7
2025-12-30 11:44:10.656 [quic-consumer-1767064813326] INFO  c.b.s.p.i.handle.QuicDataProcessor - 收到请求: P2PMessage{senderId=74sDMeR9Hq9aJTniBTPxs4b53NdG647rsspgfUF2EiMF, messageId=019b6d5b2d9f7590ab04efd6409da12b, requestId=019b6d5b2d9f7590ab04efd6409da12b, reqResFlag=0, type=5, length=1400, version=1}
2025-12-30 11:44:10.656 [quic-consumer-1767064813326] INFO  c.b.s.p2p.protocol.impl.TextHandler - 数据长度1400
2025-12-30 11:44:10.656 [quic-consumer-1767064813326] INFO  c.bit.solana.p2p.quic.SendQuicData - [开始发送] 连接ID:131602509247545344 数据ID:131603211353063424 总帧数:1
2025-12-30 11:44:10.656 [quic-consumer-1767064813326] INFO  c.bit.solana.p2p.quic.SendQuicData - [重传定时器启动] 连接ID:131602509247545344 数据ID:131603211353063424 首次重传延迟:500ms 后续重传间隔:20ms
2025-12-30 11:44:10.657 [quic-consumer-1767064813326] INFO  c.b.s.p.i.handle.QuicDataProcessor - 本次批量处理完成，共处理1条消息
2025-12-30 11:44:10.657 [udp-io-thread-1-1] INFO  c.b.solana.p2p.quic.ReceiveQuicData - [初始化数据] 连接ID:131602509247545344 数据ID:131603211353063424 总帧数:1
2025-12-30 11:44:10.657 [udp-io-thread-1-1] INFO  c.b.solana.p2p.quic.ReceiveQuicData - 所有帧接收完成
2025-12-30 11:44:10.657 [udp-io-thread-1-1] INFO  c.b.solana.p2p.quic.ReceiveQuicData - 完整数据长度101 数据ID131603211353063424
2025-12-30 11:44:10.657 [udp-io-thread-1-1] INFO  c.bit.solana.p2p.quic.SendQuicData - [所有帧通过批量ACK确认] 连接ID:131602509247545344 数据ID:131603211353063424 传输完成
2025-12-30 11:44:10.657 [udp-io-thread-1-1] INFO  c.bit.solana.p2p.quic.SendQuicData - 数据发送完毕
2025-12-30 11:44:10.657 [udp-io-thread-1-1] INFO  c.bit.solana.p2p.quic.SendQuicData - 当前数据耗时629500
2025-12-30 11:44:10.657 [udp-io-thread-1-1] INFO  c.bit.solana.p2p.quic.SendQuicData - 全部样本的平均时间6.035234523809524E9
2025-12-30 11:44:10.657 [udp-io-thread-1-1] INFO  c.bit.solana.p2p.quic.SendQuicData - 预测3.500436023809524E11
2025-12-30 11:44:10.657 [quic-consumer-1767064812291] INFO  c.b.s.p.i.handle.QuicDataProcessor - 收到响应: P2PMessage{senderId=BJfacYs27FRthbjxKaEHrJRbnd8kMyfSRReg7qunstkh, messageId=019b6d5b2da07bf480aa783ab53f24f1, requestId=019b6d5b2d9f7590ab04efd6409da12b, reqResFlag=1, type=5, length=21, version=1}
2025-12-30 11:44:10.657 [quic-consumer-1767064812291] INFO  c.b.s.p.i.handle.QuicDataProcessor - 本次批量处理完成，共处理1条消息
2025-12-30 11:44:10.657 [http-nio-18333-exec-8] INFO  com.bit.solana.api.mock.MockApi - 节点回复：我已经收到回复
2025-12-30 11:44:11.880 [http-nio-18333-exec-9] INFO  com.bit.solana.p2p.impl.PeerClient - 节点IDBJfacYs27FRthbjxKaEHrJRbnd8kMyfSRReg7qunstkh
2025-12-30 11:44:11.880 [http-nio-18333-exec-9] INFO  c.bit.solana.p2p.quic.SendQuicData - [开始发送] 连接ID:131602509247545344 数据ID:131603216486891520 总帧数:2
2025-12-30 11:44:11.880 [http-nio-18333-exec-9] INFO  c.bit.solana.p2p.quic.SendQuicData - [重传定时器启动] 连接ID:131602509247545344 数据ID:131603216486891520 首次重传延迟:500ms 后续重传间隔:20ms
2025-12-30 11:44:11.880 [udp-io-thread-1-1] INFO  c.b.solana.p2p.quic.ReceiveQuicData - [初始化数据] 连接ID:131602509247545344 数据ID:131603216486891520 总帧数:2
2025-12-30 11:44:11.881 [udp-io-thread-1-1] INFO  c.b.solana.p2p.quic.ReceiveQuicData - 所有帧接收完成
2025-12-30 11:44:11.881 [udp-io-thread-1-1] INFO  c.bit.solana.p2p.quic.SendQuicData - [所有帧通过批量ACK确认] 连接ID:131602509247545344 数据ID:131603216486891520 传输完成
2025-12-30 11:44:11.881 [udp-io-thread-1-1] INFO  c.b.solana.p2p.quic.ReceiveQuicData - 完整数据长度1480 数据ID131603216486891520
2025-12-30 11:44:11.881 [udp-io-thread-1-1] INFO  c.bit.solana.p2p.quic.SendQuicData - 数据发送完毕
2025-12-30 11:44:11.881 [udp-io-thread-1-1] INFO  c.bit.solana.p2p.quic.SendQuicData - 当前数据耗时615900
2025-12-30 11:44:11.881 [udp-io-thread-1-1] INFO  c.bit.solana.p2p.quic.SendQuicData - 全部样本的平均时间731181.8181818182
2025-12-30 11:44:11.881 [udp-io-thread-1-1] INFO  c.bit.solana.p2p.quic.SendQuicData - 预测4.240854545454546E7
2025-12-30 11:44:11.881 [quic-consumer-1767064813326] INFO  c.b.s.p.i.handle.QuicDataProcessor - 收到请求: P2PMessage{senderId=74sDMeR9Hq9aJTniBTPxs4b53NdG647rsspgfUF2EiMF, messageId=019b6d5b32687c3cb33543e6908bf185, requestId=019b6d5b32687c3cb33543e6908bf185, reqResFlag=0, type=5, length=1400, version=1}
2025-12-30 11:44:11.881 [quic-consumer-1767064813326] INFO  c.b.s.p2p.protocol.impl.TextHandler - 数据长度1400
2025-12-30 11:44:11.881 [quic-consumer-1767064813326] INFO  c.bit.solana.p2p.quic.SendQuicData - [开始发送] 连接ID:131602509247545344 数据ID:131603216491085824 总帧数:1
2025-12-30 11:44:11.882 [quic-consumer-1767064813326] INFO  c.bit.solana.p2p.quic.SendQuicData - [重传定时器启动] 连接ID:131602509247545344 数据ID:131603216491085824 首次重传延迟:500ms 后续重传间隔:20ms
2025-12-30 11:44:11.882 [quic-consumer-1767064813326] INFO  c.b.s.p.i.handle.QuicDataProcessor - 本次批量处理完成，共处理1条消息
2025-12-30 11:44:11.882 [udp-io-thread-1-1] INFO  c.b.solana.p2p.quic.ReceiveQuicData - [初始化数据] 连接ID:131602509247545344 数据ID:131603216491085824 总帧数:1
2025-12-30 11:44:11.882 [udp-io-thread-1-1] INFO  c.b.solana.p2p.quic.ReceiveQuicData - 所有帧接收完成
2025-12-30 11:44:11.882 [udp-io-thread-1-1] INFO  c.b.solana.p2p.quic.ReceiveQuicData - 完整数据长度101 数据ID131603216491085824
2025-12-30 11:44:11.882 [udp-io-thread-1-1] INFO  c.bit.solana.p2p.quic.SendQuicData - [所有帧通过批量ACK确认] 连接ID:131602509247545344 数据ID:131603216491085824 传输完成
2025-12-30 11:44:11.882 [udp-io-thread-1-1] INFO  c.bit.solana.p2p.quic.SendQuicData - 数据发送完毕
2025-12-30 11:44:11.882 [udp-io-thread-1-1] INFO  c.bit.solana.p2p.quic.SendQuicData - 当前数据耗时641700
2025-12-30 11:44:11.882 [udp-io-thread-1-1] INFO  c.bit.solana.p2p.quic.SendQuicData - 全部样本的平均时间5.760924340909091E9
2025-12-30 11:44:11.882 [udp-io-thread-1-1] INFO  c.bit.solana.p2p.quic.SendQuicData - 预测3.341336117727273E11
2025-12-30 11:44:11.882 [quic-consumer-1767064812291] INFO  c.b.s.p.i.handle.QuicDataProcessor - 收到响应: P2PMessage{senderId=BJfacYs27FRthbjxKaEHrJRbnd8kMyfSRReg7qunstkh, messageId=019b6d5b326973839f029c6a9c7a094e, requestId=019b6d5b32687c3cb33543e6908bf185, reqResFlag=1, type=5, length=21, version=1}
2025-12-30 11:44:11.882 [quic-consumer-1767064812291] INFO  c.b.s.p.i.handle.QuicDataProcessor - 本次批量处理完成，共处理1条消息
2025-12-30 11:44:11.882 [http-nio-18333-exec-9] INFO  com.bit.solana.api.mock.MockApi - 节点回复：我已经收到回复
2025-12-30 11:44:20.835 [http-nio-18333-exec-7] INFO  com.bit.solana.p2p.impl.PeerClient - 节点IDBJfacYs27FRthbjxKaEHrJRbnd8kMyfSRReg7qunstkh
2025-12-30 11:44:20.835 [http-nio-18333-exec-7] INFO  c.bit.solana.p2p.quic.SendQuicData - [开始发送] 连接ID:131602509247545344 数据ID:131603254046883840 总帧数:2
2025-12-30 11:44:20.835 [http-nio-18333-exec-7] INFO  c.bit.solana.p2p.quic.SendQuicData - [重传定时器启动] 连接ID:131602509247545344 数据ID:131603254046883840 首次重传延迟:500ms 后续重传间隔:20ms
2025-12-30 11:44:20.836 [udp-io-thread-1-1] INFO  c.b.solana.p2p.quic.ReceiveQuicData - [初始化数据] 连接ID:131602509247545344 数据ID:131603254046883840 总帧数:2
2025-12-30 11:44:20.836 [udp-io-thread-1-1] INFO  c.b.solana.p2p.quic.ReceiveQuicData - 所有帧接收完成
2025-12-30 11:44:20.836 [udp-io-thread-1-1] INFO  c.b.solana.p2p.quic.ReceiveQuicData - 完整数据长度1480 数据ID131603254046883840
2025-12-30 11:44:20.836 [udp-io-thread-1-1] INFO  c.bit.solana.p2p.quic.SendQuicData - [所有帧通过批量ACK确认] 连接ID:131602509247545344 数据ID:131603254046883840 传输完成
2025-12-30 11:44:20.836 [udp-io-thread-1-1] INFO  c.bit.solana.p2p.quic.SendQuicData - 数据发送完毕
2025-12-30 11:44:20.836 [udp-io-thread-1-1] INFO  c.bit.solana.p2p.quic.SendQuicData - 当前数据耗时1203600
2025-12-30 11:44:20.836 [udp-io-thread-1-1] INFO  c.bit.solana.p2p.quic.SendQuicData - 全部样本的平均时间737623.9130434783
2025-12-30 11:44:20.836 [udp-io-thread-1-1] INFO  c.bit.solana.p2p.quic.SendQuicData - 预测4.278218695652174E7
2025-12-30 11:44:20.836 [quic-consumer-1767064813326] INFO  c.b.s.p.i.handle.QuicDataProcessor - 收到请求: P2PMessage{senderId=74sDMeR9Hq9aJTniBTPxs4b53NdG647rsspgfUF2EiMF, messageId=019b6d5b556378a9973f1c413006d00e, requestId=019b6d5b556378a9973f1c413006d00e, reqResFlag=0, type=5, length=1400, version=1}
2025-12-30 11:44:20.837 [quic-consumer-1767064813326] INFO  c.b.s.p2p.protocol.impl.TextHandler - 数据长度1400
2025-12-30 11:44:20.837 [quic-consumer-1767064813326] INFO  c.bit.solana.p2p.quic.SendQuicData - [开始发送] 连接ID:131602509247545344 数据ID:131603254055272448 总帧数:1
2025-12-30 11:44:20.837 [quic-consumer-1767064813326] INFO  c.bit.solana.p2p.quic.SendQuicData - [重传定时器启动] 连接ID:131602509247545344 数据ID:131603254055272448 首次重传延迟:500ms 后续重传间隔:20ms
2025-12-30 11:44:20.837 [quic-consumer-1767064813326] INFO  c.b.s.p.i.handle.QuicDataProcessor - 本次批量处理完成，共处理1条消息
2025-12-30 11:44:20.837 [udp-io-thread-1-1] INFO  c.b.solana.p2p.quic.ReceiveQuicData - [初始化数据] 连接ID:131602509247545344 数据ID:131603254055272448 总帧数:1
2025-12-30 11:44:20.838 [udp-io-thread-1-1] INFO  c.b.solana.p2p.quic.ReceiveQuicData - 所有帧接收完成
2025-12-30 11:44:20.838 [udp-io-thread-1-1] INFO  c.bit.solana.p2p.quic.SendQuicData - [所有帧通过批量ACK确认] 连接ID:131602509247545344 数据ID:131603254055272448 传输完成
2025-12-30 11:44:20.838 [udp-io-thread-1-1] INFO  c.bit.solana.p2p.quic.SendQuicData - 数据发送完毕
2025-12-30 11:44:20.838 [udp-io-thread-1-1] INFO  c.bit.solana.p2p.quic.SendQuicData - 当前数据耗时772600
2025-12-30 11:44:20.838 [udp-io-thread-1-1] INFO  c.b.solana.p2p.quic.ReceiveQuicData - 完整数据长度101 数据ID131603254055272448
2025-12-30 11:44:20.838 [udp-io-thread-1-1] INFO  c.bit.solana.p2p.quic.SendQuicData - 全部样本的平均时间5.510474934782609E9
2025-12-30 11:44:20.838 [udp-io-thread-1-1] INFO  c.bit.solana.p2p.quic.SendQuicData - 预测3.196075462173913E11
2025-12-30 11:44:20.838 [quic-consumer-1767064812291] INFO  c.b.s.p.i.handle.QuicDataProcessor - 收到响应: P2PMessage{senderId=BJfacYs27FRthbjxKaEHrJRbnd8kMyfSRReg7qunstkh, messageId=019b6d5b556574298c11fec784be7f38, requestId=019b6d5b556378a9973f1c413006d00e, reqResFlag=1, type=5, length=21, version=1}
2025-12-30 11:44:20.838 [quic-consumer-1767064812291] INFO  c.b.s.p.i.handle.QuicDataProcessor - 本次批量处理完成，共处理1条消息
2025-12-30 11:44:20.838 [http-nio-18333-exec-7] INFO  com.bit.solana.api.mock.MockApi - 节点回复：我已经收到回复
2025-12-30 11:44:22.014 [http-nio-18333-exec-2] INFO  com.bit.solana.p2p.impl.PeerClient - 节点IDBJfacYs27FRthbjxKaEHrJRbnd8kMyfSRReg7qunstkh
2025-12-30 11:44:22.015 [http-nio-18333-exec-2] INFO  c.bit.solana.p2p.quic.SendQuicData - [开始发送] 连接ID:131602509247545344 数据ID:131603258991968256 总帧数:2
2025-12-30 11:44:22.015 [http-nio-18333-exec-2] INFO  c.bit.solana.p2p.quic.SendQuicData - [重传定时器启动] 连接ID:131602509247545344 数据ID:131603258991968256 首次重传延迟:500ms 后续重传间隔:20ms
2025-12-30 11:44:22.015 [udp-io-thread-1-1] INFO  c.b.solana.p2p.quic.ReceiveQuicData - [初始化数据] 连接ID:131602509247545344 数据ID:131603258991968256 总帧数:2
2025-12-30 11:44:22.015 [udp-io-thread-1-1] INFO  c.b.solana.p2p.quic.ReceiveQuicData - 所有帧接收完成
2025-12-30 11:44:22.015 [udp-io-thread-1-1] INFO  c.b.solana.p2p.quic.ReceiveQuicData - 完整数据长度1480 数据ID131603258991968256
2025-12-30 11:44:22.015 [udp-io-thread-1-1] INFO  c.bit.solana.p2p.quic.SendQuicData - [所有帧通过批量ACK确认] 连接ID:131602509247545344 数据ID:131603258991968256 传输完成
2025-12-30 11:44:22.015 [udp-io-thread-1-1] INFO  c.bit.solana.p2p.quic.SendQuicData - 数据发送完毕
2025-12-30 11:44:22.015 [udp-io-thread-1-1] INFO  c.bit.solana.p2p.quic.SendQuicData - 当前数据耗时708600
2025-12-30 11:44:22.015 [udp-io-thread-1-1] INFO  c.bit.solana.p2p.quic.SendQuicData - 全部样本的平均时间726616.6666666666
2025-12-30 11:44:22.015 [udp-io-thread-1-1] INFO  c.bit.solana.p2p.quic.SendQuicData - 预测4.2143766666666664E7
2025-12-30 11:44:22.015 [quic-consumer-1767064813326] INFO  c.b.s.p.i.handle.QuicDataProcessor - 收到请求: P2PMessage{senderId=74sDMeR9Hq9aJTniBTPxs4b53NdG647rsspgfUF2EiMF, messageId=019b6d5b59fe7eeea9395d072e98283f, requestId=019b6d5b59fe7eeea9395d072e98283f, reqResFlag=0, type=5, length=1400, version=1}
2025-12-30 11:44:22.016 [quic-consumer-1767064813326] INFO  c.b.s.p2p.protocol.impl.TextHandler - 数据长度1400
2025-12-30 11:44:22.016 [quic-consumer-1767064813326] INFO  c.bit.solana.p2p.quic.SendQuicData - [开始发送] 连接ID:131602509247545344 数据ID:131603259000356864 总帧数:1
2025-12-30 11:44:22.016 [quic-consumer-1767064813326] INFO  c.bit.solana.p2p.quic.SendQuicData - [重传定时器启动] 连接ID:131602509247545344 数据ID:131603259000356864 首次重传延迟:500ms 后续重传间隔:20ms
2025-12-30 11:44:22.016 [quic-consumer-1767064813326] INFO  c.b.s.p.i.handle.QuicDataProcessor - 本次批量处理完成，共处理1条消息
2025-12-30 11:44:22.016 [udp-io-thread-1-1] INFO  c.b.solana.p2p.quic.ReceiveQuicData - [初始化数据] 连接ID:131602509247545344 数据ID:131603259000356864 总帧数:1
2025-12-30 11:44:22.016 [udp-io-thread-1-1] INFO  c.b.solana.p2p.quic.ReceiveQuicData - 所有帧接收完成
2025-12-30 11:44:22.016 [udp-io-thread-1-1] INFO  c.b.solana.p2p.quic.ReceiveQuicData - 完整数据长度101 数据ID131603259000356864
2025-12-30 11:44:22.016 [udp-io-thread-1-1] INFO  c.bit.solana.p2p.quic.SendQuicData - [所有帧通过批量ACK确认] 连接ID:131602509247545344 数据ID:131603259000356864 传输完成
2025-12-30 11:44:22.016 [udp-io-thread-1-1] INFO  c.bit.solana.p2p.quic.SendQuicData - 数据发送完毕
2025-12-30 11:44:22.016 [udp-io-thread-1-1] INFO  c.bit.solana.p2p.quic.SendQuicData - 当前数据耗时337000
2025-12-30 11:44:22.016 [udp-io-thread-1-1] INFO  c.bit.solana.p2p.quic.SendQuicData - 全部样本的平均时间5.280880854166667E9
2025-12-30 11:44:22.016 [udp-io-thread-1-1] INFO  c.bit.solana.p2p.quic.SendQuicData - 预测3.062910895416667E11
2025-12-30 11:44:22.016 [quic-consumer-1767064812291] INFO  c.b.s.p.i.handle.QuicDataProcessor - 收到响应: P2PMessage{senderId=BJfacYs27FRthbjxKaEHrJRbnd8kMyfSRReg7qunstkh, messageId=019b6d5b5a0075b7998bab1472db4def, requestId=019b6d5b59fe7eeea9395d072e98283f, reqResFlag=1, type=5, length=21, version=1}
2025-12-30 11:44:22.016 [quic-consumer-1767064812291] INFO  c.b.s.p.i.handle.QuicDataProcessor - 本次批量处理完成，共处理1条消息
2025-12-30 11:44:22.016 [http-nio-18333-exec-2] INFO  com.bit.solana.api.mock.MockApi - 节点回复：我已经收到回复
2025-12-30 11:44:23.053 [http-nio-18333-exec-1] INFO  com.bit.solana.p2p.impl.PeerClient - 节点IDBJfacYs27FRthbjxKaEHrJRbnd8kMyfSRReg7qunstkh
2025-12-30 11:44:23.054 [http-nio-18333-exec-1] INFO  c.bit.solana.p2p.quic.SendQuicData - [开始发送] 连接ID:131602509247545344 数据ID:131603263354044416 总帧数:2
2025-12-30 11:44:23.054 [http-nio-18333-exec-1] INFO  c.bit.solana.p2p.quic.SendQuicData - [重传定时器启动] 连接ID:131602509247545344 数据ID:131603263354044416 首次重传延迟:500ms 后续重传间隔:20ms
2025-12-30 11:44:23.054 [udp-io-thread-1-1] INFO  c.b.solana.p2p.quic.ReceiveQuicData - [初始化数据] 连接ID:131602509247545344 数据ID:131603263354044416 总帧数:2
2025-12-30 11:44:23.054 [udp-io-thread-1-1] INFO  c.b.solana.p2p.quic.ReceiveQuicData - 所有帧接收完成
2025-12-30 11:44:23.054 [udp-io-thread-1-1] INFO  c.b.solana.p2p.quic.ReceiveQuicData - 完整数据长度1480 数据ID131603263354044416
2025-12-30 11:44:23.054 [udp-io-thread-1-1] INFO  c.bit.solana.p2p.quic.SendQuicData - [所有帧通过批量ACK确认] 连接ID:131602509247545344 数据ID:131603263354044416 传输完成
2025-12-30 11:44:23.054 [udp-io-thread-1-1] INFO  c.bit.solana.p2p.quic.SendQuicData - 数据发送完毕
2025-12-30 11:44:23.054 [udp-io-thread-1-1] INFO  c.bit.solana.p2p.quic.SendQuicData - 当前数据耗时639400
2025-12-30 11:44:23.054 [udp-io-thread-1-1] INFO  c.bit.solana.p2p.quic.SendQuicData - 全部样本的平均时间715016.0
2025-12-30 11:44:23.054 [udp-io-thread-1-1] INFO  c.bit.solana.p2p.quic.SendQuicData - 预测4.1470928E7
2025-12-30 11:44:23.054 [quic-consumer-1767064813326] INFO  c.b.s.p.i.handle.QuicDataProcessor - 收到请求: P2PMessage{senderId=74sDMeR9Hq9aJTniBTPxs4b53NdG647rsspgfUF2EiMF, messageId=019b6d5b5e0d7219aeb65ba30979f472, requestId=019b6d5b5e0d7219aeb65ba30979f472, reqResFlag=0, type=5, length=1400, version=1}
2025-12-30 11:44:23.054 [quic-consumer-1767064813326] INFO  c.b.s.p2p.protocol.impl.TextHandler - 数据长度1400
2025-12-30 11:44:23.055 [quic-consumer-1767064813326] INFO  c.bit.solana.p2p.quic.SendQuicData - [开始发送] 连接ID:131602509247545344 数据ID:131603263358238720 总帧数:1
2025-12-30 11:44:23.055 [quic-consumer-1767064813326] INFO  c.bit.solana.p2p.quic.SendQuicData - [重传定时器启动] 连接ID:131602509247545344 数据ID:131603263358238720 首次重传延迟:500ms 后续重传间隔:20ms
2025-12-30 11:44:23.055 [quic-consumer-1767064813326] INFO  c.b.s.p.i.handle.QuicDataProcessor - 本次批量处理完成，共处理1条消息
2025-12-30 11:44:23.055 [udp-io-thread-1-1] INFO  c.b.solana.p2p.quic.ReceiveQuicData - [初始化数据] 连接ID:131602509247545344 数据ID:131603263358238720 总帧数:1
2025-12-30 11:44:23.055 [udp-io-thread-1-1] INFO  c.b.solana.p2p.quic.ReceiveQuicData - 所有帧接收完成
2025-12-30 11:44:23.055 [udp-io-thread-1-1] INFO  c.b.solana.p2p.quic.ReceiveQuicData - 完整数据长度101 数据ID131603263358238720
2025-12-30 11:44:23.055 [udp-io-thread-1-1] INFO  c.bit.solana.p2p.quic.SendQuicData - [所有帧通过批量ACK确认] 连接ID:131602509247545344 数据ID:131603263358238720 传输完成
2025-12-30 11:44:23.055 [udp-io-thread-1-1] INFO  c.bit.solana.p2p.quic.SendQuicData - 数据发送完毕
2025-12-30 11:44:23.055 [udp-io-thread-1-1] INFO  c.bit.solana.p2p.quic.SendQuicData - 当前数据耗时488600
2025-12-30 11:44:23.055 [udp-io-thread-1-1] INFO  c.bit.solana.p2p.quic.SendQuicData - 全部样本的平均时间5.069657696E9
2025-12-30 11:44:23.055 [udp-io-thread-1-1] INFO  c.bit.solana.p2p.quic.SendQuicData - 预测2.94040146368E11
2025-12-30 11:44:23.055 [quic-consumer-1767064812291] INFO  c.b.s.p.i.handle.QuicDataProcessor - 收到响应: P2PMessage{senderId=BJfacYs27FRthbjxKaEHrJRbnd8kMyfSRReg7qunstkh, messageId=019b6d5b5e0e70fdbda0bec12a7d57d2, requestId=019b6d5b5e0d7219aeb65ba30979f472, reqResFlag=1, type=5, length=21, version=1}
2025-12-30 11:44:23.055 [quic-consumer-1767064812291] INFO  c.b.s.p.i.handle.QuicDataProcessor - 本次批量处理完成，共处理1条消息
2025-12-30 11:44:23.055 [http-nio-18333-exec-1] INFO  com.bit.solana.api.mock.MockApi - 节点回复：我已经收到回复
2025-12-30 11:44:24.262 [http-nio-18333-exec-3] INFO  com.bit.solana.p2p.impl.PeerClient - 节点IDBJfacYs27FRthbjxKaEHrJRbnd8kMyfSRReg7qunstkh
2025-12-30 11:44:24.262 [http-nio-18333-exec-3] INFO  c.bit.solana.p2p.quic.SendQuicData - [开始发送] 连接ID:131602509247545344 数据ID:131603268420763648 总帧数:2
2025-12-30 11:44:24.262 [http-nio-18333-exec-3] INFO  c.bit.solana.p2p.quic.SendQuicData - [重传定时器启动] 连接ID:131602509247545344 数据ID:131603268420763648 首次重传延迟:500ms 后续重传间隔:20ms
2025-12-30 11:44:24.263 [udp-io-thread-1-1] INFO  c.b.solana.p2p.quic.ReceiveQuicData - [初始化数据] 连接ID:131602509247545344 数据ID:131603268420763648 总帧数:2
2025-12-30 11:44:24.263 [udp-io-thread-1-1] INFO  c.b.solana.p2p.quic.ReceiveQuicData - 所有帧接收完成
2025-12-30 11:44:24.263 [udp-io-thread-1-1] INFO  c.b.solana.p2p.quic.ReceiveQuicData - 完整数据长度1480 数据ID131603268420763648
2025-12-30 11:44:24.263 [udp-io-thread-1-1] INFO  c.bit.solana.p2p.quic.SendQuicData - [所有帧通过批量ACK确认] 连接ID:131602509247545344 数据ID:131603268420763648 传输完成
2025-12-30 11:44:24.263 [udp-io-thread-1-1] INFO  c.bit.solana.p2p.quic.SendQuicData - 数据发送完毕
2025-12-30 11:44:24.263 [udp-io-thread-1-1] INFO  c.bit.solana.p2p.quic.SendQuicData - 当前数据耗时715400
2025-12-30 11:44:24.263 [udp-io-thread-1-1] INFO  c.bit.solana.p2p.quic.SendQuicData - 全部样本的平均时间708194.2307692308
2025-12-30 11:44:24.263 [quic-consumer-1767064813326] INFO  c.b.s.p.i.handle.QuicDataProcessor - 收到请求: P2PMessage{senderId=74sDMeR9Hq9aJTniBTPxs4b53NdG647rsspgfUF2EiMF, messageId=019b6d5b62c67563935995b19c995fac, requestId=019b6d5b62c67563935995b19c995fac, reqResFlag=0, type=5, length=1400, version=1}
2025-12-30 11:44:24.263 [udp-io-thread-1-1] INFO  c.bit.solana.p2p.quic.SendQuicData - 预测4.1075265384615384E7
2025-12-30 11:44:24.263 [quic-consumer-1767064813326] INFO  c.b.s.p2p.protocol.impl.TextHandler - 数据长度1400
2025-12-30 11:44:24.263 [quic-consumer-1767064813326] INFO  c.bit.solana.p2p.quic.SendQuicData - [开始发送] 连接ID:131602509247545344 数据ID:131603268424957952 总帧数:1
2025-12-30 11:44:24.263 [quic-consumer-1767064813326] INFO  c.bit.solana.p2p.quic.SendQuicData - [重传定时器启动] 连接ID:131602509247545344 数据ID:131603268424957952 首次重传延迟:500ms 后续重传间隔:20ms
2025-12-30 11:44:24.263 [quic-consumer-1767064813326] INFO  c.b.s.p.i.handle.QuicDataProcessor - 本次批量处理完成，共处理1条消息
2025-12-30 11:44:24.263 [udp-io-thread-1-1] INFO  c.b.solana.p2p.quic.ReceiveQuicData - [初始化数据] 连接ID:131602509247545344 数据ID:131603268424957952 总帧数:1
2025-12-30 11:44:24.264 [udp-io-thread-1-1] INFO  c.b.solana.p2p.quic.ReceiveQuicData - 所有帧接收完成
2025-12-30 11:44:24.264 [udp-io-thread-1-1] INFO  c.b.solana.p2p.quic.ReceiveQuicData - 完整数据长度101 数据ID131603268424957952
2025-12-30 11:44:24.264 [udp-io-thread-1-1] INFO  c.bit.solana.p2p.quic.SendQuicData - [所有帧通过批量ACK确认] 连接ID:131602509247545344 数据ID:131603268424957952 传输完成
2025-12-30 11:44:24.264 [udp-io-thread-1-1] INFO  c.bit.solana.p2p.quic.SendQuicData - 数据发送完毕
2025-12-30 11:44:24.264 [udp-io-thread-1-1] INFO  c.bit.solana.p2p.quic.SendQuicData - 当前数据耗时336600
2025-12-30 11:44:24.264 [udp-io-thread-1-1] INFO  c.bit.solana.p2p.quic.SendQuicData - 全部样本的平均时间4.874678430769231E9
2025-12-30 11:44:24.264 [udp-io-thread-1-1] INFO  c.bit.solana.p2p.quic.SendQuicData - 预测2.827313489846154E11
2025-12-30 11:44:24.264 [quic-consumer-1767064812291] INFO  c.b.s.p.i.handle.QuicDataProcessor - 收到响应: P2PMessage{senderId=BJfacYs27FRthbjxKaEHrJRbnd8kMyfSRReg7qunstkh, messageId=019b6d5b62c77b93a5641d037b7c261f, requestId=019b6d5b62c67563935995b19c995fac, reqResFlag=1, type=5, length=21, version=1}
2025-12-30 11:44:24.264 [quic-consumer-1767064812291] INFO  c.b.s.p.i.handle.QuicDataProcessor - 本次批量处理完成，共处理1条消息
2025-12-30 11:44:24.264 [http-nio-18333-exec-3] INFO  com.bit.solana.api.mock.MockApi - 节点回复：我已经收到回复
2025-12-30 11:44:25.211 [http-nio-18333-exec-4] INFO  com.bit.solana.p2p.impl.PeerClient - 节点IDBJfacYs27FRthbjxKaEHrJRbnd8kMyfSRReg7qunstkh
2025-12-30 11:44:25.211 [http-nio-18333-exec-4] INFO  c.bit.solana.p2p.quic.SendQuicData - [开始发送] 连接ID:131602509247545344 数据ID:131603272401158144 总帧数:2
2025-12-30 11:44:25.211 [http-nio-18333-exec-4] INFO  c.bit.solana.p2p.quic.SendQuicData - [重传定时器启动] 连接ID:131602509247545344 数据ID:131603272401158144 首次重传延迟:500ms 后续重传间隔:20ms
2025-12-30 11:44:25.211 [udp-io-thread-1-1] INFO  c.b.solana.p2p.quic.ReceiveQuicData - [初始化数据] 连接ID:131602509247545344 数据ID:131603272401158144 总帧数:2
2025-12-30 11:44:25.212 [udp-io-thread-1-1] INFO  c.b.solana.p2p.quic.ReceiveQuicData - 所有帧接收完成
2025-12-30 11:44:25.212 [udp-io-thread-1-1] INFO  c.b.solana.p2p.quic.ReceiveQuicData - 完整数据长度1480 数据ID131603272401158144
2025-12-30 11:44:25.212 [udp-io-thread-1-1] INFO  c.bit.solana.p2p.quic.SendQuicData - [所有帧通过批量ACK确认] 连接ID:131602509247545344 数据ID:131603272401158144 传输完成
2025-12-30 11:44:25.212 [udp-io-thread-1-1] INFO  c.bit.solana.p2p.quic.SendQuicData - 数据发送完毕
2025-12-30 11:44:25.212 [udp-io-thread-1-1] INFO  c.bit.solana.p2p.quic.SendQuicData - 当前数据耗时857800
2025-12-30 11:44:25.212 [udp-io-thread-1-1] INFO  c.bit.solana.p2p.quic.SendQuicData - 全部样本的平均时间707396.2962962963
2025-12-30 11:44:25.212 [quic-consumer-1767064813326] INFO  c.b.s.p.i.handle.QuicDataProcessor - 收到请求: P2PMessage{senderId=74sDMeR9Hq9aJTniBTPxs4b53NdG647rsspgfUF2EiMF, messageId=019b6d5b667a7ab0ba260666432c59fa, requestId=019b6d5b667a7ab0ba260666432c59fa, reqResFlag=0, type=5, length=1400, version=1}
2025-12-30 11:44:25.212 [udp-io-thread-1-1] INFO  c.bit.solana.p2p.quic.SendQuicData - 预测4.102898518518519E7
2025-12-30 11:44:25.212 [quic-consumer-1767064813326] INFO  c.b.s.p2p.protocol.impl.TextHandler - 数据长度1400
2025-12-30 11:44:25.212 [quic-consumer-1767064813326] INFO  c.bit.solana.p2p.quic.SendQuicData - [开始发送] 连接ID:131602509247545344 数据ID:131603272405352448 总帧数:1
2025-12-30 11:44:25.212 [quic-consumer-1767064813326] INFO  c.bit.solana.p2p.quic.SendQuicData - [重传定时器启动] 连接ID:131602509247545344 数据ID:131603272405352448 首次重传延迟:500ms 后续重传间隔:20ms
2025-12-30 11:44:25.212 [quic-consumer-1767064813326] INFO  c.b.s.p.i.handle.QuicDataProcessor - 本次批量处理完成，共处理1条消息
2025-12-30 11:44:25.212 [udp-io-thread-1-1] INFO  c.b.solana.p2p.quic.ReceiveQuicData - [初始化数据] 连接ID:131602509247545344 数据ID:131603272405352448 总帧数:1
2025-12-30 11:44:25.212 [udp-io-thread-1-1] INFO  c.b.solana.p2p.quic.ReceiveQuicData - 所有帧接收完成
2025-12-30 11:44:25.212 [udp-io-thread-1-1] INFO  c.b.solana.p2p.quic.ReceiveQuicData - 完整数据长度101 数据ID131603272405352448
2025-12-30 11:44:25.212 [udp-io-thread-1-1] INFO  c.bit.solana.p2p.quic.SendQuicData - [所有帧通过批量ACK确认] 连接ID:131602509247545344 数据ID:131603272405352448 传输完成
2025-12-30 11:44:25.212 [udp-io-thread-1-1] INFO  c.bit.solana.p2p.quic.SendQuicData - 数据发送完毕
2025-12-30 11:44:25.212 [udp-io-thread-1-1] INFO  c.bit.solana.p2p.quic.SendQuicData - 当前数据耗时287000
2025-12-30 11:44:25.212 [udp-io-thread-1-1] INFO  c.bit.solana.p2p.quic.SendQuicData - 全部样本的平均时间4.694141481481482E9
2025-12-30 11:44:25.212 [udp-io-thread-1-1] INFO  c.bit.solana.p2p.quic.SendQuicData - 预测2.7226020592592593E11
2025-12-30 11:44:25.212 [quic-consumer-1767064812291] INFO  c.b.s.p.i.handle.QuicDataProcessor - 收到响应: P2PMessage{senderId=BJfacYs27FRthbjxKaEHrJRbnd8kMyfSRReg7qunstkh, messageId=019b6d5b667c7591b4c9c56420966a03, requestId=019b6d5b667a7ab0ba260666432c59fa, reqResFlag=1, type=5, length=21, version=1}
2025-12-30 11:44:25.212 [quic-consumer-1767064812291] INFO  c.b.s.p.i.handle.QuicDataProcessor - 本次批量处理完成，共处理1条消息
2025-12-30 11:44:25.212 [http-nio-18333-exec-4] INFO  com.bit.solana.api.mock.MockApi - 节点回复：我已经收到回复
2025-12-30 11:44:26.842 [http-nio-18333-exec-5] INFO  com.bit.solana.p2p.impl.PeerClient - 节点IDBJfacYs27FRthbjxKaEHrJRbnd8kMyfSRReg7qunstkh
2025-12-30 11:44:26.842 [http-nio-18333-exec-5] INFO  c.bit.solana.p2p.quic.SendQuicData - [开始发送] 连接ID:131602509247545344 数据ID:131603279242067968 总帧数:2
2025-12-30 11:44:26.843 [http-nio-18333-exec-5] INFO  c.bit.solana.p2p.quic.SendQuicData - [重传定时器启动] 连接ID:131602509247545344 数据ID:131603279242067968 首次重传延迟:500ms 后续重传间隔:20ms
2025-12-30 11:44:26.843 [udp-io-thread-1-1] INFO  c.b.solana.p2p.quic.ReceiveQuicData - [初始化数据] 连接ID:131602509247545344 数据ID:131603279242067968 总帧数:2
2025-12-30 11:44:26.843 [udp-io-thread-1-1] INFO  c.b.solana.p2p.quic.ReceiveQuicData - 所有帧接收完成
2025-12-30 11:44:26.843 [udp-io-thread-1-1] INFO  c.b.solana.p2p.quic.ReceiveQuicData - 完整数据长度1480 数据ID131603279242067968
2025-12-30 11:44:26.843 [udp-io-thread-1-1] INFO  c.bit.solana.p2p.quic.SendQuicData - [所有帧通过批量ACK确认] 连接ID:131602509247545344 数据ID:131603279242067968 传输完成
2025-12-30 11:44:26.843 [udp-io-thread-1-1] INFO  c.bit.solana.p2p.quic.SendQuicData - 数据发送完毕
2025-12-30 11:44:26.843 [udp-io-thread-1-1] INFO  c.bit.solana.p2p.quic.SendQuicData - 当前数据耗时581300
2025-12-30 11:44:26.843 [udp-io-thread-1-1] INFO  c.bit.solana.p2p.quic.SendQuicData - 全部样本的平均时间698119.6428571428
2025-12-30 11:44:26.843 [udp-io-thread-1-1] INFO  c.bit.solana.p2p.quic.SendQuicData - 预测4.049093928571428E7
2025-12-30 11:44:26.843 [quic-consumer-1767064813326] INFO  c.b.s.p.i.handle.QuicDataProcessor - 收到请求: P2PMessage{senderId=74sDMeR9Hq9aJTniBTPxs4b53NdG647rsspgfUF2EiMF, messageId=019b6d5b6cda703692f0942177cb1a0a, requestId=019b6d5b6cda703692f0942177cb1a0a, reqResFlag=0, type=5, length=1400, version=1}
2025-12-30 11:44:26.843 [quic-consumer-1767064813326] INFO  c.b.s.p2p.protocol.impl.TextHandler - 数据长度1400
2025-12-30 11:44:26.843 [quic-consumer-1767064813326] INFO  c.bit.solana.p2p.quic.SendQuicData - [开始发送] 连接ID:131602509247545344 数据ID:131603279246262272 总帧数:1
2025-12-30 11:44:26.844 [quic-consumer-1767064813326] INFO  c.bit.solana.p2p.quic.SendQuicData - [重传定时器启动] 连接ID:131602509247545344 数据ID:131603279246262272 首次重传延迟:500ms 后续重传间隔:20ms
2025-12-30 11:44:26.844 [quic-consumer-1767064813326] INFO  c.b.s.p.i.handle.QuicDataProcessor - 本次批量处理完成，共处理1条消息
2025-12-30 11:44:26.844 [udp-io-thread-1-1] INFO  c.b.solana.p2p.quic.ReceiveQuicData - [初始化数据] 连接ID:131602509247545344 数据ID:131603279246262272 总帧数:1
2025-12-30 11:44:26.844 [udp-io-thread-1-1] INFO  c.b.solana.p2p.quic.ReceiveQuicData - 所有帧接收完成
2025-12-30 11:44:26.844 [udp-io-thread-1-1] INFO  c.b.solana.p2p.quic.ReceiveQuicData - 完整数据长度101 数据ID131603279246262272
2025-12-30 11:44:26.844 [udp-io-thread-1-1] INFO  c.bit.solana.p2p.quic.SendQuicData - [所有帧通过批量ACK确认] 连接ID:131602509247545344 数据ID:131603279246262272 传输完成
2025-12-30 11:44:26.844 [udp-io-thread-1-1] INFO  c.bit.solana.p2p.quic.SendQuicData - 数据发送完毕
2025-12-30 11:44:26.844 [quic-consumer-1767064812291] INFO  c.b.s.p.i.handle.QuicDataProcessor - 收到响应: P2PMessage{senderId=BJfacYs27FRthbjxKaEHrJRbnd8kMyfSRReg7qunstkh, messageId=019b6d5b6cdb7f408487ce34af3e8e44, requestId=019b6d5b6cda703692f0942177cb1a0a, reqResFlag=1, type=5, length=21, version=1}
2025-12-30 11:44:26.844 [udp-io-thread-1-1] INFO  c.bit.solana.p2p.quic.SendQuicData - 当前数据耗时570700
2025-12-30 11:44:26.844 [udp-io-thread-1-1] INFO  c.bit.solana.p2p.quic.SendQuicData - 全部样本的平均时间4.526505182142858E9
2025-12-30 11:44:26.844 [quic-consumer-1767064812291] INFO  c.b.s.p.i.handle.QuicDataProcessor - 本次批量处理完成，共处理1条消息
2025-12-30 11:44:26.844 [udp-io-thread-1-1] INFO  c.bit.solana.p2p.quic.SendQuicData - 预测2.6253730056428574E11
2025-12-30 11:44:26.844 [http-nio-18333-exec-5] INFO  com.bit.solana.api.mock.MockApi - 节点回复：我已经收到回复
2025-12-30 11:44:28.350 [http-nio-18333-exec-6] INFO  com.bit.solana.p2p.impl.PeerClient - 节点IDBJfacYs27FRthbjxKaEHrJRbnd8kMyfSRReg7qunstkh
2025-12-30 11:44:28.350 [http-nio-18333-exec-6] INFO  c.bit.solana.p2p.quic.SendQuicData - [开始发送] 连接ID:131602509247545344 数据ID:131603285567078400 总帧数:2
2025-12-30 11:44:28.350 [http-nio-18333-exec-6] INFO  c.bit.solana.p2p.quic.SendQuicData - [重传定时器启动] 连接ID:131602509247545344 数据ID:131603285567078400 首次重传延迟:500ms 后续重传间隔:20ms
2025-12-30 11:44:28.351 [udp-io-thread-1-1] INFO  c.b.solana.p2p.quic.ReceiveQuicData - [初始化数据] 连接ID:131602509247545344 数据ID:131603285567078400 总帧数:2
2025-12-30 11:44:28.351 [udp-io-thread-1-1] INFO  c.b.solana.p2p.quic.ReceiveQuicData - 所有帧接收完成
2025-12-30 11:44:28.351 [udp-io-thread-1-1] INFO  c.b.solana.p2p.quic.ReceiveQuicData - 完整数据长度1480 数据ID131603285567078400
2025-12-30 11:44:28.351 [udp-io-thread-1-1] INFO  c.bit.solana.p2p.quic.SendQuicData - [所有帧通过批量ACK确认] 连接ID:131602509247545344 数据ID:131603285567078400 传输完成
2025-12-30 11:44:28.351 [udp-io-thread-1-1] INFO  c.bit.solana.p2p.quic.SendQuicData - 数据发送完毕
2025-12-30 11:44:28.351 [udp-io-thread-1-1] INFO  c.bit.solana.p2p.quic.SendQuicData - 当前数据耗时1003400
2025-12-30 11:44:28.351 [udp-io-thread-1-1] INFO  c.bit.solana.p2p.quic.SendQuicData - 全部样本的平均时间696634.4827586206
2025-12-30 11:44:28.351 [udp-io-thread-1-1] INFO  c.bit.solana.p2p.quic.SendQuicData - 预测4.04048E7
2025-12-30 11:44:28.351 [quic-consumer-1767064813326] INFO  c.b.s.p.i.handle.QuicDataProcessor - 收到请求: P2PMessage{senderId=74sDMeR9Hq9aJTniBTPxs4b53NdG647rsspgfUF2EiMF, messageId=019b6d5b72be7246bd4b169f75bbbad0, requestId=019b6d5b72be7246bd4b169f75bbbad0, reqResFlag=0, type=5, length=1400, version=1}
2025-12-30 11:44:28.351 [quic-consumer-1767064813326] INFO  c.b.s.p2p.protocol.impl.TextHandler - 数据长度1400
2025-12-30 11:44:28.352 [quic-consumer-1767064813326] INFO  c.bit.solana.p2p.quic.SendQuicData - [开始发送] 连接ID:131602509247545344 数据ID:131603285575467008 总帧数:1
2025-12-30 11:44:28.352 [quic-consumer-1767064813326] INFO  c.bit.solana.p2p.quic.SendQuicData - [重传定时器启动] 连接ID:131602509247545344 数据ID:131603285575467008 首次重传延迟:500ms 后续重传间隔:20ms
2025-12-30 11:44:28.352 [quic-consumer-1767064813326] INFO  c.b.s.p.i.handle.QuicDataProcessor - 本次批量处理完成，共处理1条消息
2025-12-30 11:44:28.352 [udp-io-thread-1-1] INFO  c.b.solana.p2p.quic.ReceiveQuicData - [初始化数据] 连接ID:131602509247545344 数据ID:131603285575467008 总帧数:1
2025-12-30 11:44:28.353 [udp-io-thread-1-1] INFO  c.b.solana.p2p.quic.ReceiveQuicData - 所有帧接收完成
2025-12-30 11:44:28.353 [udp-io-thread-1-1] INFO  c.b.solana.p2p.quic.ReceiveQuicData - 完整数据长度101 数据ID131603285575467008
2025-12-30 11:44:28.353 [quic-consumer-1767064812291] INFO  c.b.s.p.i.handle.QuicDataProcessor - 收到响应: P2PMessage{senderId=BJfacYs27FRthbjxKaEHrJRbnd8kMyfSRReg7qunstkh, messageId=019b6d5b72bf72c4953cbac2cde03891, requestId=019b6d5b72be7246bd4b169f75bbbad0, reqResFlag=1, type=5, length=21, version=1}
2025-12-30 11:44:28.353 [udp-io-thread-1-1] INFO  c.bit.solana.p2p.quic.SendQuicData - [所有帧通过批量ACK确认] 连接ID:131602509247545344 数据ID:131603285575467008 传输完成
2025-12-30 11:44:28.353 [udp-io-thread-1-1] INFO  c.bit.solana.p2p.quic.SendQuicData - 数据发送完毕
2025-12-30 11:44:28.353 [udp-io-thread-1-1] INFO  c.bit.solana.p2p.quic.SendQuicData - 当前数据耗时856300
2025-12-30 11:44:28.353 [quic-consumer-1767064812291] INFO  c.b.s.p.i.handle.QuicDataProcessor - 本次批量处理完成，共处理1条消息
2025-12-30 11:44:28.353 [udp-io-thread-1-1] INFO  c.bit.solana.p2p.quic.SendQuicData - 全部样本的平均时间4.370440731034483E9
2025-12-30 11:44:28.353 [udp-io-thread-1-1] INFO  c.bit.solana.p2p.quic.SendQuicData - 预测2.534855624E11
2025-12-30 11:44:28.353 [http-nio-18333-exec-6] INFO  com.bit.solana.api.mock.MockApi - 节点回复：我已经收到回复
2025-12-30 11:44:29.330 [http-nio-18333-exec-10] INFO  com.bit.solana.p2p.impl.PeerClient - 节点IDBJfacYs27FRthbjxKaEHrJRbnd8kMyfSRReg7qunstkh
2025-12-30 11:44:29.331 [http-nio-18333-exec-10] INFO  c.bit.solana.p2p.quic.SendQuicData - [开始发送] 连接ID:131602509247545344 数据ID:131603289681690624 总帧数:2
2025-12-30 11:44:29.331 [http-nio-18333-exec-10] INFO  c.bit.solana.p2p.quic.SendQuicData - [重传定时器启动] 连接ID:131602509247545344 数据ID:131603289681690624 首次重传延迟:500ms 后续重传间隔:20ms
2025-12-30 11:44:29.331 [udp-io-thread-1-1] INFO  c.b.solana.p2p.quic.ReceiveQuicData - [初始化数据] 连接ID:131602509247545344 数据ID:131603289681690624 总帧数:2
2025-12-30 11:44:29.331 [udp-io-thread-1-1] INFO  c.b.solana.p2p.quic.ReceiveQuicData - 所有帧接收完成
2025-12-30 11:44:29.331 [udp-io-thread-1-1] INFO  c.b.solana.p2p.quic.ReceiveQuicData - 完整数据长度1480 数据ID131603289681690624
2025-12-30 11:44:29.331 [udp-io-thread-1-1] INFO  c.bit.solana.p2p.quic.SendQuicData - [所有帧通过批量ACK确认] 连接ID:131602509247545344 数据ID:131603289681690624 传输完成
2025-12-30 11:44:29.331 [udp-io-thread-1-1] INFO  c.bit.solana.p2p.quic.SendQuicData - 数据发送完毕
2025-12-30 11:44:29.331 [udp-io-thread-1-1] INFO  c.bit.solana.p2p.quic.SendQuicData - 当前数据耗时612700
2025-12-30 11:44:29.331 [udp-io-thread-1-1] INFO  c.bit.solana.p2p.quic.SendQuicData - 全部样本的平均时间689141.6666666666
2025-12-30 11:44:29.331 [udp-io-thread-1-1] INFO  c.bit.solana.p2p.quic.SendQuicData - 预测3.9970216666666664E7
2025-12-30 11:44:29.331 [quic-consumer-1767064813326] INFO  c.b.s.p.i.handle.QuicDataProcessor - 收到请求: P2PMessage{senderId=74sDMeR9Hq9aJTniBTPxs4b53NdG647rsspgfUF2EiMF, messageId=019b6d5b76927be3a639e02d024705b9, requestId=019b6d5b76927be3a639e02d024705b9, reqResFlag=0, type=5, length=1400, version=1}
2025-12-30 11:44:29.332 [quic-consumer-1767064813326] INFO  c.b.s.p2p.protocol.impl.TextHandler - 数据长度1400
2025-12-30 11:44:29.332 [quic-consumer-1767064813326] INFO  c.bit.solana.p2p.quic.SendQuicData - [开始发送] 连接ID:131602509247545344 数据ID:131603289685884928 总帧数:1
2025-12-30 11:44:29.332 [quic-consumer-1767064813326] INFO  c.bit.solana.p2p.quic.SendQuicData - [重传定时器启动] 连接ID:131602509247545344 数据ID:131603289685884928 首次重传延迟:500ms 后续重传间隔:20ms
2025-12-30 11:44:29.332 [quic-consumer-1767064813326] INFO  c.b.s.p.i.handle.QuicDataProcessor - 本次批量处理完成，共处理1条消息
2025-12-30 11:44:29.332 [udp-io-thread-1-1] INFO  c.b.solana.p2p.quic.ReceiveQuicData - [初始化数据] 连接ID:131602509247545344 数据ID:131603289685884928 总帧数:1
2025-12-30 11:44:29.332 [udp-io-thread-1-1] INFO  c.b.solana.p2p.quic.ReceiveQuicData - 所有帧接收完成
2025-12-30 11:44:29.332 [udp-io-thread-1-1] INFO  c.b.solana.p2p.quic.ReceiveQuicData - 完整数据长度101 数据ID131603289685884928
2025-12-30 11:44:29.332 [udp-io-thread-1-1] INFO  c.bit.solana.p2p.quic.SendQuicData - [所有帧通过批量ACK确认] 连接ID:131602509247545344 数据ID:131603289685884928 传输完成
2025-12-30 11:44:29.332 [udp-io-thread-1-1] INFO  c.bit.solana.p2p.quic.SendQuicData - 数据发送完毕
2025-12-30 11:44:29.332 [udp-io-thread-1-1] INFO  c.bit.solana.p2p.quic.SendQuicData - 当前数据耗时500100
2025-12-30 11:44:29.332 [udp-io-thread-1-1] INFO  c.bit.solana.p2p.quic.SendQuicData - 全部样本的平均时间4.22476693E9
2025-12-30 11:44:29.332 [udp-io-thread-1-1] INFO  c.bit.solana.p2p.quic.SendQuicData - 预测2.4503648194E11
2025-12-30 11:44:29.332 [quic-consumer-1767064812291] INFO  c.b.s.p.i.handle.QuicDataProcessor - 收到响应: P2PMessage{senderId=BJfacYs27FRthbjxKaEHrJRbnd8kMyfSRReg7qunstkh, messageId=019b6d5b769472a99b016ca522f072de, requestId=019b6d5b76927be3a639e02d024705b9, reqResFlag=1, type=5, length=21, version=1}
2025-12-30 11:44:29.332 [quic-consumer-1767064812291] INFO  c.b.s.p.i.handle.QuicDataProcessor - 本次批量处理完成，共处理1条消息
2025-12-30 11:44:29.332 [http-nio-18333-exec-10] INFO  com.bit.solana.api.mock.MockApi - 节点回复：我已经收到回复
2025-12-30 11:44:30.295 [http-nio-18333-exec-8] INFO  com.bit.solana.p2p.impl.PeerClient - 节点IDBJfacYs27FRthbjxKaEHrJRbnd8kMyfSRReg7qunstkh
2025-12-30 11:44:30.295 [http-nio-18333-exec-8] INFO  c.bit.solana.p2p.quic.SendQuicData - [开始发送] 连接ID:131602509247545344 数据ID:131603293724999680 总帧数:2
2025-12-30 11:44:30.295 [http-nio-18333-exec-8] INFO  c.bit.solana.p2p.quic.SendQuicData - [重传定时器启动] 连接ID:131602509247545344 数据ID:131603293724999680 首次重传延迟:500ms 后续重传间隔:20ms
2025-12-30 11:44:30.295 [udp-io-thread-1-1] INFO  c.b.solana.p2p.quic.ReceiveQuicData - [初始化数据] 连接ID:131602509247545344 数据ID:131603293724999680 总帧数:2
2025-12-30 11:44:30.296 [udp-io-thread-1-1] INFO  c.b.solana.p2p.quic.ReceiveQuicData - 所有帧接收完成
2025-12-30 11:44:30.296 [udp-io-thread-1-1] INFO  c.b.solana.p2p.quic.ReceiveQuicData - 完整数据长度1480 数据ID131603293724999680
2025-12-30 11:44:30.296 [udp-io-thread-1-1] INFO  c.bit.solana.p2p.quic.SendQuicData - [所有帧通过批量ACK确认] 连接ID:131602509247545344 数据ID:131603293724999680 传输完成
2025-12-30 11:44:30.296 [udp-io-thread-1-1] INFO  c.bit.solana.p2p.quic.SendQuicData - 数据发送完毕
2025-12-30 11:44:30.296 [udp-io-thread-1-1] INFO  c.bit.solana.p2p.quic.SendQuicData - 当前数据耗时868900
2025-12-30 11:44:30.296 [udp-io-thread-1-1] INFO  c.bit.solana.p2p.quic.SendQuicData - 全部样本的平均时间687183.8709677419
2025-12-30 11:44:30.296 [udp-io-thread-1-1] INFO  c.bit.solana.p2p.quic.SendQuicData - 预测3.985666451612903E7
2025-12-30 11:44:30.296 [quic-consumer-1767064813326] INFO  c.b.s.p.i.handle.QuicDataProcessor - 收到请求: P2PMessage{senderId=74sDMeR9Hq9aJTniBTPxs4b53NdG647rsspgfUF2EiMF, messageId=019b6d5b7a577a689f7d0f44fd289f58, requestId=019b6d5b7a577a689f7d0f44fd289f58, reqResFlag=0, type=5, length=1400, version=1}
2025-12-30 11:44:30.296 [quic-consumer-1767064813326] INFO  c.b.s.p2p.protocol.impl.TextHandler - 数据长度1400
2025-12-30 11:44:30.296 [quic-consumer-1767064813326] INFO  c.bit.solana.p2p.quic.SendQuicData - [开始发送] 连接ID:131602509247545344 数据ID:131603293729193984 总帧数:1
2025-12-30 11:44:30.296 [quic-consumer-1767064813326] INFO  c.bit.solana.p2p.quic.SendQuicData - [重传定时器启动] 连接ID:131602509247545344 数据ID:131603293729193984 首次重传延迟:500ms 后续重传间隔:20ms
2025-12-30 11:44:30.296 [quic-consumer-1767064813326] INFO  c.b.s.p.i.handle.QuicDataProcessor - 本次批量处理完成，共处理1条消息
2025-12-30 11:44:30.297 [udp-io-thread-1-1] INFO  c.b.solana.p2p.quic.ReceiveQuicData - [初始化数据] 连接ID:131602509247545344 数据ID:131603293729193984 总帧数:1
2025-12-30 11:44:30.297 [udp-io-thread-1-1] INFO  c.b.solana.p2p.quic.ReceiveQuicData - 所有帧接收完成
2025-12-30 11:44:30.297 [udp-io-thread-1-1] INFO  c.b.solana.p2p.quic.ReceiveQuicData - 完整数据长度101 数据ID131603293729193984
2025-12-30 11:44:30.297 [udp-io-thread-1-1] INFO  c.bit.solana.p2p.quic.SendQuicData - [所有帧通过批量ACK确认] 连接ID:131602509247545344 数据ID:131603293729193984 传输完成
2025-12-30 11:44:30.297 [udp-io-thread-1-1] INFO  c.bit.solana.p2p.quic.SendQuicData - 数据发送完毕
2025-12-30 11:44:30.297 [udp-io-thread-1-1] INFO  c.bit.solana.p2p.quic.SendQuicData - 当前数据耗时508900
2025-12-30 11:44:30.297 [udp-io-thread-1-1] INFO  c.bit.solana.p2p.quic.SendQuicData - 全部样本的平均时间4.088492470967742E9
2025-12-30 11:44:30.297 [udp-io-thread-1-1] INFO  c.bit.solana.p2p.quic.SendQuicData - 预测2.3713256331612903E11
2025-12-30 11:44:30.297 [quic-consumer-1767064812291] INFO  c.b.s.p.i.handle.QuicDataProcessor - 收到响应: P2PMessage{senderId=BJfacYs27FRthbjxKaEHrJRbnd8kMyfSRReg7qunstkh, messageId=019b6d5b7a587dbc8daba6fdc981b71c, requestId=019b6d5b7a577a689f7d0f44fd289f58, reqResFlag=1, type=5, length=21, version=1}
2025-12-30 11:44:30.297 [quic-consumer-1767064812291] INFO  c.b.s.p.i.handle.QuicDataProcessor - 本次批量处理完成，共处理1条消息
2025-12-30 11:44:30.297 [http-nio-18333-exec-8] INFO  com.bit.solana.api.mock.MockApi - 节点回复：我已经收到回复
2025-12-30 11:44:31.050 [http-nio-18333-exec-9] INFO  com.bit.solana.p2p.impl.PeerClient - 节点IDBJfacYs27FRthbjxKaEHrJRbnd8kMyfSRReg7qunstkh
2025-12-30 11:44:31.050 [http-nio-18333-exec-9] INFO  c.bit.solana.p2p.quic.SendQuicData - [开始发送] 连接ID:131602509247545344 数据ID:131603296891699200 总帧数:2
2025-12-30 11:44:31.050 [http-nio-18333-exec-9] INFO  c.bit.solana.p2p.quic.SendQuicData - [重传定时器启动] 连接ID:131602509247545344 数据ID:131603296891699200 首次重传延迟:500ms 后续重传间隔:20ms
2025-12-30 11:44:31.050 [udp-io-thread-1-1] INFO  c.b.solana.p2p.quic.ReceiveQuicData - [初始化数据] 连接ID:131602509247545344 数据ID:131603296891699200 总帧数:2
2025-12-30 11:44:31.051 [udp-io-thread-1-1] INFO  c.b.solana.p2p.quic.ReceiveQuicData - 所有帧接收完成
2025-12-30 11:44:31.051 [udp-io-thread-1-1] INFO  c.b.solana.p2p.quic.ReceiveQuicData - 完整数据长度1480 数据ID131603296891699200
2025-12-30 11:44:31.051 [quic-consumer-1767064813326] INFO  c.b.s.p.i.handle.QuicDataProcessor - 收到请求: P2PMessage{senderId=74sDMeR9Hq9aJTniBTPxs4b53NdG647rsspgfUF2EiMF, messageId=019b6d5b7d4971fdafd9afd3cd360df4, requestId=019b6d5b7d4971fdafd9afd3cd360df4, reqResFlag=0, type=5, length=1400, version=1}
2025-12-30 11:44:31.051 [quic-consumer-1767064813326] INFO  c.b.s.p2p.protocol.impl.TextHandler - 数据长度1400
2025-12-30 11:44:31.051 [udp-io-thread-1-1] INFO  c.bit.solana.p2p.quic.SendQuicData - [所有帧通过批量ACK确认] 连接ID:131602509247545344 数据ID:131603296891699200 传输完成
2025-12-30 11:44:31.051 [quic-consumer-1767064813326] INFO  c.bit.solana.p2p.quic.SendQuicData - [开始发送] 连接ID:131602509247545344 数据ID:131603296895893504 总帧数:1
2025-12-30 11:44:31.051 [udp-io-thread-1-1] INFO  c.bit.solana.p2p.quic.SendQuicData - 数据发送完毕
2025-12-30 11:44:31.051 [udp-io-thread-1-1] INFO  c.bit.solana.p2p.quic.SendQuicData - 当前数据耗时911400
2025-12-30 11:44:31.051 [quic-consumer-1767064813326] INFO  c.bit.solana.p2p.quic.SendQuicData - [重传定时器启动] 连接ID:131602509247545344 数据ID:131603296895893504 首次重传延迟:500ms 后续重传间隔:20ms
2025-12-30 11:44:31.051 [quic-consumer-1767064813326] INFO  c.b.s.p.i.handle.QuicDataProcessor - 本次批量处理完成，共处理1条消息
2025-12-30 11:44:31.051 [udp-io-thread-1-1] INFO  c.bit.solana.p2p.quic.SendQuicData - 全部样本的平均时间685031.25
2025-12-30 11:44:31.051 [udp-io-thread-1-1] INFO  c.bit.solana.p2p.quic.SendQuicData - 预测3.97318125E7
2025-12-30 11:44:31.052 [udp-io-thread-1-1] INFO  c.b.solana.p2p.quic.ReceiveQuicData - [初始化数据] 连接ID:131602509247545344 数据ID:131603296895893504 总帧数:1
2025-12-30 11:44:31.052 [udp-io-thread-1-1] INFO  c.b.solana.p2p.quic.ReceiveQuicData - 所有帧接收完成
2025-12-30 11:44:31.052 [udp-io-thread-1-1] INFO  c.b.solana.p2p.quic.ReceiveQuicData - 完整数据长度101 数据ID131603296895893504
2025-12-30 11:44:31.052 [udp-io-thread-1-1] INFO  c.bit.solana.p2p.quic.SendQuicData - [所有帧通过批量ACK确认] 连接ID:131602509247545344 数据ID:131603296895893504 传输完成
2025-12-30 11:44:31.052 [udp-io-thread-1-1] INFO  c.bit.solana.p2p.quic.SendQuicData - 数据发送完毕
2025-12-30 11:44:31.052 [udp-io-thread-1-1] INFO  c.bit.solana.p2p.quic.SendQuicData - 当前数据耗时719600
2025-12-30 11:44:31.052 [quic-consumer-1767064812291] INFO  c.b.s.p.i.handle.QuicDataProcessor - 收到响应: P2PMessage{senderId=BJfacYs27FRthbjxKaEHrJRbnd8kMyfSRReg7qunstkh, messageId=019b6d5b7d4b70d7a9113f5a0e5ce0d7, requestId=019b6d5b7d4971fdafd9afd3cd360df4, reqResFlag=1, type=5, length=21, version=1}
2025-12-30 11:44:31.052 [udp-io-thread-1-1] INFO  c.bit.solana.p2p.quic.SendQuicData - 全部样本的平均时间3.9607409875E9
2025-12-30 11:44:31.052 [udp-io-thread-1-1] INFO  c.bit.solana.p2p.quic.SendQuicData - 预测2.29722977275E11
2025-12-30 11:44:31.052 [http-nio-18333-exec-9] INFO  com.bit.solana.api.mock.MockApi - 节点回复：我已经收到回复
2025-12-30 11:44:31.052 [quic-consumer-1767064812291] INFO  c.b.s.p.i.handle.QuicDataProcessor - 本次批量处理完成，共处理1条消息
2025-12-30 11:44:32.089 [http-nio-18333-exec-7] INFO  com.bit.solana.p2p.impl.PeerClient - 节点IDBJfacYs27FRthbjxKaEHrJRbnd8kMyfSRReg7qunstkh
2025-12-30 11:44:32.090 [http-nio-18333-exec-7] INFO  c.bit.solana.p2p.quic.SendQuicData - [开始发送] 连接ID:131602509247545344 数据ID:131603301253775360 总帧数:2
2025-12-30 11:44:32.090 [http-nio-18333-exec-7] INFO  c.bit.solana.p2p.quic.SendQuicData - [重传定时器启动] 连接ID:131602509247545344 数据ID:131603301253775360 首次重传延迟:500ms 后续重传间隔:20ms
2025-12-30 11:44:32.090 [udp-io-thread-1-1] INFO  c.b.solana.p2p.quic.ReceiveQuicData - [初始化数据] 连接ID:131602509247545344 数据ID:131603301253775360 总帧数:2
2025-12-30 11:44:32.090 [udp-io-thread-1-1] INFO  c.b.solana.p2p.quic.ReceiveQuicData - 所有帧接收完成
2025-12-30 11:44:32.090 [udp-io-thread-1-1] INFO  c.b.solana.p2p.quic.ReceiveQuicData - 完整数据长度1480 数据ID131603301253775360
2025-12-30 11:44:32.090 [udp-io-thread-1-1] INFO  c.bit.solana.p2p.quic.SendQuicData - [所有帧通过批量ACK确认] 连接ID:131602509247545344 数据ID:131603301253775360 传输完成
2025-12-30 11:44:32.090 [udp-io-thread-1-1] INFO  c.bit.solana.p2p.quic.SendQuicData - 数据发送完毕
2025-12-30 11:44:32.091 [udp-io-thread-1-1] INFO  c.bit.solana.p2p.quic.SendQuicData - 当前数据耗时693800
2025-12-30 11:44:32.091 [udp-io-thread-1-1] INFO  c.bit.solana.p2p.quic.SendQuicData - 全部样本的平均时间679146.9696969697
2025-12-30 11:44:32.091 [udp-io-thread-1-1] INFO  c.bit.solana.p2p.quic.SendQuicData - 预测3.939052424242424E7
2025-12-30 11:44:32.091 [quic-consumer-1767064813326] INFO  c.b.s.p.i.handle.QuicDataProcessor - 收到请求: P2PMessage{senderId=74sDMeR9Hq9aJTniBTPxs4b53NdG647rsspgfUF2EiMF, messageId=019b6d5b81597e588b35387bfbfac91e, requestId=019b6d5b81597e588b35387bfbfac91e, reqResFlag=0, type=5, length=1400, version=1}
2025-12-30 11:44:32.091 [quic-consumer-1767064813326] INFO  c.b.s.p2p.protocol.impl.TextHandler - 数据长度1400
2025-12-30 11:44:32.091 [quic-consumer-1767064813326] INFO  c.bit.solana.p2p.quic.SendQuicData - [开始发送] 连接ID:131602509247545344 数据ID:131603301257969664 总帧数:1
2025-12-30 11:44:32.091 [quic-consumer-1767064813326] INFO  c.bit.solana.p2p.quic.SendQuicData - [重传定时器启动] 连接ID:131602509247545344 数据ID:131603301257969664 首次重传延迟:500ms 后续重传间隔:20ms
2025-12-30 11:44:32.091 [quic-consumer-1767064813326] INFO  c.b.s.p.i.handle.QuicDataProcessor - 本次批量处理完成，共处理1条消息
2025-12-30 11:44:32.091 [udp-io-thread-1-1] INFO  c.b.solana.p2p.quic.ReceiveQuicData - [初始化数据] 连接ID:131602509247545344 数据ID:131603301257969664 总帧数:1
2025-12-30 11:44:32.091 [udp-io-thread-1-1] INFO  c.b.solana.p2p.quic.ReceiveQuicData - 所有帧接收完成
2025-12-30 11:44:32.091 [udp-io-thread-1-1] INFO  c.b.solana.p2p.quic.ReceiveQuicData - 完整数据长度101 数据ID131603301257969664
2025-12-30 11:44:32.091 [udp-io-thread-1-1] INFO  c.bit.solana.p2p.quic.SendQuicData - [所有帧通过批量ACK确认] 连接ID:131602509247545344 数据ID:131603301257969664 传输完成
2025-12-30 11:44:32.091 [udp-io-thread-1-1] INFO  c.bit.solana.p2p.quic.SendQuicData - 数据发送完毕
2025-12-30 11:44:32.091 [udp-io-thread-1-1] INFO  c.bit.solana.p2p.quic.SendQuicData - 当前数据耗时333600
2025-12-30 11:44:32.091 [udp-io-thread-1-1] INFO  c.bit.solana.p2p.quic.SendQuicData - 全部样本的平均时间3.8407249636363635E9
2025-12-30 11:44:32.091 [udp-io-thread-1-1] INFO  c.bit.solana.p2p.quic.SendQuicData - 预测2.227620478909091E11
2025-12-30 11:44:32.091 [quic-consumer-1767064812291] INFO  c.b.s.p.i.handle.QuicDataProcessor - 收到响应: P2PMessage{senderId=BJfacYs27FRthbjxKaEHrJRbnd8kMyfSRReg7qunstkh, messageId=019b6d5b815b727891b42807316c4202, requestId=019b6d5b81597e588b35387bfbfac91e, reqResFlag=1, type=5, length=21, version=1}
2025-12-30 11:44:32.091 [quic-consumer-1767064812291] INFO  c.b.s.p.i.handle.QuicDataProcessor - 本次批量处理完成，共处理1条消息
2025-12-30 11:44:32.091 [http-nio-18333-exec-7] INFO  com.bit.solana.api.mock.MockApi - 节点回复：我已经收到回复
2025-12-30 11:44:33.179 [http-nio-18333-exec-2] INFO  com.bit.solana.p2p.impl.PeerClient - 节点IDBJfacYs27FRthbjxKaEHrJRbnd8kMyfSRReg7qunstkh
2025-12-30 11:44:33.179 [http-nio-18333-exec-2] INFO  c.bit.solana.p2p.quic.SendQuicData - [开始发送] 连接ID:131602509247545344 数据ID:131603305821372416 总帧数:2
2025-12-30 11:44:33.179 [http-nio-18333-exec-2] INFO  c.bit.solana.p2p.quic.SendQuicData - [重传定时器启动] 连接ID:131602509247545344 数据ID:131603305821372416 首次重传延迟:500ms 后续重传间隔:20ms
2025-12-30 11:44:33.179 [udp-io-thread-1-1] INFO  c.b.solana.p2p.quic.ReceiveQuicData - [初始化数据] 连接ID:131602509247545344 数据ID:131603305821372416 总帧数:2
2025-12-30 11:44:33.180 [udp-io-thread-1-1] INFO  c.b.solana.p2p.quic.ReceiveQuicData - 所有帧接收完成
2025-12-30 11:44:33.180 [udp-io-thread-1-1] INFO  c.b.solana.p2p.quic.ReceiveQuicData - 完整数据长度1480 数据ID131603305821372416
2025-12-30 11:44:33.180 [udp-io-thread-1-1] INFO  c.bit.solana.p2p.quic.SendQuicData - [所有帧通过批量ACK确认] 连接ID:131602509247545344 数据ID:131603305821372416 传输完成
2025-12-30 11:44:33.180 [udp-io-thread-1-1] INFO  c.bit.solana.p2p.quic.SendQuicData - 数据发送完毕
2025-12-30 11:44:33.180 [udp-io-thread-1-1] INFO  c.bit.solana.p2p.quic.SendQuicData - 当前数据耗时1017800
2025-12-30 11:44:33.180 [udp-io-thread-1-1] INFO  c.bit.solana.p2p.quic.SendQuicData - 全部样本的平均时间678304.4117647059
2025-12-30 11:44:33.180 [quic-consumer-1767064813326] INFO  c.b.s.p.i.handle.QuicDataProcessor - 收到请求: P2PMessage{senderId=74sDMeR9Hq9aJTniBTPxs4b53NdG647rsspgfUF2EiMF, messageId=019b6d5b859b7ac59786ad2eebc81e23, requestId=019b6d5b859b7ac59786ad2eebc81e23, reqResFlag=0, type=5, length=1400, version=1}
2025-12-30 11:44:33.180 [udp-io-thread-1-1] INFO  c.bit.solana.p2p.quic.SendQuicData - 预测3.934165588235294E7
2025-12-30 11:44:33.180 [quic-consumer-1767064813326] INFO  c.b.s.p2p.protocol.impl.TextHandler - 数据长度1400
2025-12-30 11:44:33.180 [quic-consumer-1767064813326] INFO  c.bit.solana.p2p.quic.SendQuicData - [开始发送] 连接ID:131602509247545344 数据ID:131603305825566720 总帧数:1
2025-12-30 11:44:33.181 [quic-consumer-1767064813326] INFO  c.bit.solana.p2p.quic.SendQuicData - [重传定时器启动] 连接ID:131602509247545344 数据ID:131603305825566720 首次重传延迟:500ms 后续重传间隔:20ms
2025-12-30 11:44:33.181 [quic-consumer-1767064813326] INFO  c.b.s.p.i.handle.QuicDataProcessor - 本次批量处理完成，共处理1条消息
2025-12-30 11:44:33.181 [udp-io-thread-1-1] INFO  c.b.solana.p2p.quic.ReceiveQuicData - [初始化数据] 连接ID:131602509247545344 数据ID:131603305825566720 总帧数:1
2025-12-30 11:44:33.181 [udp-io-thread-1-1] INFO  c.b.solana.p2p.quic.ReceiveQuicData - 所有帧接收完成
2025-12-30 11:44:33.181 [udp-io-thread-1-1] INFO  c.b.solana.p2p.quic.ReceiveQuicData - 完整数据长度101 数据ID131603305825566720
2025-12-30 11:44:33.181 [udp-io-thread-1-1] INFO  c.bit.solana.p2p.quic.SendQuicData - [所有帧通过批量ACK确认] 连接ID:131602509247545344 数据ID:131603305825566720 传输完成
2025-12-30 11:44:33.181 [udp-io-thread-1-1] INFO  c.bit.solana.p2p.quic.SendQuicData - 数据发送完毕
2025-12-30 11:44:33.181 [udp-io-thread-1-1] INFO  c.bit.solana.p2p.quic.SendQuicData - 当前数据耗时649400
2025-12-30 11:44:33.181 [udp-io-thread-1-1] INFO  c.bit.solana.p2p.quic.SendQuicData - 全部样本的平均时间3.7277753117647057E9
2025-12-30 11:44:33.181 [quic-consumer-1767064812291] INFO  c.b.s.p.i.handle.QuicDataProcessor - 收到响应: P2PMessage{senderId=BJfacYs27FRthbjxKaEHrJRbnd8kMyfSRReg7qunstkh, messageId=019b6d5b859c78c5bd254eb0cdce6f95, requestId=019b6d5b859b7ac59786ad2eebc81e23, reqResFlag=1, type=5, length=21, version=1}
2025-12-30 11:44:33.181 [udp-io-thread-1-1] INFO  c.bit.solana.p2p.quic.SendQuicData - 预测2.1621096808235294E11
2025-12-30 11:44:33.181 [quic-consumer-1767064812291] INFO  c.b.s.p.i.handle.QuicDataProcessor - 本次批量处理完成，共处理1条消息
2025-12-30 11:44:33.181 [http-nio-18333-exec-2] INFO  com.bit.solana.api.mock.MockApi - 节点回复：我已经收到回复
2025-12-30 11:44:34.158 [http-nio-18333-exec-1] INFO  com.bit.solana.p2p.impl.PeerClient - 节点IDBJfacYs27FRthbjxKaEHrJRbnd8kMyfSRReg7qunstkh
2025-12-30 11:44:34.158 [http-nio-18333-exec-1] INFO  c.bit.solana.p2p.quic.SendQuicData - [开始发送] 连接ID:131602509247545344 数据ID:131603309927596032 总帧数:2
2025-12-30 11:44:34.159 [http-nio-18333-exec-1] INFO  c.bit.solana.p2p.quic.SendQuicData - [重传定时器启动] 连接ID:131602509247545344 数据ID:131603309927596032 首次重传延迟:500ms 后续重传间隔:20ms
2025-12-30 11:44:34.159 [udp-io-thread-1-1] INFO  c.b.solana.p2p.quic.ReceiveQuicData - [初始化数据] 连接ID:131602509247545344 数据ID:131603309927596032 总帧数:2
2025-12-30 11:44:34.159 [udp-io-thread-1-1] INFO  c.b.solana.p2p.quic.ReceiveQuicData - 所有帧接收完成
2025-12-30 11:44:34.159 [udp-io-thread-1-1] INFO  c.b.solana.p2p.quic.ReceiveQuicData - 完整数据长度1480 数据ID131603309927596032
2025-12-30 11:44:34.159 [udp-io-thread-1-1] INFO  c.bit.solana.p2p.quic.SendQuicData - [所有帧通过批量ACK确认] 连接ID:131602509247545344 数据ID:131603309927596032 传输完成
2025-12-30 11:44:34.159 [udp-io-thread-1-1] INFO  c.bit.solana.p2p.quic.SendQuicData - 数据发送完毕
2025-12-30 11:44:34.159 [udp-io-thread-1-1] INFO  c.bit.solana.p2p.quic.SendQuicData - 当前数据耗时586400
2025-12-30 11:44:34.159 [udp-io-thread-1-1] INFO  c.bit.solana.p2p.quic.SendQuicData - 全部样本的平均时间671140.0
2025-12-30 11:44:34.159 [quic-consumer-1767064813326] INFO  c.b.s.p.i.handle.QuicDataProcessor - 收到请求: P2PMessage{senderId=74sDMeR9Hq9aJTniBTPxs4b53NdG647rsspgfUF2EiMF, messageId=019b6d5b896e7eae9152788ed6e0d351, requestId=019b6d5b896e7eae9152788ed6e0d351, reqResFlag=0, type=5, length=1400, version=1}
2025-12-30 11:44:34.159 [udp-io-thread-1-1] INFO  c.bit.solana.p2p.quic.SendQuicData - 预测3.892612E7
2025-12-30 11:44:34.159 [quic-consumer-1767064813326] INFO  c.b.s.p2p.protocol.impl.TextHandler - 数据长度1400
2025-12-30 11:44:34.159 [quic-consumer-1767064813326] INFO  c.bit.solana.p2p.quic.SendQuicData - [开始发送] 连接ID:131602509247545344 数据ID:131603309931790336 总帧数:1
2025-12-30 11:44:34.160 [quic-consumer-1767064813326] INFO  c.bit.solana.p2p.quic.SendQuicData - [重传定时器启动] 连接ID:131602509247545344 数据ID:131603309931790336 首次重传延迟:500ms 后续重传间隔:20ms
2025-12-30 11:44:34.160 [quic-consumer-1767064813326] INFO  c.b.s.p.i.handle.QuicDataProcessor - 本次批量处理完成，共处理1条消息
2025-12-30 11:44:34.160 [udp-io-thread-1-1] INFO  c.b.solana.p2p.quic.ReceiveQuicData - [初始化数据] 连接ID:131602509247545344 数据ID:131603309931790336 总帧数:1
2025-12-30 11:44:34.160 [udp-io-thread-1-1] INFO  c.b.solana.p2p.quic.ReceiveQuicData - 所有帧接收完成
2025-12-30 11:44:34.160 [udp-io-thread-1-1] INFO  c.b.solana.p2p.quic.ReceiveQuicData - 完整数据长度101 数据ID131603309931790336
2025-12-30 11:44:34.160 [udp-io-thread-1-1] INFO  c.bit.solana.p2p.quic.SendQuicData - [所有帧通过批量ACK确认] 连接ID:131602509247545344 数据ID:131603309931790336 传输完成
2025-12-30 11:44:34.160 [udp-io-thread-1-1] INFO  c.bit.solana.p2p.quic.SendQuicData - 数据发送完毕
2025-12-30 11:44:34.160 [udp-io-thread-1-1] INFO  c.bit.solana.p2p.quic.SendQuicData - 当前数据耗时438600
2025-12-30 11:44:34.160 [udp-io-thread-1-1] INFO  c.bit.solana.p2p.quic.SendQuicData - 全部样本的平均时间3.621276265714286E9
2025-12-30 11:44:34.160 [udp-io-thread-1-1] INFO  c.bit.solana.p2p.quic.SendQuicData - 预测2.100340234114286E11
2025-12-30 11:44:34.160 [quic-consumer-1767064812291] INFO  c.b.s.p.i.handle.QuicDataProcessor - 收到响应: P2PMessage{senderId=BJfacYs27FRthbjxKaEHrJRbnd8kMyfSRReg7qunstkh, messageId=019b6d5b896f7c7eba9a89905fd64014, requestId=019b6d5b896e7eae9152788ed6e0d351, reqResFlag=1, type=5, length=21, version=1}
2025-12-30 11:44:34.160 [quic-consumer-1767064812291] INFO  c.b.s.p.i.handle.QuicDataProcessor - 本次批量处理完成，共处理1条消息
2025-12-30 11:44:34.160 [http-nio-18333-exec-1] INFO  com.bit.solana.api.mock.MockApi - 节点回复：我已经收到回复
2025-12-30 11:44:35.220 [http-nio-18333-exec-3] INFO  com.bit.solana.p2p.impl.PeerClient - 节点IDBJfacYs27FRthbjxKaEHrJRbnd8kMyfSRReg7qunstkh
2025-12-30 11:44:35.220 [http-nio-18333-exec-3] INFO  c.bit.solana.p2p.quic.SendQuicData - [开始发送] 连接ID:131602509247545344 数据ID:131603314381946880 总帧数:2
2025-12-30 11:44:35.220 [http-nio-18333-exec-3] INFO  c.bit.solana.p2p.quic.SendQuicData - [重传定时器启动] 连接ID:131602509247545344 数据ID:131603314381946880 首次重传延迟:500ms 后续重传间隔:20ms
2025-12-30 11:44:35.220 [udp-io-thread-1-1] INFO  c.b.solana.p2p.quic.ReceiveQuicData - [初始化数据] 连接ID:131602509247545344 数据ID:131603314381946880 总帧数:2
2025-12-30 11:44:35.220 [udp-io-thread-1-1] INFO  c.b.solana.p2p.quic.ReceiveQuicData - 所有帧接收完成
2025-12-30 11:44:35.220 [udp-io-thread-1-1] INFO  c.b.solana.p2p.quic.ReceiveQuicData - 完整数据长度1480 数据ID131603314381946880
2025-12-30 11:44:35.220 [udp-io-thread-1-1] INFO  c.bit.solana.p2p.quic.SendQuicData - [所有帧通过批量ACK确认] 连接ID:131602509247545344 数据ID:131603314381946880 传输完成
2025-12-30 11:44:35.220 [udp-io-thread-1-1] INFO  c.bit.solana.p2p.quic.SendQuicData - 数据发送完毕
2025-12-30 11:44:35.221 [udp-io-thread-1-1] INFO  c.bit.solana.p2p.quic.SendQuicData - 当前数据耗时555200
2025-12-30 11:44:35.221 [udp-io-thread-1-1] INFO  c.bit.solana.p2p.quic.SendQuicData - 全部样本的平均时间663520.8333333334
2025-12-30 11:44:35.221 [udp-io-thread-1-1] INFO  c.bit.solana.p2p.quic.SendQuicData - 预测3.8484208333333336E7
2025-12-30 11:44:35.221 [quic-consumer-1767064813326] INFO  c.b.s.p.i.handle.QuicDataProcessor - 收到请求: P2PMessage{senderId=74sDMeR9Hq9aJTniBTPxs4b53NdG647rsspgfUF2EiMF, messageId=019b6d5b8d94786ab3de852e1cfac47e, requestId=019b6d5b8d94786ab3de852e1cfac47e, reqResFlag=0, type=5, length=1400, version=1}
2025-12-30 11:44:35.221 [quic-consumer-1767064813326] INFO  c.b.s.p2p.protocol.impl.TextHandler - 数据长度1400
2025-12-30 11:44:35.221 [quic-consumer-1767064813326] INFO  c.bit.solana.p2p.quic.SendQuicData - [开始发送] 连接ID:131602509247545344 数据ID:131603314386141184 总帧数:1
2025-12-30 11:44:35.221 [quic-consumer-1767064813326] INFO  c.bit.solana.p2p.quic.SendQuicData - [重传定时器启动] 连接ID:131602509247545344 数据ID:131603314386141184 首次重传延迟:500ms 后续重传间隔:20ms
2025-12-30 11:44:35.221 [quic-consumer-1767064813326] INFO  c.b.s.p.i.handle.QuicDataProcessor - 本次批量处理完成，共处理1条消息
2025-12-30 11:44:35.221 [udp-io-thread-1-1] INFO  c.b.solana.p2p.quic.ReceiveQuicData - [初始化数据] 连接ID:131602509247545344 数据ID:131603314386141184 总帧数:1
2025-12-30 11:44:35.221 [udp-io-thread-1-1] INFO  c.b.solana.p2p.quic.ReceiveQuicData - 所有帧接收完成
2025-12-30 11:44:35.221 [udp-io-thread-1-1] INFO  c.b.solana.p2p.quic.ReceiveQuicData - 完整数据长度101 数据ID131603314386141184
2025-12-30 11:44:35.221 [udp-io-thread-1-1] INFO  c.bit.solana.p2p.quic.SendQuicData - [所有帧通过批量ACK确认] 连接ID:131602509247545344 数据ID:131603314386141184 传输完成
2025-12-30 11:44:35.221 [udp-io-thread-1-1] INFO  c.bit.solana.p2p.quic.SendQuicData - 数据发送完毕
2025-12-30 11:44:35.221 [udp-io-thread-1-1] INFO  c.bit.solana.p2p.quic.SendQuicData - 当前数据耗时391500
2025-12-30 11:44:35.221 [udp-io-thread-1-1] INFO  c.bit.solana.p2p.quic.SendQuicData - 全部样本的平均时间3.520692611111111E9
2025-12-30 11:44:35.221 [quic-consumer-1767064812291] INFO  c.b.s.p.i.handle.QuicDataProcessor - 收到响应: P2PMessage{senderId=BJfacYs27FRthbjxKaEHrJRbnd8kMyfSRReg7qunstkh, messageId=019b6d5b8d95711a97a8c6d69e0c11c1, requestId=019b6d5b8d94786ab3de852e1cfac47e, reqResFlag=1, type=5, length=21, version=1}
2025-12-30 11:44:35.221 [udp-io-thread-1-1] INFO  c.bit.solana.p2p.quic.SendQuicData - 预测2.0420017144444446E11
2025-12-30 11:44:35.221 [quic-consumer-1767064812291] INFO  c.b.s.p.i.handle.QuicDataProcessor - 本次批量处理完成，共处理1条消息
2025-12-30 11:44:35.221 [http-nio-18333-exec-3] INFO  com.bit.solana.api.mock.MockApi - 节点回复：我已经收到回复
2025-12-30 11:44:36.214 [http-nio-18333-exec-4] INFO  com.bit.solana.p2p.impl.PeerClient - 节点IDBJfacYs27FRthbjxKaEHrJRbnd8kMyfSRReg7qunstkh
2025-12-30 11:44:36.214 [http-nio-18333-exec-4] INFO  c.bit.solana.p2p.quic.SendQuicData - [开始发送] 连接ID:131602509247545344 数据ID:131603318551085056 总帧数:2
2025-12-30 11:44:36.214 [http-nio-18333-exec-4] INFO  c.bit.solana.p2p.quic.SendQuicData - [重传定时器启动] 连接ID:131602509247545344 数据ID:131603318551085056 首次重传延迟:500ms 后续重传间隔:20ms
2025-12-30 11:44:36.214 [udp-io-thread-1-1] INFO  c.b.solana.p2p.quic.ReceiveQuicData - [初始化数据] 连接ID:131602509247545344 数据ID:131603318551085056 总帧数:2
2025-12-30 11:44:36.215 [udp-io-thread-1-1] INFO  c.b.solana.p2p.quic.ReceiveQuicData - 所有帧接收完成
2025-12-30 11:44:36.215 [udp-io-thread-1-1] INFO  c.b.solana.p2p.quic.ReceiveQuicData - 完整数据长度1480 数据ID131603318551085056
2025-12-30 11:44:36.215 [udp-io-thread-1-1] INFO  c.bit.solana.p2p.quic.SendQuicData - [所有帧通过批量ACK确认] 连接ID:131602509247545344 数据ID:131603318551085056 传输完成
2025-12-30 11:44:36.215 [udp-io-thread-1-1] INFO  c.bit.solana.p2p.quic.SendQuicData - 数据发送完毕
2025-12-30 11:44:36.215 [quic-consumer-1767064813326] INFO  c.b.s.p.i.handle.QuicDataProcessor - 收到请求: P2PMessage{senderId=74sDMeR9Hq9aJTniBTPxs4b53NdG647rsspgfUF2EiMF, messageId=019b6d5b91767197bacf321519c7bec1, requestId=019b6d5b91767197bacf321519c7bec1, reqResFlag=0, type=5, length=1400, version=1}
2025-12-30 11:44:36.215 [quic-consumer-1767064813326] INFO  c.b.s.p2p.protocol.impl.TextHandler - 数据长度1400
2025-12-30 11:44:36.215 [udp-io-thread-1-1] INFO  c.bit.solana.p2p.quic.SendQuicData - 当前数据耗时1281000
2025-12-30 11:44:36.215 [udp-io-thread-1-1] INFO  c.bit.solana.p2p.quic.SendQuicData - 全部样本的平均时间665482.4324324324
2025-12-30 11:44:36.215 [quic-consumer-1767064813326] INFO  c.bit.solana.p2p.quic.SendQuicData - [开始发送] 连接ID:131602509247545344 数据ID:131603318555279360 总帧数:1
2025-12-30 11:44:36.215 [udp-io-thread-1-1] INFO  c.bit.solana.p2p.quic.SendQuicData - 预测3.859798108108108E7
2025-12-30 11:44:36.215 [quic-consumer-1767064813326] INFO  c.bit.solana.p2p.quic.SendQuicData - [重传定时器启动] 连接ID:131602509247545344 数据ID:131603318555279360 首次重传延迟:500ms 后续重传间隔:20ms
2025-12-30 11:44:36.216 [quic-consumer-1767064813326] INFO  c.b.s.p.i.handle.QuicDataProcessor - 本次批量处理完成，共处理1条消息
2025-12-30 11:44:36.216 [udp-io-thread-1-1] INFO  c.b.solana.p2p.quic.ReceiveQuicData - [初始化数据] 连接ID:131602509247545344 数据ID:131603318555279360 总帧数:1
2025-12-30 11:44:36.216 [udp-io-thread-1-1] INFO  c.b.solana.p2p.quic.ReceiveQuicData - 所有帧接收完成
2025-12-30 11:44:36.216 [udp-io-thread-1-1] INFO  c.b.solana.p2p.quic.ReceiveQuicData - 完整数据长度101 数据ID131603318555279360
2025-12-30 11:44:36.216 [udp-io-thread-1-1] INFO  c.bit.solana.p2p.quic.SendQuicData - [所有帧通过批量ACK确认] 连接ID:131602509247545344 数据ID:131603318555279360 传输完成
2025-12-30 11:44:36.216 [udp-io-thread-1-1] INFO  c.bit.solana.p2p.quic.SendQuicData - 数据发送完毕
2025-12-30 11:44:36.216 [udp-io-thread-1-1] INFO  c.bit.solana.p2p.quic.SendQuicData - 当前数据耗时743000
2025-12-30 11:44:36.216 [udp-io-thread-1-1] INFO  c.bit.solana.p2p.quic.SendQuicData - 全部样本的平均时间3.4255496594594593E9
2025-12-30 11:44:36.216 [udp-io-thread-1-1] INFO  c.bit.solana.p2p.quic.SendQuicData - 预测1.9868188024864865E11
2025-12-30 11:44:36.216 [quic-consumer-1767064812291] INFO  c.b.s.p.i.handle.QuicDataProcessor - 收到响应: P2PMessage{senderId=BJfacYs27FRthbjxKaEHrJRbnd8kMyfSRReg7qunstkh, messageId=019b6d5b91777c47ae264d339adc150a, requestId=019b6d5b91767197bacf321519c7bec1, reqResFlag=1, type=5, length=21, version=1}
2025-12-30 11:44:36.217 [quic-consumer-1767064812291] INFO  c.b.s.p.i.handle.QuicDataProcessor - 本次批量处理完成，共处理1条消息
2025-12-30 11:44:36.217 [http-nio-18333-exec-4] INFO  com.bit.solana.api.mock.MockApi - 节点回复：我已经收到回复
2025-12-30 11:44:37.149 [http-nio-18333-exec-5] INFO  com.bit.solana.p2p.impl.PeerClient - 节点IDBJfacYs27FRthbjxKaEHrJRbnd8kMyfSRReg7qunstkh
2025-12-30 11:44:37.149 [http-nio-18333-exec-5] INFO  c.bit.solana.p2p.quic.SendQuicData - [开始发送] 连接ID:131602509247545344 数据ID:131603322472759296 总帧数:2
2025-12-30 11:44:37.149 [http-nio-18333-exec-5] INFO  c.bit.solana.p2p.quic.SendQuicData - [重传定时器启动] 连接ID:131602509247545344 数据ID:131603322472759296 首次重传延迟:500ms 后续重传间隔:20ms
2025-12-30 11:44:37.149 [udp-io-thread-1-1] INFO  c.b.solana.p2p.quic.ReceiveQuicData - [初始化数据] 连接ID:131602509247545344 数据ID:131603322472759296 总帧数:2
2025-12-30 11:44:37.149 [udp-io-thread-1-1] INFO  c.b.solana.p2p.quic.ReceiveQuicData - 所有帧接收完成
2025-12-30 11:44:37.149 [udp-io-thread-1-1] INFO  c.b.solana.p2p.quic.ReceiveQuicData - 完整数据长度1480 数据ID131603322472759296
2025-12-30 11:44:37.149 [udp-io-thread-1-1] INFO  c.bit.solana.p2p.quic.SendQuicData - [所有帧通过批量ACK确认] 连接ID:131602509247545344 数据ID:131603322472759296 传输完成
2025-12-30 11:44:37.149 [udp-io-thread-1-1] INFO  c.bit.solana.p2p.quic.SendQuicData - 数据发送完毕
2025-12-30 11:44:37.149 [udp-io-thread-1-1] INFO  c.bit.solana.p2p.quic.SendQuicData - 当前数据耗时602200
2025-12-30 11:44:37.149 [udp-io-thread-1-1] INFO  c.bit.solana.p2p.quic.SendQuicData - 全部样本的平均时间659139.4736842106
2025-12-30 11:44:37.149 [udp-io-thread-1-1] INFO  c.bit.solana.p2p.quic.SendQuicData - 预测3.8230089473684214E7
2025-12-30 11:44:37.149 [quic-consumer-1767064813326] INFO  c.b.s.p.i.handle.QuicDataProcessor - 收到请求: P2PMessage{senderId=74sDMeR9Hq9aJTniBTPxs4b53NdG647rsspgfUF2EiMF, messageId=019b6d5b951c7559871e1e58b1b11c1b, requestId=019b6d5b951c7559871e1e58b1b11c1b, reqResFlag=0, type=5, length=1400, version=1}
2025-12-30 11:44:37.150 [quic-consumer-1767064813326] INFO  c.b.s.p2p.protocol.impl.TextHandler - 数据长度1400
2025-12-30 11:44:37.150 [quic-consumer-1767064813326] INFO  c.bit.solana.p2p.quic.SendQuicData - [开始发送] 连接ID:131602509247545344 数据ID:131603322476953600 总帧数:1
2025-12-30 11:44:37.150 [quic-consumer-1767064813326] INFO  c.bit.solana.p2p.quic.SendQuicData - [重传定时器启动] 连接ID:131602509247545344 数据ID:131603322476953600 首次重传延迟:500ms 后续重传间隔:20ms
2025-12-30 11:44:37.150 [quic-consumer-1767064813326] INFO  c.b.s.p.i.handle.QuicDataProcessor - 本次批量处理完成，共处理1条消息
2025-12-30 11:44:37.150 [udp-io-thread-1-1] INFO  c.b.solana.p2p.quic.ReceiveQuicData - [初始化数据] 连接ID:131602509247545344 数据ID:131603322476953600 总帧数:1
2025-12-30 11:44:37.150 [udp-io-thread-1-1] INFO  c.b.solana.p2p.quic.ReceiveQuicData - 所有帧接收完成
2025-12-30 11:44:37.150 [udp-io-thread-1-1] INFO  c.b.solana.p2p.quic.ReceiveQuicData - 完整数据长度101 数据ID131603322476953600
2025-12-30 11:44:37.150 [udp-io-thread-1-1] INFO  c.bit.solana.p2p.quic.SendQuicData - [所有帧通过批量ACK确认] 连接ID:131602509247545344 数据ID:131603322476953600 传输完成
2025-12-30 11:44:37.150 [udp-io-thread-1-1] INFO  c.bit.solana.p2p.quic.SendQuicData - 数据发送完毕
2025-12-30 11:44:37.150 [udp-io-thread-1-1] INFO  c.bit.solana.p2p.quic.SendQuicData - 当前数据耗时389600
2025-12-30 11:44:37.150 [udp-io-thread-1-1] INFO  c.bit.solana.p2p.quic.SendQuicData - 全部样本的平均时间3.335409507894737E9
2025-12-30 11:44:37.150 [quic-consumer-1767064812291] INFO  c.b.s.p.i.handle.QuicDataProcessor - 收到响应: P2PMessage{senderId=BJfacYs27FRthbjxKaEHrJRbnd8kMyfSRReg7qunstkh, messageId=019b6d5b951e7e728f4fbaabc27cc647, requestId=019b6d5b951c7559871e1e58b1b11c1b, reqResFlag=1, type=5, length=21, version=1}
2025-12-30 11:44:37.150 [udp-io-thread-1-1] INFO  c.bit.solana.p2p.quic.SendQuicData - 预测1.9345375145789474E11
2025-12-30 11:44:37.150 [quic-consumer-1767064812291] INFO  c.b.s.p.i.handle.QuicDataProcessor - 本次批量处理完成，共处理1条消息
2025-12-30 11:44:37.150 [http-nio-18333-exec-5] INFO  com.bit.solana.api.mock.MockApi - 节点回复：我已经收到回复
2025-12-30 11:44:37.888 [http-nio-18333-exec-6] INFO  com.bit.solana.p2p.impl.PeerClient - 节点IDBJfacYs27FRthbjxKaEHrJRbnd8kMyfSRReg7qunstkh
2025-12-30 11:44:37.889 [http-nio-18333-exec-6] INFO  c.bit.solana.p2p.quic.SendQuicData - [开始发送] 连接ID:131602509247545344 数据ID:131603325576544256 总帧数:2
2025-12-30 11:44:37.889 [http-nio-18333-exec-6] INFO  c.bit.solana.p2p.quic.SendQuicData - [重传定时器启动] 连接ID:131602509247545344 数据ID:131603325576544256 首次重传延迟:500ms 后续重传间隔:20ms
2025-12-30 11:44:37.889 [udp-io-thread-1-1] INFO  c.b.solana.p2p.quic.ReceiveQuicData - [初始化数据] 连接ID:131602509247545344 数据ID:131603325576544256 总帧数:2
2025-12-30 11:44:37.890 [udp-io-thread-1-1] INFO  c.b.solana.p2p.quic.ReceiveQuicData - 所有帧接收完成
2025-12-30 11:44:37.890 [udp-io-thread-1-1] INFO  c.b.solana.p2p.quic.ReceiveQuicData - 完整数据长度1480 数据ID131603325576544256
2025-12-30 11:44:37.890 [udp-io-thread-1-1] INFO  c.bit.solana.p2p.quic.SendQuicData - [所有帧通过批量ACK确认] 连接ID:131602509247545344 数据ID:131603325576544256 传输完成
2025-12-30 11:44:37.890 [udp-io-thread-1-1] INFO  c.bit.solana.p2p.quic.SendQuicData - 数据发送完毕
2025-12-30 11:44:37.890 [udp-io-thread-1-1] INFO  c.bit.solana.p2p.quic.SendQuicData - 当前数据耗时923300
2025-12-30 11:44:37.890 [udp-io-thread-1-1] INFO  c.bit.solana.p2p.quic.SendQuicData - 全部样本的平均时间658526.9230769231
2025-12-30 11:44:37.890 [udp-io-thread-1-1] INFO  c.bit.solana.p2p.quic.SendQuicData - 预测3.819456153846154E7
2025-12-30 11:44:37.890 [quic-consumer-1767064813326] INFO  c.b.s.p.i.handle.QuicDataProcessor - 收到请求: P2PMessage{senderId=74sDMeR9Hq9aJTniBTPxs4b53NdG647rsspgfUF2EiMF, messageId=019b6d5b98007ace9419caba5ce010a6, requestId=019b6d5b98007ace9419caba5ce010a6, reqResFlag=0, type=5, length=1400, version=1}
2025-12-30 11:44:37.890 [quic-consumer-1767064813326] INFO  c.b.s.p2p.protocol.impl.TextHandler - 数据长度1400
2025-12-30 11:44:37.890 [quic-consumer-1767064813326] INFO  c.bit.solana.p2p.quic.SendQuicData - [开始发送] 连接ID:131602509247545344 数据ID:131603325580738560 总帧数:1
2025-12-30 11:44:37.890 [quic-consumer-1767064813326] INFO  c.bit.solana.p2p.quic.SendQuicData - [重传定时器启动] 连接ID:131602509247545344 数据ID:131603325580738560 首次重传延迟:500ms 后续重传间隔:20ms
2025-12-30 11:44:37.890 [quic-consumer-1767064813326] INFO  c.b.s.p.i.handle.QuicDataProcessor - 本次批量处理完成，共处理1条消息
2025-12-30 11:44:37.891 [udp-io-thread-1-1] INFO  c.b.solana.p2p.quic.ReceiveQuicData - [初始化数据] 连接ID:131602509247545344 数据ID:131603325580738560 总帧数:1
2025-12-30 11:44:37.891 [udp-io-thread-1-1] INFO  c.b.solana.p2p.quic.ReceiveQuicData - 所有帧接收完成
2025-12-30 11:44:37.891 [udp-io-thread-1-1] INFO  c.b.solana.p2p.quic.ReceiveQuicData - 完整数据长度101 数据ID131603325580738560
2025-12-30 11:44:37.891 [quic-consumer-1767064812291] INFO  c.b.s.p.i.handle.QuicDataProcessor - 收到响应: P2PMessage{senderId=BJfacYs27FRthbjxKaEHrJRbnd8kMyfSRReg7qunstkh, messageId=019b6d5b98027bcab5e6de7f7aee788a, requestId=019b6d5b98007ace9419caba5ce010a6, reqResFlag=1, type=5, length=21, version=1}
2025-12-30 11:44:37.891 [udp-io-thread-1-1] INFO  c.bit.solana.p2p.quic.SendQuicData - [所有帧通过批量ACK确认] 连接ID:131602509247545344 数据ID:131603325580738560 传输完成
2025-12-30 11:44:37.891 [udp-io-thread-1-1] INFO  c.bit.solana.p2p.quic.SendQuicData - 数据发送完毕
2025-12-30 11:44:37.891 [udp-io-thread-1-1] INFO  c.bit.solana.p2p.quic.SendQuicData - 当前数据耗时698700
2025-12-30 11:44:37.891 [quic-consumer-1767064812291] INFO  c.b.s.p.i.handle.QuicDataProcessor - 本次批量处理完成，共处理1条消息
2025-12-30 11:44:37.891 [udp-io-thread-1-1] INFO  c.bit.solana.p2p.quic.SendQuicData - 全部样本的平均时间3.249900330769231E9
2025-12-30 11:44:37.891 [udp-io-thread-1-1] INFO  c.bit.solana.p2p.quic.SendQuicData - 预测1.884942191846154E11
2025-12-30 11:44:37.891 [http-nio-18333-exec-6] INFO  com.bit.solana.api.mock.MockApi - 节点回复：我已经收到回复
2025-12-30 11:44:38.828 [http-nio-18333-exec-10] INFO  com.bit.solana.p2p.impl.PeerClient - 节点IDBJfacYs27FRthbjxKaEHrJRbnd8kMyfSRReg7qunstkh
2025-12-30 11:44:38.828 [http-nio-18333-exec-10] INFO  c.bit.solana.p2p.quic.SendQuicData - [开始发送] 连接ID:131602509247545344 数据ID:131603329514995712 总帧数:2
2025-12-30 11:44:38.828 [http-nio-18333-exec-10] INFO  c.bit.solana.p2p.quic.SendQuicData - [重传定时器启动] 连接ID:131602509247545344 数据ID:131603329514995712 首次重传延迟:500ms 后续重传间隔:20ms
2025-12-30 11:44:38.828 [udp-io-thread-1-1] INFO  c.b.solana.p2p.quic.ReceiveQuicData - [初始化数据] 连接ID:131602509247545344 数据ID:131603329514995712 总帧数:2
2025-12-30 11:44:38.828 [udp-io-thread-1-1] INFO  c.b.solana.p2p.quic.ReceiveQuicData - 所有帧接收完成
2025-12-30 11:44:38.828 [udp-io-thread-1-1] INFO  c.b.solana.p2p.quic.ReceiveQuicData - 完整数据长度1480 数据ID131603329514995712
2025-12-30 11:44:38.828 [udp-io-thread-1-1] INFO  c.bit.solana.p2p.quic.SendQuicData - [所有帧通过批量ACK确认] 连接ID:131602509247545344 数据ID:131603329514995712 传输完成
2025-12-30 11:44:38.829 [udp-io-thread-1-1] INFO  c.bit.solana.p2p.quic.SendQuicData - 数据发送完毕
2025-12-30 11:44:38.829 [udp-io-thread-1-1] INFO  c.bit.solana.p2p.quic.SendQuicData - 当前数据耗时691500
2025-12-30 11:44:38.829 [udp-io-thread-1-1] INFO  c.bit.solana.p2p.quic.SendQuicData - 全部样本的平均时间652432.5
2025-12-30 11:44:38.829 [udp-io-thread-1-1] INFO  c.bit.solana.p2p.quic.SendQuicData - 预测3.7841085E7
2025-12-30 11:44:38.829 [quic-consumer-1767064813326] INFO  c.b.s.p.i.handle.QuicDataProcessor - 收到请求: P2PMessage{senderId=74sDMeR9Hq9aJTniBTPxs4b53NdG647rsspgfUF2EiMF, messageId=019b6d5b9bac7bdc8d1567b6cc9b6c21, requestId=019b6d5b9bac7bdc8d1567b6cc9b6c21, reqResFlag=0, type=5, length=1400, version=1}
2025-12-30 11:44:38.829 [quic-consumer-1767064813326] INFO  c.b.s.p2p.protocol.impl.TextHandler - 数据长度1400
2025-12-30 11:44:38.829 [quic-consumer-1767064813326] INFO  c.bit.solana.p2p.quic.SendQuicData - [开始发送] 连接ID:131602509247545344 数据ID:131603329519190016 总帧数:1
2025-12-30 11:44:38.829 [quic-consumer-1767064813326] INFO  c.bit.solana.p2p.quic.SendQuicData - [重传定时器启动] 连接ID:131602509247545344 数据ID:131603329519190016 首次重传延迟:500ms 后续重传间隔:20ms
2025-12-30 11:44:38.829 [quic-consumer-1767064813326] INFO  c.b.s.p.i.handle.QuicDataProcessor - 本次批量处理完成，共处理1条消息
2025-12-30 11:44:38.829 [udp-io-thread-1-1] INFO  c.b.solana.p2p.quic.ReceiveQuicData - [初始化数据] 连接ID:131602509247545344 数据ID:131603329519190016 总帧数:1
2025-12-30 11:44:38.829 [udp-io-thread-1-1] INFO  c.b.solana.p2p.quic.ReceiveQuicData - 所有帧接收完成
2025-12-30 11:44:38.829 [udp-io-thread-1-1] INFO  c.b.solana.p2p.quic.ReceiveQuicData - 完整数据长度101 数据ID131603329519190016
2025-12-30 11:44:38.829 [udp-io-thread-1-1] INFO  c.bit.solana.p2p.quic.SendQuicData - [所有帧通过批量ACK确认] 连接ID:131602509247545344 数据ID:131603329519190016 传输完成
2025-12-30 11:44:38.829 [udp-io-thread-1-1] INFO  c.bit.solana.p2p.quic.SendQuicData - 数据发送完毕
2025-12-30 11:44:38.829 [udp-io-thread-1-1] INFO  c.bit.solana.p2p.quic.SendQuicData - 当前数据耗时433000
2025-12-30 11:44:38.829 [udp-io-thread-1-1] INFO  c.bit.solana.p2p.quic.SendQuicData - 全部样本的平均时间3.1686604925E9
2025-12-30 11:44:38.829 [udp-io-thread-1-1] INFO  c.bit.solana.p2p.quic.SendQuicData - 预测1.83782308565E11
2025-12-30 11:44:38.829 [quic-consumer-1767064812291] INFO  c.b.s.p.i.handle.QuicDataProcessor - 收到响应: P2PMessage{senderId=BJfacYs27FRthbjxKaEHrJRbnd8kMyfSRReg7qunstkh, messageId=019b6d5b9bad7be3adbd1659aa33dd5a, requestId=019b6d5b9bac7bdc8d1567b6cc9b6c21, reqResFlag=1, type=5, length=21, version=1}
2025-12-30 11:44:38.829 [quic-consumer-1767064812291] INFO  c.b.s.p.i.handle.QuicDataProcessor - 本次批量处理完成，共处理1条消息
2025-12-30 11:44:38.829 [http-nio-18333-exec-10] INFO  com.bit.solana.api.mock.MockApi - 节点回复：我已经收到回复
2025-12-30 11:44:39.681 [http-nio-18333-exec-8] INFO  com.bit.solana.p2p.impl.PeerClient - 节点IDBJfacYs27FRthbjxKaEHrJRbnd8kMyfSRReg7qunstkh
2025-12-30 11:44:39.681 [http-nio-18333-exec-8] INFO  c.bit.solana.p2p.quic.SendQuicData - [开始发送] 连接ID:131602509247545344 数据ID:131603333092737024 总帧数:2
2025-12-30 11:44:39.681 [http-nio-18333-exec-8] INFO  c.bit.solana.p2p.quic.SendQuicData - [重传定时器启动] 连接ID:131602509247545344 数据ID:131603333092737024 首次重传延迟:500ms 后续重传间隔:20ms
2025-12-30 11:44:39.682 [udp-io-thread-1-1] INFO  c.b.solana.p2p.quic.ReceiveQuicData - [初始化数据] 连接ID:131602509247545344 数据ID:131603333092737024 总帧数:2
2025-12-30 11:44:39.682 [udp-io-thread-1-1] INFO  c.b.solana.p2p.quic.ReceiveQuicData - 所有帧接收完成
2025-12-30 11:44:39.682 [udp-io-thread-1-1] INFO  c.b.solana.p2p.quic.ReceiveQuicData - 完整数据长度1480 数据ID131603333092737024
2025-12-30 11:44:39.682 [udp-io-thread-1-1] INFO  c.bit.solana.p2p.quic.SendQuicData - [所有帧通过批量ACK确认] 连接ID:131602509247545344 数据ID:131603333092737024 传输完成
2025-12-30 11:44:39.682 [udp-io-thread-1-1] INFO  c.bit.solana.p2p.quic.SendQuicData - 数据发送完毕
2025-12-30 11:44:39.682 [udp-io-thread-1-1] INFO  c.bit.solana.p2p.quic.SendQuicData - 当前数据耗时829900
2025-12-30 11:44:39.682 [udp-io-thread-1-1] INFO  c.bit.solana.p2p.quic.SendQuicData - 全部样本的平均时间650808.5365853659
2025-12-30 11:44:39.682 [udp-io-thread-1-1] INFO  c.bit.solana.p2p.quic.SendQuicData - 预测3.774689512195122E7
2025-12-30 11:44:39.682 [quic-consumer-1767064813326] INFO  c.b.s.p.i.handle.QuicDataProcessor - 收到请求: P2PMessage{senderId=74sDMeR9Hq9aJTniBTPxs4b53NdG647rsspgfUF2EiMF, messageId=019b6d5b9f017637aff6dd8c8c1c1b39, requestId=019b6d5b9f017637aff6dd8c8c1c1b39, reqResFlag=0, type=5, length=1400, version=1}
2025-12-30 11:44:39.682 [quic-consumer-1767064813326] INFO  c.b.s.p2p.protocol.impl.TextHandler - 数据长度1400
2025-12-30 11:44:39.682 [quic-consumer-1767064813326] INFO  c.bit.solana.p2p.quic.SendQuicData - [开始发送] 连接ID:131602509247545344 数据ID:131603333096931328 总帧数:1
2025-12-30 11:44:39.682 [quic-consumer-1767064813326] INFO  c.bit.solana.p2p.quic.SendQuicData - [重传定时器启动] 连接ID:131602509247545344 数据ID:131603333096931328 首次重传延迟:500ms 后续重传间隔:20ms
2025-12-30 11:44:39.682 [quic-consumer-1767064813326] INFO  c.b.s.p.i.handle.QuicDataProcessor - 本次批量处理完成，共处理1条消息
2025-12-30 11:44:39.683 [udp-io-thread-1-1] INFO  c.b.solana.p2p.quic.ReceiveQuicData - [初始化数据] 连接ID:131602509247545344 数据ID:131603333096931328 总帧数:1
2025-12-30 11:44:39.683 [udp-io-thread-1-1] INFO  c.b.solana.p2p.quic.ReceiveQuicData - 所有帧接收完成
2025-12-30 11:44:39.683 [udp-io-thread-1-1] INFO  c.b.solana.p2p.quic.ReceiveQuicData - 完整数据长度101 数据ID131603333096931328
2025-12-30 11:44:39.683 [udp-io-thread-1-1] INFO  c.bit.solana.p2p.quic.SendQuicData - [所有帧通过批量ACK确认] 连接ID:131602509247545344 数据ID:131603333096931328 传输完成
2025-12-30 11:44:39.683 [udp-io-thread-1-1] INFO  c.bit.solana.p2p.quic.SendQuicData - 数据发送完毕
2025-12-30 11:44:39.683 [udp-io-thread-1-1] INFO  c.bit.solana.p2p.quic.SendQuicData - 当前数据耗时479300
2025-12-30 11:44:39.683 [quic-consumer-1767064812291] INFO  c.b.s.p.i.handle.QuicDataProcessor - 收到响应: P2PMessage{senderId=BJfacYs27FRthbjxKaEHrJRbnd8kMyfSRReg7qunstkh, messageId=019b6d5b9f02789a9052b7bb25eef645, requestId=019b6d5b9f017637aff6dd8c8c1c1b39, reqResFlag=1, type=5, length=21, version=1}
2025-12-30 11:44:39.683 [udp-io-thread-1-1] INFO  c.bit.solana.p2p.quic.SendQuicData - 全部样本的平均时间3.0913828975609756E9
2025-12-30 11:44:39.683 [udp-io-thread-1-1] INFO  c.bit.solana.p2p.quic.SendQuicData - 预测1.793002080585366E11
2025-12-30 11:44:39.683 [quic-consumer-1767064812291] INFO  c.b.s.p.i.handle.QuicDataProcessor - 本次批量处理完成，共处理1条消息
2025-12-30 11:44:39.683 [http-nio-18333-exec-8] INFO  com.bit.solana.api.mock.MockApi - 节点回复：我已经收到回复
2025-12-30 11:44:40.576 [http-nio-18333-exec-9] INFO  com.bit.solana.p2p.impl.PeerClient - 节点IDBJfacYs27FRthbjxKaEHrJRbnd8kMyfSRReg7qunstkh
2025-12-30 11:44:40.576 [http-nio-18333-exec-9] INFO  c.bit.solana.p2p.quic.SendQuicData - [开始发送] 连接ID:131602509247545344 数据ID:131603336846639104 总帧数:2
2025-12-30 11:44:40.576 [http-nio-18333-exec-9] INFO  c.bit.solana.p2p.quic.SendQuicData - [重传定时器启动] 连接ID:131602509247545344 数据ID:131603336846639104 首次重传延迟:500ms 后续重传间隔:20ms
2025-12-30 11:44:40.576 [udp-io-thread-1-1] INFO  c.b.solana.p2p.quic.ReceiveQuicData - [初始化数据] 连接ID:131602509247545344 数据ID:131603336846639104 总帧数:2
2025-12-30 11:44:40.576 [udp-io-thread-1-1] INFO  c.b.solana.p2p.quic.ReceiveQuicData - 所有帧接收完成
2025-12-30 11:44:40.576 [udp-io-thread-1-1] INFO  c.b.solana.p2p.quic.ReceiveQuicData - 完整数据长度1480 数据ID131603336846639104
2025-12-30 11:44:40.576 [udp-io-thread-1-1] INFO  c.bit.solana.p2p.quic.SendQuicData - [所有帧通过批量ACK确认] 连接ID:131602509247545344 数据ID:131603336846639104 传输完成
2025-12-30 11:44:40.576 [udp-io-thread-1-1] INFO  c.bit.solana.p2p.quic.SendQuicData - 数据发送完毕
2025-12-30 11:44:40.576 [udp-io-thread-1-1] INFO  c.bit.solana.p2p.quic.SendQuicData - 当前数据耗时936000
2025-12-30 11:44:40.576 [udp-io-thread-1-1] INFO  c.bit.solana.p2p.quic.SendQuicData - 全部样本的平均时间651077.380952381
2025-12-30 11:44:40.576 [udp-io-thread-1-1] INFO  c.bit.solana.p2p.quic.SendQuicData - 预测3.77624880952381E7
2025-12-30 11:44:40.576 [quic-consumer-1767064813326] INFO  c.b.s.p.i.handle.QuicDataProcessor - 收到请求: P2PMessage{senderId=74sDMeR9Hq9aJTniBTPxs4b53NdG647rsspgfUF2EiMF, messageId=019b6d5ba27f7b139368fc15fc984b62, requestId=019b6d5ba27f7b139368fc15fc984b62, reqResFlag=0, type=5, length=1400, version=1}
2025-12-30 11:44:40.578 [quic-consumer-1767064813326] INFO  c.b.s.p2p.protocol.impl.TextHandler - 数据长度1400
2025-12-30 11:44:40.578 [quic-consumer-1767064813326] INFO  c.bit.solana.p2p.quic.SendQuicData - [开始发送] 连接ID:131602509247545344 数据ID:131603336855027712 总帧数:1
2025-12-30 11:44:40.578 [quic-consumer-1767064813326] INFO  c.bit.solana.p2p.quic.SendQuicData - [重传定时器启动] 连接ID:131602509247545344 数据ID:131603336855027712 首次重传延迟:500ms 后续重传间隔:20ms
2025-12-30 11:44:40.578 [quic-consumer-1767064813326] INFO  c.b.s.p.i.handle.QuicDataProcessor - 本次批量处理完成，共处理1条消息
2025-12-30 11:44:40.578 [udp-io-thread-1-1] INFO  c.b.solana.p2p.quic.ReceiveQuicData - [初始化数据] 连接ID:131602509247545344 数据ID:131603336855027712 总帧数:1
2025-12-30 11:44:40.578 [udp-io-thread-1-1] INFO  c.b.solana.p2p.quic.ReceiveQuicData - 所有帧接收完成
2025-12-30 11:44:40.578 [udp-io-thread-1-1] INFO  c.b.solana.p2p.quic.ReceiveQuicData - 完整数据长度101 数据ID131603336855027712
2025-12-30 11:44:40.578 [udp-io-thread-1-1] INFO  c.bit.solana.p2p.quic.SendQuicData - [所有帧通过批量ACK确认] 连接ID:131602509247545344 数据ID:131603336855027712 传输完成
2025-12-30 11:44:40.578 [udp-io-thread-1-1] INFO  c.bit.solana.p2p.quic.SendQuicData - 数据发送完毕
2025-12-30 11:44:40.578 [udp-io-thread-1-1] INFO  c.bit.solana.p2p.quic.SendQuicData - 当前数据耗时592200
2025-12-30 11:44:40.578 [quic-consumer-1767064812291] INFO  c.b.s.p.i.handle.QuicDataProcessor - 收到响应: P2PMessage{senderId=BJfacYs27FRthbjxKaEHrJRbnd8kMyfSRReg7qunstkh, messageId=019b6d5ba2827b41aab1d6e9fe78264a, requestId=019b6d5ba27f7b139368fc15fc984b62, reqResFlag=1, type=5, length=21, version=1}
2025-12-30 11:44:40.578 [quic-consumer-1767064812291] INFO  c.b.s.p.i.handle.QuicDataProcessor - 本次批量处理完成，共处理1条消息
2025-12-30 11:44:40.578 [udp-io-thread-1-1] INFO  c.bit.solana.p2p.quic.SendQuicData - 全部样本的平均时间3.0177881976190476E9
2025-12-30 11:44:40.578 [udp-io-thread-1-1] INFO  c.bit.solana.p2p.quic.SendQuicData - 预测1.7503171546190475E11
2025-12-30 11:44:40.578 [http-nio-18333-exec-9] INFO  com.bit.solana.api.mock.MockApi - 节点回复：我已经收到回复
2025-12-30 11:44:41.383 [http-nio-18333-exec-7] INFO  com.bit.solana.p2p.impl.PeerClient - 节点IDBJfacYs27FRthbjxKaEHrJRbnd8kMyfSRReg7qunstkh
2025-12-30 11:44:41.383 [http-nio-18333-exec-7] INFO  c.bit.solana.p2p.quic.SendQuicData - [开始发送] 连接ID:131602509247545344 数据ID:131603340231442432 总帧数:2
2025-12-30 11:44:41.383 [http-nio-18333-exec-7] INFO  c.bit.solana.p2p.quic.SendQuicData - [重传定时器启动] 连接ID:131602509247545344 数据ID:131603340231442432 首次重传延迟:500ms 后续重传间隔:20ms
2025-12-30 11:44:41.383 [udp-io-thread-1-1] INFO  c.b.solana.p2p.quic.ReceiveQuicData - [初始化数据] 连接ID:131602509247545344 数据ID:131603340231442432 总帧数:2
2025-12-30 11:44:41.384 [udp-io-thread-1-1] INFO  c.b.solana.p2p.quic.ReceiveQuicData - 所有帧接收完成
2025-12-30 11:44:41.384 [udp-io-thread-1-1] INFO  c.b.solana.p2p.quic.ReceiveQuicData - 完整数据长度1480 数据ID131603340231442432
2025-12-30 11:44:41.384 [udp-io-thread-1-1] INFO  c.bit.solana.p2p.quic.SendQuicData - [所有帧通过批量ACK确认] 连接ID:131602509247545344 数据ID:131603340231442432 传输完成
2025-12-30 11:44:41.384 [udp-io-thread-1-1] INFO  c.bit.solana.p2p.quic.SendQuicData - 数据发送完毕
2025-12-30 11:44:41.384 [udp-io-thread-1-1] INFO  c.bit.solana.p2p.quic.SendQuicData - 当前数据耗时748300
2025-12-30 11:44:41.384 [quic-consumer-1767064813326] INFO  c.b.s.p.i.handle.QuicDataProcessor - 收到请求: P2PMessage{senderId=74sDMeR9Hq9aJTniBTPxs4b53NdG647rsspgfUF2EiMF, messageId=019b6d5ba5a777c4bf37fd8bf029ed6b, requestId=019b6d5ba5a777c4bf37fd8bf029ed6b, reqResFlag=0, type=5, length=1400, version=1}
2025-12-30 11:44:41.384 [quic-consumer-1767064813326] INFO  c.b.s.p2p.protocol.impl.TextHandler - 数据长度1400
2025-12-30 11:44:41.384 [udp-io-thread-1-1] INFO  c.bit.solana.p2p.quic.SendQuicData - 全部样本的平均时间647045.3488372093
2025-12-30 11:44:41.384 [udp-io-thread-1-1] INFO  c.bit.solana.p2p.quic.SendQuicData - 预测3.752863023255814E7
2025-12-30 11:44:41.384 [quic-consumer-1767064813326] INFO  c.bit.solana.p2p.quic.SendQuicData - [开始发送] 连接ID:131602509247545344 数据ID:131603340235636736 总帧数:1
2025-12-30 11:44:41.384 [quic-consumer-1767064813326] INFO  c.bit.solana.p2p.quic.SendQuicData - [重传定时器启动] 连接ID:131602509247545344 数据ID:131603340235636736 首次重传延迟:500ms 后续重传间隔:20ms
2025-12-30 11:44:41.384 [quic-consumer-1767064813326] INFO  c.b.s.p.i.handle.QuicDataProcessor - 本次批量处理完成，共处理1条消息
2025-12-30 11:44:41.384 [udp-io-thread-1-1] INFO  c.b.solana.p2p.quic.ReceiveQuicData - [初始化数据] 连接ID:131602509247545344 数据ID:131603340235636736 总帧数:1
2025-12-30 11:44:41.384 [udp-io-thread-1-1] INFO  c.b.solana.p2p.quic.ReceiveQuicData - 所有帧接收完成
2025-12-30 11:44:41.384 [udp-io-thread-1-1] INFO  c.b.solana.p2p.quic.ReceiveQuicData - 完整数据长度101 数据ID131603340235636736
2025-12-30 11:44:41.384 [udp-io-thread-1-1] INFO  c.bit.solana.p2p.quic.SendQuicData - [所有帧通过批量ACK确认] 连接ID:131602509247545344 数据ID:131603340235636736 传输完成
2025-12-30 11:44:41.384 [udp-io-thread-1-1] INFO  c.bit.solana.p2p.quic.SendQuicData - 数据发送完毕
2025-12-30 11:44:41.384 [udp-io-thread-1-1] INFO  c.bit.solana.p2p.quic.SendQuicData - 当前数据耗时333200
2025-12-30 11:44:41.384 [udp-io-thread-1-1] INFO  c.bit.solana.p2p.quic.SendQuicData - 全部样本的平均时间2.9476119604651165E9
2025-12-30 11:44:41.384 [udp-io-thread-1-1] INFO  c.bit.solana.p2p.quic.SendQuicData - 预测1.7096149370697675E11
2025-12-30 11:44:41.384 [quic-consumer-1767064812291] INFO  c.b.s.p.i.handle.QuicDataProcessor - 收到响应: P2PMessage{senderId=BJfacYs27FRthbjxKaEHrJRbnd8kMyfSRReg7qunstkh, messageId=019b6d5ba5a87a39ac697ca362580d96, requestId=019b6d5ba5a777c4bf37fd8bf029ed6b, reqResFlag=1, type=5, length=21, version=1}
2025-12-30 11:44:41.384 [quic-consumer-1767064812291] INFO  c.b.s.p.i.handle.QuicDataProcessor - 本次批量处理完成，共处理1条消息
2025-12-30 11:44:41.384 [http-nio-18333-exec-7] INFO  com.bit.solana.api.mock.MockApi - 节点回复：我已经收到回复
2025-12-30 11:44:42.242 [http-nio-18333-exec-2] INFO  com.bit.solana.p2p.impl.PeerClient - 节点IDBJfacYs27FRthbjxKaEHrJRbnd8kMyfSRReg7qunstkh
2025-12-30 11:44:42.242 [http-nio-18333-exec-2] INFO  c.bit.solana.p2p.quic.SendQuicData - [开始发送] 连接ID:131602509247545344 数据ID:131603343834349568 总帧数:2
2025-12-30 11:44:42.243 [http-nio-18333-exec-2] INFO  c.bit.solana.p2p.quic.SendQuicData - [重传定时器启动] 连接ID:131602509247545344 数据ID:131603343834349568 首次重传延迟:500ms 后续重传间隔:20ms
2025-12-30 11:44:42.243 [udp-io-thread-1-1] INFO  c.b.solana.p2p.quic.ReceiveQuicData - [初始化数据] 连接ID:131602509247545344 数据ID:131603343834349568 总帧数:2
2025-12-30 11:44:42.243 [udp-io-thread-1-1] INFO  c.b.solana.p2p.quic.ReceiveQuicData - 所有帧接收完成
2025-12-30 11:44:42.243 [udp-io-thread-1-1] INFO  c.b.solana.p2p.quic.ReceiveQuicData - 完整数据长度1480 数据ID131603343834349568
2025-12-30 11:44:42.243 [udp-io-thread-1-1] INFO  c.bit.solana.p2p.quic.SendQuicData - [所有帧通过批量ACK确认] 连接ID:131602509247545344 数据ID:131603343834349568 传输完成
2025-12-30 11:44:42.243 [udp-io-thread-1-1] INFO  c.bit.solana.p2p.quic.SendQuicData - 数据发送完毕
2025-12-30 11:44:42.243 [udp-io-thread-1-1] INFO  c.bit.solana.p2p.quic.SendQuicData - 当前数据耗时736300
2025-12-30 11:44:42.243 [udp-io-thread-1-1] INFO  c.bit.solana.p2p.quic.SendQuicData - 全部样本的平均时间644367.0454545454
2025-12-30 11:44:42.243 [udp-io-thread-1-1] INFO  c.bit.solana.p2p.quic.SendQuicData - 预测3.737328863636363E7
2025-12-30 11:44:42.243 [quic-consumer-1767064813326] INFO  c.b.s.p.i.handle.QuicDataProcessor - 收到请求: P2PMessage{senderId=74sDMeR9Hq9aJTniBTPxs4b53NdG647rsspgfUF2EiMF, messageId=019b6d5ba9027d09a3fe4eb368077128, requestId=019b6d5ba9027d09a3fe4eb368077128, reqResFlag=0, type=5, length=1400, version=1}
2025-12-30 11:44:42.243 [quic-consumer-1767064813326] INFO  c.b.s.p2p.protocol.impl.TextHandler - 数据长度1400
2025-12-30 11:44:42.244 [quic-consumer-1767064813326] INFO  c.bit.solana.p2p.quic.SendQuicData - [开始发送] 连接ID:131602509247545344 数据ID:131603343838543872 总帧数:1
2025-12-30 11:44:42.244 [quic-consumer-1767064813326] INFO  c.bit.solana.p2p.quic.SendQuicData - [重传定时器启动] 连接ID:131602509247545344 数据ID:131603343838543872 首次重传延迟:500ms 后续重传间隔:20ms
2025-12-30 11:44:42.244 [quic-consumer-1767064813326] INFO  c.b.s.p.i.handle.QuicDataProcessor - 本次批量处理完成，共处理1条消息
2025-12-30 11:44:42.244 [udp-io-thread-1-1] INFO  c.b.solana.p2p.quic.ReceiveQuicData - [初始化数据] 连接ID:131602509247545344 数据ID:131603343838543872 总帧数:1
2025-12-30 11:44:42.244 [udp-io-thread-1-1] INFO  c.b.solana.p2p.quic.ReceiveQuicData - 所有帧接收完成
2025-12-30 11:44:42.244 [udp-io-thread-1-1] INFO  c.b.solana.p2p.quic.ReceiveQuicData - 完整数据长度101 数据ID131603343838543872
2025-12-30 11:44:42.244 [udp-io-thread-1-1] INFO  c.bit.solana.p2p.quic.SendQuicData - [所有帧通过批量ACK确认] 连接ID:131602509247545344 数据ID:131603343838543872 传输完成
2025-12-30 11:44:42.244 [udp-io-thread-1-1] INFO  c.bit.solana.p2p.quic.SendQuicData - 数据发送完毕
2025-12-30 11:44:42.244 [udp-io-thread-1-1] INFO  c.bit.solana.p2p.quic.SendQuicData - 当前数据耗时349100
2025-12-30 11:44:42.244 [udp-io-thread-1-1] INFO  c.bit.solana.p2p.quic.SendQuicData - 全部样本的平均时间2.8806256477272725E9
2025-12-30 11:44:42.244 [udp-io-thread-1-1] INFO  c.bit.solana.p2p.quic.SendQuicData - 预测1.670762875681818E11
2025-12-30 11:44:42.244 [quic-consumer-1767064812291] INFO  c.b.s.p.i.handle.QuicDataProcessor - 收到响应: P2PMessage{senderId=BJfacYs27FRthbjxKaEHrJRbnd8kMyfSRReg7qunstkh, messageId=019b6d5ba903773b9f58ca541a34b85f, requestId=019b6d5ba9027d09a3fe4eb368077128, reqResFlag=1, type=5, length=21, version=1}
2025-12-30 11:44:42.244 [quic-consumer-1767064812291] INFO  c.b.s.p.i.handle.QuicDataProcessor - 本次批量处理完成，共处理1条消息
2025-12-30 11:44:42.244 [http-nio-18333-exec-2] INFO  com.bit.solana.api.mock.MockApi - 节点回复：我已经收到回复
2025-12-30 11:44:43.201 [http-nio-18333-exec-1] INFO  com.bit.solana.p2p.impl.PeerClient - 节点IDBJfacYs27FRthbjxKaEHrJRbnd8kMyfSRReg7qunstkh
2025-12-30 11:44:43.201 [http-nio-18333-exec-1] INFO  c.bit.solana.p2p.quic.SendQuicData - [开始发送] 连接ID:131602509247545344 数据ID:131603347856687104 总帧数:2
2025-12-30 11:44:43.201 [http-nio-18333-exec-1] INFO  c.bit.solana.p2p.quic.SendQuicData - [重传定时器启动] 连接ID:131602509247545344 数据ID:131603347856687104 首次重传延迟:500ms 后续重传间隔:20ms
2025-12-30 11:44:43.202 [udp-io-thread-1-1] INFO  c.b.solana.p2p.quic.ReceiveQuicData - [初始化数据] 连接ID:131602509247545344 数据ID:131603347856687104 总帧数:2
2025-12-30 11:44:43.202 [udp-io-thread-1-1] INFO  c.b.solana.p2p.quic.ReceiveQuicData - 所有帧接收完成
2025-12-30 11:44:43.202 [udp-io-thread-1-1] INFO  c.b.solana.p2p.quic.ReceiveQuicData - 完整数据长度1480 数据ID131603347856687104
2025-12-30 11:44:43.202 [udp-io-thread-1-1] INFO  c.bit.solana.p2p.quic.SendQuicData - [所有帧通过批量ACK确认] 连接ID:131602509247545344 数据ID:131603347856687104 传输完成
2025-12-30 11:44:43.202 [udp-io-thread-1-1] INFO  c.bit.solana.p2p.quic.SendQuicData - 数据发送完毕
2025-12-30 11:44:43.202 [udp-io-thread-1-1] INFO  c.bit.solana.p2p.quic.SendQuicData - 当前数据耗时748600
2025-12-30 11:44:43.202 [udp-io-thread-1-1] INFO  c.bit.solana.p2p.quic.SendQuicData - 全部样本的平均时间643721.1111111111
2025-12-30 11:44:43.202 [udp-io-thread-1-1] INFO  c.bit.solana.p2p.quic.SendQuicData - 预测3.733582444444445E7
2025-12-30 11:44:43.202 [quic-consumer-1767064813326] INFO  c.b.s.p.i.handle.QuicDataProcessor - 收到请求: P2PMessage{senderId=74sDMeR9Hq9aJTniBTPxs4b53NdG647rsspgfUF2EiMF, messageId=019b6d5bacc17933a3566dd2cb93bac8, requestId=019b6d5bacc17933a3566dd2cb93bac8, reqResFlag=0, type=5, length=1400, version=1}
2025-12-30 11:44:43.202 [quic-consumer-1767064813326] INFO  c.b.s.p2p.protocol.impl.TextHandler - 数据长度1400
2025-12-30 11:44:43.202 [quic-consumer-1767064813326] INFO  c.bit.solana.p2p.quic.SendQuicData - [开始发送] 连接ID:131602509247545344 数据ID:131603347860881408 总帧数:1
2025-12-30 11:44:43.202 [quic-consumer-1767064813326] INFO  c.bit.solana.p2p.quic.SendQuicData - [重传定时器启动] 连接ID:131602509247545344 数据ID:131603347860881408 首次重传延迟:500ms 后续重传间隔:20ms
2025-12-30 11:44:43.202 [quic-consumer-1767064813326] INFO  c.b.s.p.i.handle.QuicDataProcessor - 本次批量处理完成，共处理1条消息
2025-12-30 11:44:43.202 [udp-io-thread-1-1] INFO  c.b.solana.p2p.quic.ReceiveQuicData - [初始化数据] 连接ID:131602509247545344 数据ID:131603347860881408 总帧数:1
2025-12-30 11:44:43.203 [udp-io-thread-1-1] INFO  c.b.solana.p2p.quic.ReceiveQuicData - 所有帧接收完成
2025-12-30 11:44:43.203 [udp-io-thread-1-1] INFO  c.b.solana.p2p.quic.ReceiveQuicData - 完整数据长度101 数据ID131603347860881408
2025-12-30 11:44:43.203 [udp-io-thread-1-1] INFO  c.bit.solana.p2p.quic.SendQuicData - [所有帧通过批量ACK确认] 连接ID:131602509247545344 数据ID:131603347860881408 传输完成
2025-12-30 11:44:43.203 [udp-io-thread-1-1] INFO  c.bit.solana.p2p.quic.SendQuicData - 数据发送完毕
2025-12-30 11:44:43.203 [udp-io-thread-1-1] INFO  c.bit.solana.p2p.quic.SendQuicData - 当前数据耗时413400
2025-12-30 11:44:43.203 [udp-io-thread-1-1] INFO  c.bit.solana.p2p.quic.SendQuicData - 全部样本的平均时间2.816617228888889E9
2025-12-30 11:44:43.203 [udp-io-thread-1-1] INFO  c.bit.solana.p2p.quic.SendQuicData - 预测1.6336379927555554E11
2025-12-30 11:44:43.203 [quic-consumer-1767064812291] INFO  c.b.s.p.i.handle.QuicDataProcessor - 收到响应: P2PMessage{senderId=BJfacYs27FRthbjxKaEHrJRbnd8kMyfSRReg7qunstkh, messageId=019b6d5bacc2777ca78fc20bb495e13d, requestId=019b6d5bacc17933a3566dd2cb93bac8, reqResFlag=1, type=5, length=21, version=1}
2025-12-30 11:44:43.203 [quic-consumer-1767064812291] INFO  c.b.s.p.i.handle.QuicDataProcessor - 本次批量处理完成，共处理1条消息
2025-12-30 11:44:43.203 [http-nio-18333-exec-1] INFO  com.bit.solana.api.mock.MockApi - 节点回复：我已经收到回复
2025-12-30 11:44:46.048 [http-nio-18333-exec-3] INFO  com.bit.solana.p2p.impl.PeerClient - 节点IDBJfacYs27FRthbjxKaEHrJRbnd8kMyfSRReg7qunstkh
2025-12-30 11:44:46.049 [http-nio-18333-exec-3] INFO  c.bit.solana.p2p.quic.SendQuicData - [开始发送] 连接ID:131602509247545344 数据ID:131603359802064896 总帧数:2
2025-12-30 11:44:46.049 [http-nio-18333-exec-3] INFO  c.bit.solana.p2p.quic.SendQuicData - [重传定时器启动] 连接ID:131602509247545344 数据ID:131603359802064896 首次重传延迟:500ms 后续重传间隔:20ms
2025-12-30 11:44:46.049 [udp-io-thread-1-1] INFO  c.b.solana.p2p.quic.ReceiveQuicData - [初始化数据] 连接ID:131602509247545344 数据ID:131603359802064896 总帧数:2
2025-12-30 11:44:46.049 [udp-io-thread-1-1] INFO  c.b.solana.p2p.quic.ReceiveQuicData - 所有帧接收完成
2025-12-30 11:44:46.049 [udp-io-thread-1-1] INFO  c.b.solana.p2p.quic.ReceiveQuicData - 完整数据长度1480 数据ID131603359802064896
2025-12-30 11:44:46.049 [udp-io-thread-1-1] INFO  c.bit.solana.p2p.quic.SendQuicData - [所有帧通过批量ACK确认] 连接ID:131602509247545344 数据ID:131603359802064896 传输完成
2025-12-30 11:44:46.049 [udp-io-thread-1-1] INFO  c.bit.solana.p2p.quic.SendQuicData - 数据发送完毕
2025-12-30 11:44:46.049 [udp-io-thread-1-1] INFO  c.bit.solana.p2p.quic.SendQuicData - 当前数据耗时567600
2025-12-30 11:44:46.049 [udp-io-thread-1-1] INFO  c.bit.solana.p2p.quic.SendQuicData - 全部样本的平均时间638402.1739130435
2025-12-30 11:44:46.049 [udp-io-thread-1-1] INFO  c.bit.solana.p2p.quic.SendQuicData - 预测3.702732608695652E7
2025-12-30 11:44:46.049 [quic-consumer-1767064813326] INFO  c.b.s.p.i.handle.QuicDataProcessor - 收到请求: P2PMessage{senderId=74sDMeR9Hq9aJTniBTPxs4b53NdG647rsspgfUF2EiMF, messageId=019b6d5bb7e0739c94f6d8e93b7b7a86, requestId=019b6d5bb7e0739c94f6d8e93b7b7a86, reqResFlag=0, type=5, length=1400, version=1}
2025-12-30 11:44:46.049 [quic-consumer-1767064813326] INFO  c.b.s.p2p.protocol.impl.TextHandler - 数据长度1400
2025-12-30 11:44:46.050 [quic-consumer-1767064813326] INFO  c.bit.solana.p2p.quic.SendQuicData - [开始发送] 连接ID:131602509247545344 数据ID:131603359806259200 总帧数:1
2025-12-30 11:44:46.050 [quic-consumer-1767064813326] INFO  c.bit.solana.p2p.quic.SendQuicData - [重传定时器启动] 连接ID:131602509247545344 数据ID:131603359806259200 首次重传延迟:500ms 后续重传间隔:20ms
2025-12-30 11:44:46.050 [quic-consumer-1767064813326] INFO  c.b.s.p.i.handle.QuicDataProcessor - 本次批量处理完成，共处理1条消息
2025-12-30 11:44:46.050 [udp-io-thread-1-1] INFO  c.b.solana.p2p.quic.ReceiveQuicData - [初始化数据] 连接ID:131602509247545344 数据ID:131603359806259200 总帧数:1
2025-12-30 11:44:46.050 [udp-io-thread-1-1] INFO  c.b.solana.p2p.quic.ReceiveQuicData - 所有帧接收完成
2025-12-30 11:44:46.050 [udp-io-thread-1-1] INFO  c.b.solana.p2p.quic.ReceiveQuicData - 完整数据长度101 数据ID131603359806259200
2025-12-30 11:44:46.050 [udp-io-thread-1-1] INFO  c.bit.solana.p2p.quic.SendQuicData - [所有帧通过批量ACK确认] 连接ID:131602509247545344 数据ID:131603359806259200 传输完成
2025-12-30 11:44:46.050 [udp-io-thread-1-1] INFO  c.bit.solana.p2p.quic.SendQuicData - 数据发送完毕
2025-12-30 11:44:46.050 [udp-io-thread-1-1] INFO  c.bit.solana.p2p.quic.SendQuicData - 当前数据耗时350600
2025-12-30 11:44:46.050 [udp-io-thread-1-1] INFO  c.bit.solana.p2p.quic.SendQuicData - 全部样本的平均时间2.755391754347826E9
2025-12-30 11:44:46.050 [udp-io-thread-1-1] INFO  c.bit.solana.p2p.quic.SendQuicData - 预测1.5981272175217392E11
2025-12-30 11:44:46.050 [quic-consumer-1767064812291] INFO  c.b.s.p.i.handle.QuicDataProcessor - 收到响应: P2PMessage{senderId=BJfacYs27FRthbjxKaEHrJRbnd8kMyfSRReg7qunstkh, messageId=019b6d5bb7e17d51bf50c20e7f08927d, requestId=019b6d5bb7e0739c94f6d8e93b7b7a86, reqResFlag=1, type=5, length=21, version=1}
2025-12-30 11:44:46.050 [quic-consumer-1767064812291] INFO  c.b.s.p.i.handle.QuicDataProcessor - 本次批量处理完成，共处理1条消息
2025-12-30 11:44:46.050 [http-nio-18333-exec-3] INFO  com.bit.solana.api.mock.MockApi - 节点回复：我已经收到回复
2025-12-30 11:50:15.889 [SpringApplicationShutdownHook] INFO  o.s.b.w.e.tomcat.GracefulShutdown - Commencing graceful shutdown. Waiting for active requests to complete
2025-12-30 11:50:15.891 [SpringApplicationShutdownHook] INFO  o.s.b.w.e.tomcat.GracefulShutdown - Commencing graceful shutdown. Waiting for active requests to complete
2025-12-30 11:50:15.893 [tomcat-shutdown] INFO  o.s.b.w.e.tomcat.GracefulShutdown - Graceful shutdown complete
2025-12-30 11:50:15.894 [tomcat-shutdown] INFO  o.s.b.w.e.tomcat.GracefulShutdown - Graceful shutdown complete
2025-12-30 11:50:15.894 [SpringApplicationShutdownHook] INFO  c.b.s.p.i.handle.QuicDataProcessor - 开始关闭Quic消费线程池
2025-12-30 11:50:15.897 [SpringApplicationShutdownHook] INFO  c.b.s.p.i.handle.QuicDataProcessor - 开始关闭Quic消费线程池
2025-12-30 11:50:15.915 [Thread-1] INFO  c.b.solana.database.rocksDb.RocksDb - RocksDB连接已关闭
2025-12-30 11:50:15.915 [Thread-1] INFO  c.b.solana.database.rocksDb.RocksDb - RocksDB连接已关闭
2025-12-30 11:50:20.900 [SpringApplicationShutdownHook] WARN  c.b.s.p.i.handle.QuicDataProcessor - 线程池关闭超时，强制终止剩余任务
2025-12-30 11:50:20.900 [SpringApplicationShutdownHook] WARN  c.b.s.p.i.handle.QuicDataProcessor - 线程池关闭超时，强制终止剩余任务
2025-12-30 11:50:20.900 [SpringApplicationShutdownHook] INFO  c.b.s.p.i.handle.QuicDataProcessor - Quic消费线程池已关闭
2025-12-30 11:50:20.900 [quic-consumer-1767064813326] INFO  c.b.s.p.i.handle.QuicDataProcessor - 消费线程被中断，准备退出
2025-12-30 11:50:20.900 [SpringApplicationShutdownHook] INFO  c.b.s.p.i.handle.QuicDataProcessor - Quic消费线程池已关闭
2025-12-30 11:50:20.900 [quic-consumer-1767064812291] INFO  c.b.s.p.i.handle.QuicDataProcessor - 消费线程被中断，准备退出
2025-12-30 11:50:20.901 [SpringApplicationShutdownHook] WARN  o.s.c.a.CommonAnnotationBeanPostProcessor - Destroy method on bean with name 'blockProducer' threw an exception: java.lang.NullPointerException: Cannot invoke "java.util.concurrent.ScheduledExecutorService.shutdown()" because "this.blockScheduler" is null
2025-12-30 11:50:20.901 [SpringApplicationShutdownHook] WARN  o.s.c.a.CommonAnnotationBeanPostProcessor - Destroy method on bean with name 'blockProducer' threw an exception: java.lang.NullPointerException: Cannot invoke "java.util.concurrent.ScheduledExecutorService.shutdown()" because "this.blockScheduler" is null
2025-12-30 11:50:20.903 [SpringApplicationShutdownHook] INFO  com.bit.solana.config.CommonConfig - 关闭全局调度器
2025-12-30 11:50:20.903 [SpringApplicationShutdownHook] INFO  c.bit.solana.txpool.impl.TxPoolImpl - 开始关闭交易池...
2025-12-30 11:50:20.903 [SpringApplicationShutdownHook] INFO  c.bit.solana.txpool.impl.TxPoolImpl - 交易池已关闭
2025-12-30 11:50:20.903 [SpringApplicationShutdownHook] INFO  com.bit.solana.config.CommonConfig - 关闭全局调度器
2025-12-30 11:50:20.903 [SpringApplicationShutdownHook] INFO  c.b.s.txpool.impl.SubmitPoolImpl - Expired transaction cleanup scheduler shutdown
2025-12-30 11:50:20.904 [SpringApplicationShutdownHook] INFO  c.bit.solana.txpool.impl.TxPoolImpl - 开始关闭交易池...
2025-12-30 11:50:20.904 [SpringApplicationShutdownHook] INFO  c.bit.solana.txpool.impl.TxPoolImpl - 交易池已关闭
2025-12-30 11:50:20.904 [SpringApplicationShutdownHook] INFO  c.b.s.txpool.impl.SubmitPoolImpl - Expired transaction cleanup scheduler shutdown
2025-12-30 11:50:25.181 [main] INFO  com.bit.solana.SolanaApplication - Starting SolanaApplication v1.0.0 using Java 21.0.1 with PID 27464 (F:\workSpace2026\blockchain\solana_java\target\classes started by hcg in F:\workSpace2026\blockchain\solana_java)
2025-12-30 11:50:25.182 [main] INFO  com.bit.solana.SolanaApplication - The following 1 profile is active: "prod"
2025-12-30 11:50:26.117 [main] INFO  o.s.b.w.e.tomcat.TomcatWebServer - Tomcat initialized with port 18333 (http)
2025-12-30 11:50:26.127 [main] INFO  o.a.coyote.http11.Http11NioProtocol - Initializing ProtocolHandler ["http-nio-18333"]
2025-12-30 11:50:26.128 [main] INFO  o.a.catalina.core.StandardService - Starting service [Tomcat]
2025-12-30 11:50:26.128 [main] INFO  o.a.catalina.core.StandardEngine - Starting Servlet engine: [Apache Tomcat/10.1.48]
2025-12-30 11:50:26.169 [main] INFO  o.a.c.c.C.[Tomcat].[localhost].[/] - Initializing Spring embedded WebApplicationContext
2025-12-30 11:50:26.170 [main] INFO  o.s.b.w.s.c.ServletWebServerApplicationContext - Root WebApplicationContext: initialization completed in 935 ms
2025-12-30 11:50:26.270 [main] INFO  c.b.s.txpool.impl.SubmitPoolImpl - SubmitPool initialized with 32 shards, max capacity: 1048576 txs, max size: 1073741824 bytes
2025-12-30 11:50:26.276 [main] INFO  c.b.s.txpool.impl.SubmitPoolImpl - Expired transaction cleanup scheduler initialized, interval: 400ms
2025-12-30 11:50:26.290 [main] INFO  com.bit.solana.config.SystemConfig - 端口8333
2025-12-30 11:50:26.291 [main] INFO  com.bit.solana.config.SystemConfig - 系统数据路径:/solana/proddb
2025-12-30 11:50:26.395 [main] INFO  c.bit.solana.database.rocksDb.RTable - RTable静态初始化完成，加载列族数量：4
2025-12-30 11:50:26.587 [main] INFO  c.b.solana.database.rocksDb.RocksDb - RocksDB创建成功，路径: /solana/proddb，列族总数: 5
2025-12-30 11:50:26.615 [main] INFO  com.bit.solana.config.CommonConfig - 本地节点初始化完成，ID: 74sDMeR9Hq9aJTniBTPxs4b53NdG647rsspgfUF2EiMF, 监听端口: 8333
2025-12-30 11:50:26.615 [main] INFO  com.bit.solana.config.CommonConfig - Base58.encode(selfNodeId)44
2025-12-30 11:50:26.751 [main] INFO  c.b.solana.p2p.impl.PeerServiceImpl - QUIC服务器已启动，监听端口：8333
2025-12-30 11:50:26.753 [main] INFO  c.b.s.p2p.protocol.ProtocolRegistry - 注册有返回值协议处理器：/networkHandshake/1.0.0
2025-12-30 11:50:26.753 [main] INFO  c.b.s.p2p.protocol.ProtocolRegistry - 注册有返回值协议处理器：/ping/1.0.0
2025-12-30 11:50:26.753 [main] INFO  c.b.s.p2p.protocol.ProtocolRegistry - 注册有返回值协议处理器：/text/1.0.0
2025-12-30 11:50:26.888 [main] INFO  com.bit.solana.SolanaApplication - Starting SolanaApplication v1.0.0 using Java 21.0.1 with PID 31244 (F:\workSpace2026\blockchain\solana_java\target\classes started by hcg in F:\workSpace2026\blockchain\solana_java)
2025-12-30 11:50:26.889 [main] INFO  com.bit.solana.SolanaApplication - The following 1 profile is active: "dev"
2025-12-30 11:50:26.965 [main] INFO  c.b.s.p.i.handle.QuicDataProcessor - Quic批量消费线程池初始化完成
2025-12-30 11:50:27.409 [main] INFO  o.a.coyote.http11.Http11NioProtocol - Starting ProtocolHandler ["http-nio-18333"]
2025-12-30 11:50:27.418 [main] INFO  o.s.b.w.e.tomcat.TomcatWebServer - Tomcat started on port 18333 (http) with context path '/'
2025-12-30 11:50:27.421 [main] INFO  c.b.s.rpc.RpcServiceAutoRegister - 开始自动扫描并注册RPC服务...
2025-12-30 11:50:27.531 [main] WARN  c.bit.solana.rpc.RpcServiceRegistry - 没有需要注册的RPC服务
2025-12-30 11:50:27.531 [main] INFO  c.b.s.rpc.RpcServiceAutoRegister - RPC服务自动注册完成 | 总数量: 0 | 已注册列表: []
2025-12-30 11:50:27.531 [main] INFO  com.bit.solana.SolanaApplication - Started SolanaApplication in 2.797 seconds (process running for 3.31)
2025-12-30 11:50:27.639 [main] INFO  org.bitcoinj.crypto.MnemonicCode - PBKDF2 took 30.57 ms
2025-12-30 11:50:27.654 [main] INFO  com.bit.solana.SolanaApplication - 预热耗时121ms
2025-12-30 11:50:27.662 [main] INFO  o.s.b.w.e.tomcat.TomcatWebServer - Tomcat initialized with port 18884 (http)
2025-12-30 11:50:27.672 [main] INFO  o.a.coyote.http11.Http11NioProtocol - Initializing ProtocolHandler ["http-nio-18884"]
2025-12-30 11:50:27.673 [main] INFO  o.a.catalina.core.StandardService - Starting service [Tomcat]
2025-12-30 11:50:27.673 [main] INFO  o.a.catalina.core.StandardEngine - Starting Servlet engine: [Apache Tomcat/10.1.48]
2025-12-30 11:50:27.708 [main] INFO  o.a.c.c.C.[Tomcat].[localhost].[/] - Initializing Spring embedded WebApplicationContext
2025-12-30 11:50:27.708 [main] INFO  o.s.b.w.s.c.ServletWebServerApplicationContext - Root WebApplicationContext: initialization completed in 792 ms
2025-12-30 11:50:27.780 [main] INFO  c.b.s.txpool.impl.SubmitPoolImpl - SubmitPool initialized with 32 shards, max capacity: 1048576 txs, max size: 1073741824 bytes
2025-12-30 11:50:27.782 [main] INFO  c.b.s.txpool.impl.SubmitPoolImpl - Expired transaction cleanup scheduler initialized, interval: 400ms
2025-12-30 11:50:27.794 [main] INFO  com.bit.solana.config.SystemConfig - 端口8334
2025-12-30 11:50:27.795 [main] INFO  com.bit.solana.config.SystemConfig - 系统数据路径:/solana/devdb
2025-12-30 11:50:27.871 [main] INFO  c.bit.solana.database.rocksDb.RTable - RTable静态初始化完成，加载列族数量：4
2025-12-30 11:50:28.000 [main] INFO  c.b.solana.database.rocksDb.RocksDb - RocksDB创建成功，路径: /solana/devdb，列族总数: 5
2025-12-30 11:50:28.026 [main] INFO  com.bit.solana.config.CommonConfig - 本地节点初始化完成，ID: BJfacYs27FRthbjxKaEHrJRbnd8kMyfSRReg7qunstkh, 监听端口: 8334
2025-12-30 11:50:28.027 [main] INFO  com.bit.solana.config.CommonConfig - Base58.encode(selfNodeId)44
2025-12-30 11:50:28.143 [main] INFO  c.b.solana.p2p.impl.PeerServiceImpl - QUIC服务器已启动，监听端口：8334
2025-12-30 11:50:28.145 [main] INFO  c.b.s.p2p.protocol.ProtocolRegistry - 注册有返回值协议处理器：/networkHandshake/1.0.0
2025-12-30 11:50:28.145 [main] INFO  c.b.s.p2p.protocol.ProtocolRegistry - 注册有返回值协议处理器：/ping/1.0.0
2025-12-30 11:50:28.145 [main] INFO  c.b.s.p2p.protocol.ProtocolRegistry - 注册有返回值协议处理器：/text/1.0.0
2025-12-30 11:50:28.362 [main] INFO  c.b.s.p.i.handle.QuicDataProcessor - Quic批量消费线程池初始化完成
2025-12-30 11:50:28.777 [main] INFO  o.a.coyote.http11.Http11NioProtocol - Starting ProtocolHandler ["http-nio-18884"]
2025-12-30 11:50:28.856 [main] INFO  o.s.b.w.e.tomcat.TomcatWebServer - Tomcat started on port 18884 (http) with context path '/'
2025-12-30 11:50:28.859 [main] INFO  c.b.s.rpc.RpcServiceAutoRegister - 开始自动扫描并注册RPC服务...
2025-12-30 11:50:28.963 [main] WARN  c.bit.solana.rpc.RpcServiceRegistry - 没有需要注册的RPC服务
2025-12-30 11:50:28.963 [main] INFO  c.b.s.rpc.RpcServiceAutoRegister - RPC服务自动注册完成 | 总数量: 0 | 已注册列表: []
2025-12-30 11:50:28.963 [main] INFO  com.bit.solana.SolanaApplication - Started SolanaApplication in 2.505 seconds (process running for 3.079)
2025-12-30 11:50:29.104 [main] INFO  org.bitcoinj.crypto.MnemonicCode - PBKDF2 took 27.92 ms
2025-12-30 11:50:29.129 [main] INFO  com.bit.solana.SolanaApplication - 预热耗时164ms
2025-12-30 11:50:33.969 [http-nio-18333-exec-2] INFO  o.a.c.c.C.[Tomcat].[localhost].[/] - Initializing Spring DispatcherServlet 'dispatcherServlet'
2025-12-30 11:50:33.969 [http-nio-18333-exec-2] INFO  o.s.web.servlet.DispatcherServlet - Initializing Servlet 'dispatcherServlet'
2025-12-30 11:50:33.970 [http-nio-18333-exec-2] INFO  o.s.web.servlet.DispatcherServlet - Completed initialization in 1 ms
2025-12-30 11:50:33.994 [http-nio-18333-exec-2] INFO  c.b.s.p2p.quic.QuicConnectionManager - 节点IDBJfacYs27FRthbjxKaEHrJRbnd8kMyfSRReg7qunstkh
2025-12-30 11:50:33.998 [http-nio-18333-exec-2] INFO  c.b.s.p2p.quic.QuicConnectionManager - 握手长度！68
2025-12-30 11:50:34.027 [udp-io-thread-1-1] INFO  c.bit.solana.p2p.quic.QuicConnection - 入站连接过期检查任务启动，连接ID:131604819189170176，检查间隔:2000ms，过期阈值:2000ms
2025-12-30 11:50:34.027 [udp-io-thread-1-1] INFO  c.b.s.p2p.quic.QuicConnectionManager - [连接添加] 连接ID:131604819189170176
2025-12-30 11:50:34.030 [udp-io-thread-1-1] INFO  c.bit.solana.p2p.quic.QuicConnection - 共享加密密钥对sharedSecret: c8754724d6b90b7faa6956dae78ad6003d02aca9a62c11d4e1e63884ecba2871
2025-12-30 11:50:34.032 [udp-io-thread-1-1] INFO  c.bit.solana.p2p.quic.QuicConnection - [连接响应发送成功] 节点ID:131604819189170176
2025-12-30 11:50:34.038 [udp-io-thread-1-1] INFO  c.bit.solana.p2p.quic.QuicConnection - 入站连接过期检查任务启动，连接ID:131604819189170176，检查间隔:2000ms，过期阈值:2000ms
2025-12-30 11:50:34.038 [udp-io-thread-1-1] INFO  c.b.s.p2p.quic.QuicConnectionManager - [连接添加] 连接ID:131604819189170176
2025-12-30 11:50:34.038 [udp-io-thread-1-1] INFO  c.bit.solana.p2p.quic.QuicConnection - 处理连接响应QuicFrame(connectionId=131604819189170176, dataId=131604819189170177, total=1, frameType=8, sequence=0, frameTotalLength=97, payload=[26, 32, -103, 27, 93, 114, -18, 34, -9, 29, 53, 54, 12, -37, 119, 125, -108, -5, -98, 67, -14, -72, 104, 106, -125, -70, -22, -68, 76, 25, 40, -94, -104, 50, 58, 32, -68, 21, -23, -117, 97, 120, -46, -65, -77, 92, -66, 60, -81, 31, 119, -25, -41, -26, 108, 50, 72, 40, -127, 95, -128, 47, 40, -57, 62, 92, 93, 39], remoteAddress=/127.0.0.1:8334, time=0, handle=io.netty.util.Recycler$DefaultHandle@7db10463)
2025-12-30 11:50:34.044 [http-nio-18333-exec-2] INFO  c.b.s.p2p.quic.QuicConnectionManager - 响应帧QuicFrame(connectionId=131604819189170176, dataId=131604819189170177, total=1, frameType=8, sequence=0, frameTotalLength=97, payload=[26, 32, -103, 27, 93, 114, -18, 34, -9, 29, 53, 54, 12, -37, 119, 125, -108, -5, -98, 67, -14, -72, 104, 106, -125, -70, -22, -68, 76, 25, 40, -94, -104, 50, 58, 32, -68, 21, -23, -117, 97, 120, -46, -65, -77, 92, -66, 60, -81, 31, 119, -25, -41, -26, 108, 50, 72, 40, -127, 95, -128, 47, 40, -57, 62, 92, 93, 39], remoteAddress=/127.0.0.1:8334, time=0, handle=io.netty.util.Recycler$DefaultHandle@7db10463)
2025-12-30 11:50:34.045 [http-nio-18333-exec-2] INFO  c.b.s.p2p.quic.QuicConnectionManager - 生成助记词耗时1ms
2025-12-30 11:50:34.046 [http-nio-18333-exec-2] INFO  c.b.s.p2p.quic.QuicConnectionManager - 协商共享密钥是:c8754724d6b90b7faa6956dae78ad6003d02aca9a62c11d4e1e63884ecba2871
2025-12-30 11:50:34.046 [http-nio-18333-exec-2] INFO  c.bit.solana.p2p.quic.QuicConnection - 连接任务已停止，连接ID:131604819189170176（出站:false）
2025-12-30 11:50:34.046 [http-nio-18333-exec-2] INFO  c.bit.solana.p2p.quic.QuicConnection - 出站连接心跳任务启动，连接ID:131604819189170176，心跳间隔:500ms，过期阈值:2000ms
2025-12-30 11:50:34.046 [http-nio-18333-exec-2] INFO  c.b.s.p2p.quic.QuicConnectionManager - [连接添加] 连接ID:131604819189170176
2025-12-30 11:50:36.416 [http-nio-18333-exec-10] INFO  com.bit.solana.p2p.impl.PeerClient - 节点IDBJfacYs27FRthbjxKaEHrJRbnd8kMyfSRReg7qunstkh
2025-12-30 11:50:36.417 [http-nio-18333-exec-10] INFO  c.bit.solana.p2p.quic.SendQuicData - [开始发送] 连接ID:131604819189170176 数据ID:131604829347774464 总帧数:2
2025-12-30 11:50:36.422 [udp-io-thread-1-1] INFO  c.b.solana.p2p.quic.ReceiveQuicData - [初始化数据] 连接ID:131604819189170176 数据ID:131604829347774464 总帧数:2
2025-12-30 11:50:36.423 [http-nio-18333-exec-10] INFO  c.bit.solana.p2p.quic.SendQuicData - [重传定时器启动] 连接ID:131604819189170176 数据ID:131604829347774464 首次重传延迟:500ms 后续重传间隔:20ms
2025-12-30 11:50:36.423 [udp-io-thread-1-1] INFO  c.b.solana.p2p.quic.ReceiveQuicData - 所有帧接收完成
2025-12-30 11:50:36.423 [udp-io-thread-1-1] INFO  c.b.solana.p2p.quic.ReceiveQuicData - 完整数据长度1480 数据ID131604829347774464
2025-12-30 11:50:36.424 [udp-io-thread-1-1] INFO  c.bit.solana.p2p.quic.SendQuicData - [所有帧通过批量ACK确认] 连接ID:131604819189170176 数据ID:131604829347774464 传输完成
2025-12-30 11:50:36.424 [udp-io-thread-1-1] INFO  c.bit.solana.p2p.quic.SendQuicData - 数据发送完毕
2025-12-30 11:50:36.424 [udp-io-thread-1-1] INFO  c.bit.solana.p2p.quic.SendQuicData - 当前数据耗时1145900
2025-12-30 11:50:36.424 [udp-io-thread-1-1] INFO  c.bit.solana.p2p.quic.SendQuicData - 平均每帧耗时924200.0
2025-12-30 11:50:36.425 [quic-consumer-1767066628362] INFO  c.b.s.p.i.handle.QuicDataProcessor - 收到请求: P2PMessage{senderId=74sDMeR9Hq9aJTniBTPxs4b53NdG647rsspgfUF2EiMF, messageId=019b6d61107d7e06aeb3a002979403d1, requestId=019b6d61107d7e06aeb3a002979403d1, reqResFlag=0, type=5, length=1400, version=1}
2025-12-30 11:50:36.428 [quic-consumer-1767066628362] INFO  c.b.s.p2p.protocol.impl.TextHandler - 数据长度1400
2025-12-30 11:50:36.431 [quic-consumer-1767066628362] INFO  c.bit.solana.p2p.quic.SendQuicData - [开始发送] 连接ID:131604819189170176 数据ID:131604829406494720 总帧数:1
2025-12-30 11:50:36.436 [quic-consumer-1767066628362] INFO  c.bit.solana.p2p.quic.SendQuicData - [重传定时器启动] 连接ID:131604819189170176 数据ID:131604829406494720 首次重传延迟:500ms 后续重传间隔:20ms
2025-12-30 11:50:36.436 [quic-consumer-1767066628362] INFO  c.b.s.p.i.handle.QuicDataProcessor - 本次批量处理完成，共处理1条消息
2025-12-30 11:50:36.436 [udp-io-thread-1-1] INFO  c.b.solana.p2p.quic.ReceiveQuicData - [初始化数据] 连接ID:131604819189170176 数据ID:131604829406494720 总帧数:1
2025-12-30 11:50:36.437 [udp-io-thread-1-1] INFO  c.b.solana.p2p.quic.ReceiveQuicData - 所有帧接收完成
2025-12-30 11:50:36.437 [udp-io-thread-1-1] INFO  c.b.solana.p2p.quic.ReceiveQuicData - 完整数据长度101 数据ID131604829406494720
2025-12-30 11:50:36.437 [udp-io-thread-1-1] INFO  c.bit.solana.p2p.quic.SendQuicData - [所有帧通过批量ACK确认] 连接ID:131604819189170176 数据ID:131604829406494720 传输完成
2025-12-30 11:50:36.437 [udp-io-thread-1-1] INFO  c.bit.solana.p2p.quic.SendQuicData - 数据发送完毕
2025-12-30 11:50:36.437 [udp-io-thread-1-1] INFO  c.bit.solana.p2p.quic.SendQuicData - 当前数据耗时1894100
2025-12-30 11:50:36.437 [udp-io-thread-1-1] INFO  c.bit.solana.p2p.quic.SendQuicData - 平均每帧耗时433700.0
2025-12-30 11:50:36.437 [quic-consumer-1767066626965] INFO  c.b.s.p.i.handle.QuicDataProcessor - 收到响应: P2PMessage{senderId=BJfacYs27FRthbjxKaEHrJRbnd8kMyfSRReg7qunstkh, messageId=019b6d61108e77c4bb55d7a90f57fdc1, requestId=019b6d61107d7e06aeb3a002979403d1, reqResFlag=1, type=5, length=21, version=1}
2025-12-30 11:50:36.439 [quic-consumer-1767066626965] INFO  c.b.s.p.i.handle.QuicDataProcessor - 本次批量处理完成，共处理1条消息
2025-12-30 11:50:36.439 [http-nio-18333-exec-10] INFO  com.bit.solana.api.mock.MockApi - 节点回复：我已经收到回复
2025-12-30 11:50:37.641 [http-nio-18333-exec-3] INFO  com.bit.solana.p2p.impl.PeerClient - 节点IDBJfacYs27FRthbjxKaEHrJRbnd8kMyfSRReg7qunstkh
2025-12-30 11:50:37.641 [http-nio-18333-exec-3] INFO  c.bit.solana.p2p.quic.SendQuicData - [开始发送] 连接ID:131604819189170176 数据ID:131604834485796864 总帧数:2
2025-12-30 11:50:37.645 [http-nio-18333-exec-3] INFO  c.bit.solana.p2p.quic.SendQuicData - [重传定时器启动] 连接ID:131604819189170176 数据ID:131604834485796864 首次重传延迟:500ms 后续重传间隔:20ms
2025-12-30 11:50:37.645 [udp-io-thread-1-1] INFO  c.b.solana.p2p.quic.ReceiveQuicData - [初始化数据] 连接ID:131604819189170176 数据ID:131604834485796864 总帧数:2
2025-12-30 11:50:37.646 [udp-io-thread-1-1] INFO  c.b.solana.p2p.quic.ReceiveQuicData - 所有帧接收完成
2025-12-30 11:50:37.646 [udp-io-thread-1-1] INFO  c.b.solana.p2p.quic.ReceiveQuicData - 完整数据长度1480 数据ID131604834485796864
2025-12-30 11:50:37.646 [udp-io-thread-1-1] INFO  c.bit.solana.p2p.quic.SendQuicData - [所有帧通过批量ACK确认] 连接ID:131604819189170176 数据ID:131604834485796864 传输完成
2025-12-30 11:50:37.646 [udp-io-thread-1-1] INFO  c.bit.solana.p2p.quic.SendQuicData - 数据发送完毕
2025-12-30 11:50:37.646 [udp-io-thread-1-1] INFO  c.bit.solana.p2p.quic.SendQuicData - 当前数据耗时1268300
2025-12-30 11:50:37.646 [udp-io-thread-1-1] INFO  c.bit.solana.p2p.quic.SendQuicData - 平均每帧耗时903675.0
2025-12-30 11:50:37.646 [quic-consumer-1767066628362] INFO  c.b.s.p.i.handle.QuicDataProcessor - 收到请求: P2PMessage{senderId=74sDMeR9Hq9aJTniBTPxs4b53NdG647rsspgfUF2EiMF, messageId=019b6d6115497b56adb3a8e31b9e35d7, requestId=019b6d6115497b56adb3a8e31b9e35d7, reqResFlag=0, type=5, length=1400, version=1}
2025-12-30 11:50:37.646 [quic-consumer-1767066628362] INFO  c.b.s.p2p.protocol.impl.TextHandler - 数据长度1400
2025-12-30 11:50:37.647 [quic-consumer-1767066628362] INFO  c.bit.solana.p2p.quic.SendQuicData - [开始发送] 连接ID:131604819189170176 数据ID:131604834510962688 总帧数:1
2025-12-30 11:50:37.647 [quic-consumer-1767066628362] INFO  c.bit.solana.p2p.quic.SendQuicData - [重传定时器启动] 连接ID:131604819189170176 数据ID:131604834510962688 首次重传延迟:500ms 后续重传间隔:20ms
2025-12-30 11:50:37.647 [quic-consumer-1767066628362] INFO  c.b.s.p.i.handle.QuicDataProcessor - 本次批量处理完成，共处理1条消息
2025-12-30 11:50:37.647 [udp-io-thread-1-1] INFO  c.b.solana.p2p.quic.ReceiveQuicData - [初始化数据] 连接ID:131604819189170176 数据ID:131604834510962688 总帧数:1
2025-12-30 11:50:37.648 [udp-io-thread-1-1] INFO  c.b.solana.p2p.quic.ReceiveQuicData - 所有帧接收完成
2025-12-30 11:50:37.648 [udp-io-thread-1-1] INFO  c.b.solana.p2p.quic.ReceiveQuicData - 完整数据长度101 数据ID131604834510962688
2025-12-30 11:50:37.648 [udp-io-thread-1-1] INFO  c.bit.solana.p2p.quic.SendQuicData - [所有帧通过批量ACK确认] 连接ID:131604819189170176 数据ID:131604834510962688 传输完成
2025-12-30 11:50:37.648 [udp-io-thread-1-1] INFO  c.bit.solana.p2p.quic.SendQuicData - 数据发送完毕
2025-12-30 11:50:37.648 [udp-io-thread-1-1] INFO  c.bit.solana.p2p.quic.SendQuicData - 当前数据耗时911800
2025-12-30 11:50:37.648 [udp-io-thread-1-1] INFO  c.bit.solana.p2p.quic.SendQuicData - 平均每帧耗时528100.0
2025-12-30 11:50:37.648 [quic-consumer-1767066626965] INFO  c.b.s.p.i.handle.QuicDataProcessor - 收到响应: P2PMessage{senderId=BJfacYs27FRthbjxKaEHrJRbnd8kMyfSRReg7qunstkh, messageId=019b6d61154e7629b3fbf3bedf2667bf, requestId=019b6d6115497b56adb3a8e31b9e35d7, reqResFlag=1, type=5, length=21, version=1}
2025-12-30 11:50:37.648 [quic-consumer-1767066626965] INFO  c.b.s.p.i.handle.QuicDataProcessor - 本次批量处理完成，共处理1条消息
2025-12-30 11:50:37.648 [http-nio-18333-exec-3] INFO  com.bit.solana.api.mock.MockApi - 节点回复：我已经收到回复
2025-12-30 11:50:38.963 [http-nio-18333-exec-5] INFO  com.bit.solana.p2p.impl.PeerClient - 节点IDBJfacYs27FRthbjxKaEHrJRbnd8kMyfSRReg7qunstkh
2025-12-30 11:50:38.963 [http-nio-18333-exec-5] INFO  c.bit.solana.p2p.quic.SendQuicData - [开始发送] 连接ID:131604819189170176 数据ID:131604840030666752 总帧数:2
2025-12-30 11:50:38.969 [http-nio-18333-exec-5] INFO  c.bit.solana.p2p.quic.SendQuicData - [重传定时器启动] 连接ID:131604819189170176 数据ID:131604840030666752 首次重传延迟:500ms 后续重传间隔:20ms
2025-12-30 11:50:38.970 [udp-io-thread-1-1] INFO  c.b.solana.p2p.quic.ReceiveQuicData - [初始化数据] 连接ID:131604819189170176 数据ID:131604840030666752 总帧数:2
2025-12-30 11:50:38.970 [udp-io-thread-1-1] INFO  c.b.solana.p2p.quic.ReceiveQuicData - 所有帧接收完成
2025-12-30 11:50:38.970 [udp-io-thread-1-1] INFO  c.b.solana.p2p.quic.ReceiveQuicData - 完整数据长度1480 数据ID131604840030666752
2025-12-30 11:50:38.970 [udp-io-thread-1-1] INFO  c.bit.solana.p2p.quic.SendQuicData - [所有帧通过批量ACK确认] 连接ID:131604819189170176 数据ID:131604840030666752 传输完成
2025-12-30 11:50:38.970 [udp-io-thread-1-1] INFO  c.bit.solana.p2p.quic.SendQuicData - 数据发送完毕
2025-12-30 11:50:38.970 [udp-io-thread-1-1] INFO  c.bit.solana.p2p.quic.SendQuicData - 当前数据耗时1156100
2025-12-30 11:50:38.970 [udp-io-thread-1-1] INFO  c.bit.solana.p2p.quic.SendQuicData - 平均每帧耗时821750.0
2025-12-30 11:50:38.970 [quic-consumer-1767066628362] INFO  c.b.s.p.i.handle.QuicDataProcessor - 收到请求: P2PMessage{senderId=74sDMeR9Hq9aJTniBTPxs4b53NdG647rsspgfUF2EiMF, messageId=019b6d611a727bb5be18ea8fa72231fc, requestId=019b6d611a727bb5be18ea8fa72231fc, reqResFlag=0, type=5, length=1400, version=1}
2025-12-30 11:50:38.971 [quic-consumer-1767066628362] INFO  c.b.s.p2p.protocol.impl.TextHandler - 数据长度1400
2025-12-30 11:50:38.971 [quic-consumer-1767066628362] INFO  c.bit.solana.p2p.quic.SendQuicData - [开始发送] 连接ID:131604819189170176 数据ID:131604840064221184 总帧数:1
2025-12-30 11:50:38.971 [quic-consumer-1767066628362] INFO  c.bit.solana.p2p.quic.SendQuicData - [重传定时器启动] 连接ID:131604819189170176 数据ID:131604840064221184 首次重传延迟:500ms 后续重传间隔:20ms
2025-12-30 11:50:38.971 [quic-consumer-1767066628362] INFO  c.b.s.p.i.handle.QuicDataProcessor - 本次批量处理完成，共处理1条消息
2025-12-30 11:50:38.971 [udp-io-thread-1-1] INFO  c.b.solana.p2p.quic.ReceiveQuicData - [初始化数据] 连接ID:131604819189170176 数据ID:131604840064221184 总帧数:1
2025-12-30 11:50:38.971 [udp-io-thread-1-1] INFO  c.b.solana.p2p.quic.ReceiveQuicData - 所有帧接收完成
2025-12-30 11:50:38.972 [udp-io-thread-1-1] INFO  c.b.solana.p2p.quic.ReceiveQuicData - 完整数据长度101 数据ID131604840064221184
2025-12-30 11:50:38.972 [udp-io-thread-1-1] INFO  c.bit.solana.p2p.quic.SendQuicData - [所有帧通过批量ACK确认] 连接ID:131604819189170176 数据ID:131604840064221184 传输完成
2025-12-30 11:50:38.972 [udp-io-thread-1-1] INFO  c.bit.solana.p2p.quic.SendQuicData - 数据发送完毕
2025-12-30 11:50:38.972 [quic-consumer-1767066626965] INFO  c.b.s.p.i.handle.QuicDataProcessor - 收到响应: P2PMessage{senderId=BJfacYs27FRthbjxKaEHrJRbnd8kMyfSRReg7qunstkh, messageId=019b6d611a7b7641a5a4bba6e94229cf, requestId=019b6d611a727bb5be18ea8fa72231fc, reqResFlag=1, type=5, length=21, version=1}
2025-12-30 11:50:38.972 [udp-io-thread-1-1] INFO  c.bit.solana.p2p.quic.SendQuicData - 当前数据耗时933000
2025-12-30 11:50:38.972 [udp-io-thread-1-1] INFO  c.bit.solana.p2p.quic.SendQuicData - 平均每帧耗时585000.0
2025-12-30 11:50:38.972 [quic-consumer-1767066626965] INFO  c.b.s.p.i.handle.QuicDataProcessor - 本次批量处理完成，共处理1条消息
2025-12-30 11:50:38.972 [http-nio-18333-exec-5] INFO  com.bit.solana.api.mock.MockApi - 节点回复：我已经收到回复
2025-12-30 11:50:40.308 [http-nio-18333-exec-6] INFO  com.bit.solana.p2p.impl.PeerClient - 节点IDBJfacYs27FRthbjxKaEHrJRbnd8kMyfSRReg7qunstkh
2025-12-30 11:50:40.308 [http-nio-18333-exec-6] INFO  c.bit.solana.p2p.quic.SendQuicData - [开始发送] 连接ID:131604819189170176 数据ID:131604845672005632 总帧数:2
2025-12-30 11:50:40.313 [http-nio-18333-exec-6] INFO  c.bit.solana.p2p.quic.SendQuicData - [重传定时器启动] 连接ID:131604819189170176 数据ID:131604845672005632 首次重传延迟:500ms 后续重传间隔:20ms
2025-12-30 11:50:40.314 [udp-io-thread-1-1] INFO  c.b.solana.p2p.quic.ReceiveQuicData - [初始化数据] 连接ID:131604819189170176 数据ID:131604845672005632 总帧数:2
2025-12-30 11:50:40.314 [udp-io-thread-1-1] INFO  c.b.solana.p2p.quic.ReceiveQuicData - 所有帧接收完成
2025-12-30 11:50:40.314 [udp-io-thread-1-1] INFO  c.b.solana.p2p.quic.ReceiveQuicData - 完整数据长度1480 数据ID131604845672005632
2025-12-30 11:50:40.314 [udp-io-thread-1-1] INFO  c.bit.solana.p2p.quic.SendQuicData - [所有帧通过批量ACK确认] 连接ID:131604819189170176 数据ID:131604845672005632 传输完成
2025-12-30 11:50:40.314 [udp-io-thread-1-1] INFO  c.bit.solana.p2p.quic.SendQuicData - 数据发送完毕
2025-12-30 11:50:40.314 [udp-io-thread-1-1] INFO  c.bit.solana.p2p.quic.SendQuicData - 当前数据耗时1166600
2025-12-30 11:50:40.314 [udp-io-thread-1-1] INFO  c.bit.solana.p2p.quic.SendQuicData - 平均每帧耗时787575.0
2025-12-30 11:50:40.314 [quic-consumer-1767066628362] INFO  c.b.s.p.i.handle.QuicDataProcessor - 收到请求: P2PMessage{senderId=74sDMeR9Hq9aJTniBTPxs4b53NdG647rsspgfUF2EiMF, messageId=019b6d611fb474b1aaaa9fb466b537c5, requestId=019b6d611fb474b1aaaa9fb466b537c5, reqResFlag=0, type=5, length=1400, version=1}
2025-12-30 11:50:40.315 [quic-consumer-1767066628362] INFO  c.b.s.p2p.protocol.impl.TextHandler - 数据长度1400
2025-12-30 11:50:40.315 [quic-consumer-1767066628362] INFO  c.bit.solana.p2p.quic.SendQuicData - [开始发送] 连接ID:131604819189170176 数据ID:131604845701365760 总帧数:1
2025-12-30 11:50:40.315 [quic-consumer-1767066628362] INFO  c.bit.solana.p2p.quic.SendQuicData - [重传定时器启动] 连接ID:131604819189170176 数据ID:131604845701365760 首次重传延迟:500ms 后续重传间隔:20ms
2025-12-30 11:50:40.315 [quic-consumer-1767066628362] INFO  c.b.s.p.i.handle.QuicDataProcessor - 本次批量处理完成，共处理1条消息
2025-12-30 11:50:40.315 [udp-io-thread-1-1] INFO  c.b.solana.p2p.quic.ReceiveQuicData - [初始化数据] 连接ID:131604819189170176 数据ID:131604845701365760 总帧数:1
2025-12-30 11:50:40.315 [udp-io-thread-1-1] INFO  c.b.solana.p2p.quic.ReceiveQuicData - 所有帧接收完成
2025-12-30 11:50:40.315 [udp-io-thread-1-1] INFO  c.b.solana.p2p.quic.ReceiveQuicData - 完整数据长度101 数据ID131604845701365760
2025-12-30 11:50:40.316 [udp-io-thread-1-1] INFO  c.bit.solana.p2p.quic.SendQuicData - [所有帧通过批量ACK确认] 连接ID:131604819189170176 数据ID:131604845701365760 传输完成
2025-12-30 11:50:40.316 [udp-io-thread-1-1] INFO  c.bit.solana.p2p.quic.SendQuicData - 数据发送完毕
2025-12-30 11:50:40.316 [udp-io-thread-1-1] INFO  c.bit.solana.p2p.quic.SendQuicData - 当前数据耗时667100
2025-12-30 11:50:40.316 [udp-io-thread-1-1] INFO  c.bit.solana.p2p.quic.SendQuicData - 平均每帧耗时552700.0
2025-12-30 11:50:40.316 [quic-consumer-1767066626965] INFO  c.b.s.p.i.handle.QuicDataProcessor - 收到响应: P2PMessage{senderId=BJfacYs27FRthbjxKaEHrJRbnd8kMyfSRReg7qunstkh, messageId=019b6d611fbb7ccc8b7d47998bc1f648, requestId=019b6d611fb474b1aaaa9fb466b537c5, reqResFlag=1, type=5, length=21, version=1}
2025-12-30 11:50:40.316 [quic-consumer-1767066626965] INFO  c.b.s.p.i.handle.QuicDataProcessor - 本次批量处理完成，共处理1条消息
2025-12-30 11:50:40.316 [http-nio-18333-exec-6] INFO  com.bit.solana.api.mock.MockApi - 节点回复：我已经收到回复
2025-12-30 11:50:41.392 [http-nio-18333-exec-7] INFO  com.bit.solana.p2p.impl.PeerClient - 节点IDBJfacYs27FRthbjxKaEHrJRbnd8kMyfSRReg7qunstkh
2025-12-30 11:50:41.392 [http-nio-18333-exec-7] INFO  c.bit.solana.p2p.quic.SendQuicData - [开始发送] 连接ID:131604819189170176 数据ID:131604850218631168 总帧数:2
2025-12-30 11:50:41.402 [http-nio-18333-exec-7] INFO  c.bit.solana.p2p.quic.SendQuicData - [重传定时器启动] 连接ID:131604819189170176 数据ID:131604850218631168 首次重传延迟:500ms 后续重传间隔:20ms
2025-12-30 11:50:41.403 [udp-io-thread-1-1] INFO  c.b.solana.p2p.quic.ReceiveQuicData - [初始化数据] 连接ID:131604819189170176 数据ID:131604850218631168 总帧数:2
2025-12-30 11:50:41.403 [udp-io-thread-1-1] INFO  c.b.solana.p2p.quic.ReceiveQuicData - 所有帧接收完成
2025-12-30 11:50:41.403 [udp-io-thread-1-1] INFO  c.b.solana.p2p.quic.ReceiveQuicData - 完整数据长度1480 数据ID131604850218631168
2025-12-30 11:50:41.403 [udp-io-thread-1-1] INFO  c.bit.solana.p2p.quic.SendQuicData - [所有帧通过批量ACK确认] 连接ID:131604819189170176 数据ID:131604850218631168 传输完成
2025-12-30 11:50:41.403 [udp-io-thread-1-1] INFO  c.bit.solana.p2p.quic.SendQuicData - 数据发送完毕
2025-12-30 11:50:41.403 [udp-io-thread-1-1] INFO  c.bit.solana.p2p.quic.SendQuicData - 当前数据耗时1205200
2025-12-30 11:50:41.404 [udp-io-thread-1-1] INFO  c.bit.solana.p2p.quic.SendQuicData - 平均每帧耗时715960.0
2025-12-30 11:50:41.403 [quic-consumer-1767066628362] INFO  c.b.s.p.i.handle.QuicDataProcessor - 收到请求: P2PMessage{senderId=74sDMeR9Hq9aJTniBTPxs4b53NdG647rsspgfUF2EiMF, messageId=019b6d6123f07de48c14f818fd99a423, requestId=019b6d6123f07de48c14f818fd99a423, reqResFlag=0, type=5, length=1400, version=1}
2025-12-30 11:50:41.404 [quic-consumer-1767066628362] INFO  c.b.s.p2p.protocol.impl.TextHandler - 数据长度1400
2025-12-30 11:50:41.404 [quic-consumer-1767066628362] INFO  c.bit.solana.p2p.quic.SendQuicData - [开始发送] 连接ID:131604819189170176 数据ID:131604850268962816 总帧数:1
2025-12-30 11:50:41.404 [quic-consumer-1767066628362] INFO  c.bit.solana.p2p.quic.SendQuicData - [重传定时器启动] 连接ID:131604819189170176 数据ID:131604850268962816 首次重传延迟:500ms 后续重传间隔:20ms
2025-12-30 11:50:41.404 [quic-consumer-1767066628362] INFO  c.b.s.p.i.handle.QuicDataProcessor - 本次批量处理完成，共处理1条消息
2025-12-30 11:50:41.405 [udp-io-thread-1-1] INFO  c.b.solana.p2p.quic.ReceiveQuicData - [初始化数据] 连接ID:131604819189170176 数据ID:131604850268962816 总帧数:1
2025-12-30 11:50:41.405 [udp-io-thread-1-1] INFO  c.b.solana.p2p.quic.ReceiveQuicData - 所有帧接收完成
2025-12-30 11:50:41.405 [udp-io-thread-1-1] INFO  c.b.solana.p2p.quic.ReceiveQuicData - 完整数据长度101 数据ID131604850268962816
2025-12-30 11:50:41.405 [udp-io-thread-1-1] INFO  c.bit.solana.p2p.quic.SendQuicData - [所有帧通过批量ACK确认] 连接ID:131604819189170176 数据ID:131604850268962816 传输完成
2025-12-30 11:50:41.405 [udp-io-thread-1-1] INFO  c.bit.solana.p2p.quic.SendQuicData - 数据发送完毕
2025-12-30 11:50:41.405 [udp-io-thread-1-1] INFO  c.bit.solana.p2p.quic.SendQuicData - 当前数据耗时1379100
2025-12-30 11:50:41.405 [udp-io-thread-1-1] INFO  c.bit.solana.p2p.quic.SendQuicData - 平均每帧耗时649960.0
2025-12-30 11:50:41.405 [quic-consumer-1767066626965] INFO  c.b.s.p.i.handle.QuicDataProcessor - 收到响应: P2PMessage{senderId=BJfacYs27FRthbjxKaEHrJRbnd8kMyfSRReg7qunstkh, messageId=019b6d6123fc75fd8bb7995f55213a00, requestId=019b6d6123f07de48c14f818fd99a423, reqResFlag=1, type=5, length=21, version=1}
2025-12-30 11:50:41.406 [quic-consumer-1767066626965] INFO  c.b.s.p.i.handle.QuicDataProcessor - 本次批量处理完成，共处理1条消息
2025-12-30 11:50:41.406 [http-nio-18333-exec-7] INFO  com.bit.solana.api.mock.MockApi - 节点回复：我已经收到回复
2025-12-30 11:51:14.085 [http-nio-18333-exec-8] INFO  com.bit.solana.p2p.impl.PeerClient - 节点IDBJfacYs27FRthbjxKaEHrJRbnd8kMyfSRReg7qunstkh
2025-12-30 11:51:14.086 [http-nio-18333-exec-8] INFO  c.bit.solana.p2p.quic.SendQuicData - [开始发送] 连接ID:131604819189170176 数据ID:131604987343011840 总帧数:1001
2025-12-30 11:51:14.090 [udp-io-thread-1-1] INFO  c.b.solana.p2p.quic.ReceiveQuicData - [初始化数据] 连接ID:131604819189170176 数据ID:131604987343011840 总帧数:1001
2025-12-30 11:51:14.126 [http-nio-18333-exec-8] INFO  c.bit.solana.p2p.quic.SendQuicData - [重传定时器启动] 连接ID:131604819189170176 数据ID:131604987343011840 首次重传延迟:500ms 后续重传间隔:20ms
2025-12-30 11:51:14.131 [udp-io-thread-1-1] INFO  c.b.solana.p2p.quic.ReceiveQuicData - 所有帧接收完成
2025-12-30 11:51:14.131 [udp-io-thread-1-1] INFO  c.bit.solana.p2p.quic.SendQuicData - [所有帧通过批量ACK确认] 连接ID:131604819189170176 数据ID:131604987343011840 传输完成
2025-12-30 11:51:14.131 [udp-io-thread-1-1] INFO  c.bit.solana.p2p.quic.SendQuicData - 数据发送完毕
2025-12-30 11:51:14.131 [udp-io-thread-1-1] INFO  c.bit.solana.p2p.quic.SendQuicData - 当前数据耗时4914400
2025-12-30 11:51:14.131 [udp-io-thread-1-1] INFO  c.bit.solana.p2p.quic.SendQuicData - 平均每帧耗时3683825.0
2025-12-30 11:51:14.131 [udp-io-thread-1-1] INFO  c.b.solana.p2p.quic.ReceiveQuicData - 完整数据长度1400082 数据ID131604987343011840
2025-12-30 11:51:14.132 [quic-consumer-1767066628362] INFO  c.b.s.p.i.handle.QuicDataProcessor - 收到请求: P2PMessage{senderId=74sDMeR9Hq9aJTniBTPxs4b53NdG647rsspgfUF2EiMF, messageId=019b6d61a3a47964ab465fecf56bae2d, requestId=019b6d61a3a47964ab465fecf56bae2d, reqResFlag=0, type=5, length=1400000, version=1}
2025-12-30 11:51:14.132 [quic-consumer-1767066628362] INFO  c.b.s.p2p.protocol.impl.TextHandler - 数据长度1400000
2025-12-30 11:51:14.132 [quic-consumer-1767066628362] INFO  c.bit.solana.p2p.quic.SendQuicData - [开始发送] 连接ID:131604819189170176 数据ID:131604987540144128 总帧数:1
2025-12-30 11:51:14.132 [quic-consumer-1767066628362] INFO  c.bit.solana.p2p.quic.SendQuicData - [重传定时器启动] 连接ID:131604819189170176 数据ID:131604987540144128 首次重传延迟:500ms 后续重传间隔:20ms
2025-12-30 11:51:14.132 [quic-consumer-1767066628362] INFO  c.b.s.p.i.handle.QuicDataProcessor - 本次批量处理完成，共处理1条消息
2025-12-30 11:51:14.133 [udp-io-thread-1-1] INFO  c.b.solana.p2p.quic.ReceiveQuicData - [初始化数据] 连接ID:131604819189170176 数据ID:131604987540144128 总帧数:1
2025-12-30 11:51:14.133 [udp-io-thread-1-1] INFO  c.b.solana.p2p.quic.ReceiveQuicData - 所有帧接收完成
2025-12-30 11:51:14.133 [udp-io-thread-1-1] INFO  c.b.solana.p2p.quic.ReceiveQuicData - 完整数据长度101 数据ID131604987540144128
2025-12-30 11:51:14.133 [udp-io-thread-1-1] INFO  c.bit.solana.p2p.quic.SendQuicData - [所有帧通过批量ACK确认] 连接ID:131604819189170176 数据ID:131604987540144128 传输完成
2025-12-30 11:51:14.133 [udp-io-thread-1-1] INFO  c.bit.solana.p2p.quic.SendQuicData - 数据发送完毕
2025-12-30 11:51:14.133 [udp-io-thread-1-1] INFO  c.bit.solana.p2p.quic.SendQuicData - 当前数据耗时660900
2025-12-30 11:51:14.133 [udp-io-thread-1-1] INFO  c.bit.solana.p2p.quic.SendQuicData - 平均每帧耗时610883.0
2025-12-30 11:51:14.133 [quic-consumer-1767066626965] INFO  c.b.s.p.i.handle.QuicDataProcessor - 收到响应: P2PMessage{senderId=BJfacYs27FRthbjxKaEHrJRbnd8kMyfSRReg7qunstkh, messageId=019b6d61a3d47baba6bb248739209c54, requestId=019b6d61a3a47964ab465fecf56bae2d, reqResFlag=1, type=5, length=21, version=1}
2025-12-30 11:51:14.133 [quic-consumer-1767066626965] INFO  c.b.s.p.i.handle.QuicDataProcessor - 本次批量处理完成，共处理1条消息
2025-12-30 11:51:14.133 [http-nio-18333-exec-8] INFO  com.bit.solana.api.mock.MockApi - 节点回复：我已经收到回复
2025-12-30 11:51:15.347 [http-nio-18333-exec-9] INFO  com.bit.solana.p2p.impl.PeerClient - 节点IDBJfacYs27FRthbjxKaEHrJRbnd8kMyfSRReg7qunstkh
2025-12-30 11:51:15.348 [http-nio-18333-exec-9] INFO  c.bit.solana.p2p.quic.SendQuicData - [开始发送] 连接ID:131604819189170176 数据ID:131604992636223488 总帧数:1001
2025-12-30 11:51:15.351 [udp-io-thread-1-1] INFO  c.b.solana.p2p.quic.ReceiveQuicData - [初始化数据] 连接ID:131604819189170176 数据ID:131604992636223488 总帧数:1001
2025-12-30 11:51:15.381 [http-nio-18333-exec-9] INFO  c.bit.solana.p2p.quic.SendQuicData - [重传定时器启动] 连接ID:131604819189170176 数据ID:131604992636223488 首次重传延迟:500ms 后续重传间隔:20ms
2025-12-30 11:51:15.383 [udp-io-thread-1-1] INFO  c.b.solana.p2p.quic.ReceiveQuicData - 所有帧接收完成
2025-12-30 11:51:15.384 [udp-io-thread-1-1] INFO  c.bit.solana.p2p.quic.SendQuicData - [所有帧通过批量ACK确认] 连接ID:131604819189170176 数据ID:131604992636223488 传输完成
2025-12-30 11:51:15.384 [udp-io-thread-1-1] INFO  c.bit.solana.p2p.quic.SendQuicData - 数据发送完毕
2025-12-30 11:51:15.384 [udp-io-thread-1-1] INFO  c.bit.solana.p2p.quic.SendQuicData - 当前数据耗时3192200
2025-12-30 11:51:15.386 [udp-io-thread-1-1] INFO  c.b.solana.p2p.quic.ReceiveQuicData - 完整数据长度1400082 数据ID131604992636223488
2025-12-30 11:51:15.386 [quic-consumer-1767066628362] INFO  c.b.s.p.i.handle.QuicDataProcessor - 收到请求: P2PMessage{senderId=74sDMeR9Hq9aJTniBTPxs4b53NdG647rsspgfUF2EiMF, messageId=019b6d61a89277d8b2ffc4cdecd85703, requestId=019b6d61a89277d8b2ffc4cdecd85703, reqResFlag=0, type=5, length=1400000, version=1}
2025-12-30 11:51:15.387 [quic-consumer-1767066628362] INFO  c.b.s.p2p.protocol.impl.TextHandler - 数据长度1400000
2025-12-30 11:51:15.387 [quic-consumer-1767066628362] INFO  c.bit.solana.p2p.quic.SendQuicData - [开始发送] 连接ID:131604819189170176 数据ID:131604992803995648 总帧数:1
2025-12-30 11:51:15.387 [quic-consumer-1767066628362] INFO  c.bit.solana.p2p.quic.SendQuicData - [重传定时器启动] 连接ID:131604819189170176 数据ID:131604992803995648 首次重传延迟:500ms 后续重传间隔:20ms
2025-12-30 11:51:15.387 [quic-consumer-1767066628362] INFO  c.b.s.p.i.handle.QuicDataProcessor - 本次批量处理完成，共处理1条消息
2025-12-30 11:51:15.384 [udp-io-thread-1-1] INFO  c.bit.solana.p2p.quic.SendQuicData - 平均每帧耗时5876611.0
2025-12-30 11:51:15.388 [udp-io-thread-1-1] INFO  c.b.solana.p2p.quic.ReceiveQuicData - [初始化数据] 连接ID:131604819189170176 数据ID:131604992803995648 总帧数:1
2025-12-30 11:51:15.388 [udp-io-thread-1-1] INFO  c.b.solana.p2p.quic.ReceiveQuicData - 所有帧接收完成
2025-12-30 11:51:15.389 [udp-io-thread-1-1] INFO  c.b.solana.p2p.quic.ReceiveQuicData - 完整数据长度101 数据ID131604992803995648
2025-12-30 11:51:15.389 [udp-io-thread-1-1] INFO  c.bit.solana.p2p.quic.SendQuicData - [所有帧通过批量ACK确认] 连接ID:131604819189170176 数据ID:131604992803995648 传输完成
2025-12-30 11:51:15.389 [udp-io-thread-1-1] INFO  c.bit.solana.p2p.quic.SendQuicData - 数据发送完毕
2025-12-30 11:51:15.389 [udp-io-thread-1-1] INFO  c.bit.solana.p2p.quic.SendQuicData - 当前数据耗时1869000
2025-12-30 11:51:15.389 [udp-io-thread-1-1] INFO  c.bit.solana.p2p.quic.SendQuicData - 平均每帧耗时751914.0
2025-12-30 11:51:15.389 [quic-consumer-1767066626965] INFO  c.b.s.p.i.handle.QuicDataProcessor - 收到响应: P2PMessage{senderId=BJfacYs27FRthbjxKaEHrJRbnd8kMyfSRReg7qunstkh, messageId=019b6d61a8bb737194b9407814e7b505, requestId=019b6d61a89277d8b2ffc4cdecd85703, reqResFlag=1, type=5, length=21, version=1}
2025-12-30 11:51:15.389 [quic-consumer-1767066626965] INFO  c.b.s.p.i.handle.QuicDataProcessor - 本次批量处理完成，共处理1条消息
2025-12-30 11:51:15.389 [http-nio-18333-exec-9] INFO  com.bit.solana.api.mock.MockApi - 节点回复：我已经收到回复
2025-12-30 11:51:16.407 [http-nio-18333-exec-4] INFO  com.bit.solana.p2p.impl.PeerClient - 节点IDBJfacYs27FRthbjxKaEHrJRbnd8kMyfSRReg7qunstkh
2025-12-30 11:51:16.408 [http-nio-18333-exec-4] INFO  c.bit.solana.p2p.quic.SendQuicData - [开始发送] 连接ID:131604819189170176 数据ID:131604997086380032 总帧数:1001
2025-12-30 11:51:16.413 [udp-io-thread-1-1] INFO  c.b.solana.p2p.quic.ReceiveQuicData - [初始化数据] 连接ID:131604819189170176 数据ID:131604997086380032 总帧数:1001
2025-12-30 11:51:16.444 [http-nio-18333-exec-4] INFO  c.bit.solana.p2p.quic.SendQuicData - [重传定时器启动] 连接ID:131604819189170176 数据ID:131604997086380032 首次重传延迟:500ms 后续重传间隔:20ms
2025-12-30 11:51:16.448 [udp-io-thread-1-1] INFO  c.b.solana.p2p.quic.ReceiveQuicData - 所有帧接收完成
2025-12-30 11:51:16.449 [udp-io-thread-1-1] INFO  c.b.solana.p2p.quic.ReceiveQuicData - 完整数据长度1400082 数据ID131604997086380032
2025-12-30 11:51:16.449 [udp-io-thread-1-1] INFO  c.bit.solana.p2p.quic.SendQuicData - [所有帧通过批量ACK确认] 连接ID:131604819189170176 数据ID:131604997086380032 传输完成
2025-12-30 11:51:16.449 [udp-io-thread-1-1] INFO  c.bit.solana.p2p.quic.SendQuicData - 数据发送完毕
2025-12-30 11:51:16.449 [udp-io-thread-1-1] INFO  c.bit.solana.p2p.quic.SendQuicData - 当前数据耗时4802600
2025-12-30 11:51:16.449 [udp-io-thread-1-1] INFO  c.bit.solana.p2p.quic.SendQuicData - 平均每帧耗时6445339.0
2025-12-30 11:51:16.449 [quic-consumer-1767066628362] INFO  c.b.s.p.i.handle.QuicDataProcessor - 收到请求: P2PMessage{senderId=74sDMeR9Hq9aJTniBTPxs4b53NdG647rsspgfUF2EiMF, messageId=019b6d61acb6728181245b63bbcccb4c, requestId=019b6d61acb6728181245b63bbcccb4c, reqResFlag=0, type=5, length=1400000, version=1}
2025-12-30 11:51:16.450 [quic-consumer-1767066628362] INFO  c.b.s.p2p.protocol.impl.TextHandler - 数据长度1400000
2025-12-30 11:51:16.450 [quic-consumer-1767066628362] INFO  c.bit.solana.p2p.quic.SendQuicData - [开始发送] 连接ID:131604819189170176 数据ID:131604997262540800 总帧数:1
2025-12-30 11:51:16.450 [quic-consumer-1767066628362] INFO  c.bit.solana.p2p.quic.SendQuicData - [重传定时器启动] 连接ID:131604819189170176 数据ID:131604997262540800 首次重传延迟:500ms 后续重传间隔:20ms
2025-12-30 11:51:16.450 [quic-consumer-1767066628362] INFO  c.b.s.p.i.handle.QuicDataProcessor - 本次批量处理完成，共处理1条消息
2025-12-30 11:51:16.450 [udp-io-thread-1-1] INFO  c.b.solana.p2p.quic.ReceiveQuicData - [初始化数据] 连接ID:131604819189170176 数据ID:131604997262540800 总帧数:1
2025-12-30 11:51:16.450 [udp-io-thread-1-1] INFO  c.b.solana.p2p.quic.ReceiveQuicData - 所有帧接收完成
2025-12-30 11:51:16.450 [udp-io-thread-1-1] INFO  c.b.solana.p2p.quic.ReceiveQuicData - 完整数据长度101 数据ID131604997262540800
2025-12-30 11:51:16.450 [udp-io-thread-1-1] INFO  c.bit.solana.p2p.quic.SendQuicData - [所有帧通过批量ACK确认] 连接ID:131604819189170176 数据ID:131604997262540800 传输完成
2025-12-30 11:51:16.450 [udp-io-thread-1-1] INFO  c.bit.solana.p2p.quic.SendQuicData - 数据发送完毕
2025-12-30 11:51:16.451 [udp-io-thread-1-1] INFO  c.bit.solana.p2p.quic.SendQuicData - 当前数据耗时578300
2025-12-30 11:51:16.450 [quic-consumer-1767066626965] INFO  c.b.s.p.i.handle.QuicDataProcessor - 收到响应: P2PMessage{senderId=BJfacYs27FRthbjxKaEHrJRbnd8kMyfSRReg7qunstkh, messageId=019b6d61ace27979979a6b8c6118ac04, requestId=019b6d61acb6728181245b63bbcccb4c, reqResFlag=1, type=5, length=21, version=1}
2025-12-30 11:51:16.451 [udp-io-thread-1-1] INFO  c.bit.solana.p2p.quic.SendQuicData - 平均每帧耗时705625.0
2025-12-30 11:51:16.451 [quic-consumer-1767066626965] INFO  c.b.s.p.i.handle.QuicDataProcessor - 本次批量处理完成，共处理1条消息
2025-12-30 11:51:16.451 [http-nio-18333-exec-4] INFO  com.bit.solana.api.mock.MockApi - 节点回复：我已经收到回复
2025-12-30 11:51:18.193 [http-nio-18333-exec-1] INFO  com.bit.solana.p2p.impl.PeerClient - 节点IDBJfacYs27FRthbjxKaEHrJRbnd8kMyfSRReg7qunstkh
2025-12-30 11:51:18.194 [http-nio-18333-exec-1] INFO  c.bit.solana.p2p.quic.SendQuicData - [开始发送] 连接ID:131604819189170176 数据ID:131605004573212672 总帧数:1001
2025-12-30 11:51:18.197 [udp-io-thread-1-1] INFO  c.b.solana.p2p.quic.ReceiveQuicData - [初始化数据] 连接ID:131604819189170176 数据ID:131605004573212672 总帧数:1001
2025-12-30 11:51:18.224 [http-nio-18333-exec-1] INFO  c.bit.solana.p2p.quic.SendQuicData - [重传定时器启动] 连接ID:131604819189170176 数据ID:131605004573212672 首次重传延迟:500ms 后续重传间隔:20ms
2025-12-30 11:51:18.228 [udp-io-thread-1-1] INFO  c.b.solana.p2p.quic.ReceiveQuicData - 所有帧接收完成
2025-12-30 11:51:18.228 [udp-io-thread-1-1] INFO  c.bit.solana.p2p.quic.SendQuicData - [所有帧通过批量ACK确认] 连接ID:131604819189170176 数据ID:131605004573212672 传输完成
2025-12-30 11:51:18.228 [udp-io-thread-1-1] INFO  c.bit.solana.p2p.quic.SendQuicData - 数据发送完毕
2025-12-30 11:51:18.228 [udp-io-thread-1-1] INFO  c.bit.solana.p2p.quic.SendQuicData - 当前数据耗时3025600
2025-12-30 11:51:18.228 [udp-io-thread-1-1] INFO  c.bit.solana.p2p.quic.SendQuicData - 平均每帧耗时5884696.0
2025-12-30 11:51:18.228 [udp-io-thread-1-1] INFO  c.b.solana.p2p.quic.ReceiveQuicData - 完整数据长度1400082 数据ID131605004573212672
2025-12-30 11:51:18.229 [quic-consumer-1767066628362] INFO  c.b.s.p.i.handle.QuicDataProcessor - 收到请求: P2PMessage{senderId=74sDMeR9Hq9aJTniBTPxs4b53NdG647rsspgfUF2EiMF, messageId=019b6d61b3b07e1db066873972c8da47, requestId=019b6d61b3b07e1db066873972c8da47, reqResFlag=0, type=5, length=1400000, version=1}
2025-12-30 11:51:18.229 [quic-consumer-1767066628362] INFO  c.b.s.p2p.protocol.impl.TextHandler - 数据长度1400000
2025-12-30 11:51:18.229 [quic-consumer-1767066628362] INFO  c.bit.solana.p2p.quic.SendQuicData - [开始发送] 连接ID:131604819189170176 数据ID:131605004724207616 总帧数:1
2025-12-30 11:51:18.229 [quic-consumer-1767066628362] INFO  c.bit.solana.p2p.quic.SendQuicData - [重传定时器启动] 连接ID:131604819189170176 数据ID:131605004724207616 首次重传延迟:500ms 后续重传间隔:20ms
2025-12-30 11:51:18.229 [quic-consumer-1767066628362] INFO  c.b.s.p.i.handle.QuicDataProcessor - 本次批量处理完成，共处理1条消息
2025-12-30 11:51:18.230 [udp-io-thread-1-1] INFO  c.b.solana.p2p.quic.ReceiveQuicData - [初始化数据] 连接ID:131604819189170176 数据ID:131605004724207616 总帧数:1
2025-12-30 11:51:18.230 [udp-io-thread-1-1] INFO  c.b.solana.p2p.quic.ReceiveQuicData - 所有帧接收完成
2025-12-30 11:51:18.230 [udp-io-thread-1-1] INFO  c.b.solana.p2p.quic.ReceiveQuicData - 完整数据长度101 数据ID131605004724207616
2025-12-30 11:51:18.230 [udp-io-thread-1-1] INFO  c.bit.solana.p2p.quic.SendQuicData - [所有帧通过批量ACK确认] 连接ID:131604819189170176 数据ID:131605004724207616 传输完成
2025-12-30 11:51:18.230 [udp-io-thread-1-1] INFO  c.bit.solana.p2p.quic.SendQuicData - 数据发送完毕
2025-12-30 11:51:18.230 [udp-io-thread-1-1] INFO  c.bit.solana.p2p.quic.SendQuicData - 当前数据耗时897200
2025-12-30 11:51:18.230 [quic-consumer-1767066626965] INFO  c.b.s.p.i.handle.QuicDataProcessor - 收到响应: P2PMessage{senderId=BJfacYs27FRthbjxKaEHrJRbnd8kMyfSRReg7qunstkh, messageId=019b6d61b3d5769cbe45976acb071c42, requestId=019b6d61b3b07e1db066873972c8da47, reqResFlag=1, type=5, length=21, version=1}
2025-12-30 11:51:18.230 [udp-io-thread-1-1] INFO  c.bit.solana.p2p.quic.SendQuicData - 平均每帧耗时685655.0
2025-12-30 11:51:18.230 [quic-consumer-1767066626965] INFO  c.b.s.p.i.handle.QuicDataProcessor - 本次批量处理完成，共处理1条消息
2025-12-30 11:51:18.230 [http-nio-18333-exec-1] INFO  com.bit.solana.api.mock.MockApi - 节点回复：我已经收到回复
2025-12-30 11:51:19.149 [http-nio-18333-exec-2] INFO  com.bit.solana.p2p.impl.PeerClient - 节点IDBJfacYs27FRthbjxKaEHrJRbnd8kMyfSRReg7qunstkh
2025-12-30 11:51:19.149 [http-nio-18333-exec-2] INFO  c.bit.solana.p2p.quic.SendQuicData - [开始发送] 连接ID:131604819189170176 数据ID:131605008582967296 总帧数:1001
2025-12-30 11:51:19.151 [udp-io-thread-1-1] INFO  c.b.solana.p2p.quic.ReceiveQuicData - [初始化数据] 连接ID:131604819189170176 数据ID:131605008582967296 总帧数:1001
2025-12-30 11:51:19.174 [http-nio-18333-exec-2] INFO  c.bit.solana.p2p.quic.SendQuicData - [重传定时器启动] 连接ID:131604819189170176 数据ID:131605008582967296 首次重传延迟:500ms 后续重传间隔:20ms
2025-12-30 11:51:19.182 [udp-io-thread-1-1] INFO  c.b.solana.p2p.quic.ReceiveQuicData - 所有帧接收完成
2025-12-30 11:51:19.182 [udp-io-thread-1-1] INFO  c.bit.solana.p2p.quic.SendQuicData - [所有帧通过批量ACK确认] 连接ID:131604819189170176 数据ID:131605008582967296 传输完成
2025-12-30 11:51:19.182 [udp-io-thread-1-1] INFO  c.bit.solana.p2p.quic.SendQuicData - 数据发送完毕
2025-12-30 11:51:19.182 [udp-io-thread-1-1] INFO  c.bit.solana.p2p.quic.SendQuicData - 当前数据耗时7681900
2025-12-30 11:51:19.182 [udp-io-thread-1-1] INFO  c.bit.solana.p2p.quic.SendQuicData - 平均每帧耗时5698064.0
2025-12-30 11:51:19.183 [udp-io-thread-1-1] INFO  c.b.solana.p2p.quic.ReceiveQuicData - 完整数据长度1400082 数据ID131605008582967296
2025-12-30 11:51:19.184 [quic-consumer-1767066628362] INFO  c.b.s.p.i.handle.QuicDataProcessor - 收到请求: P2PMessage{senderId=74sDMeR9Hq9aJTniBTPxs4b53NdG647rsspgfUF2EiMF, messageId=019b6d61b7667f46b2a7ef4bb057191b, requestId=019b6d61b7667f46b2a7ef4bb057191b, reqResFlag=0, type=5, length=1400000, version=1}
2025-12-30 11:51:19.184 [quic-consumer-1767066628362] INFO  c.b.s.p2p.protocol.impl.TextHandler - 数据长度1400000
2025-12-30 11:51:19.184 [quic-consumer-1767066628362] INFO  c.bit.solana.p2p.quic.SendQuicData - [开始发送] 连接ID:131604819189170176 数据ID:131605008729767936 总帧数:1
2025-12-30 11:51:19.184 [quic-consumer-1767066628362] INFO  c.bit.solana.p2p.quic.SendQuicData - [重传定时器启动] 连接ID:131604819189170176 数据ID:131605008729767936 首次重传延迟:500ms 后续重传间隔:20ms
2025-12-30 11:51:19.184 [quic-consumer-1767066628362] INFO  c.b.s.p.i.handle.QuicDataProcessor - 本次批量处理完成，共处理1条消息
2025-12-30 11:51:19.185 [udp-io-thread-1-1] INFO  c.b.solana.p2p.quic.ReceiveQuicData - [初始化数据] 连接ID:131604819189170176 数据ID:131605008729767936 总帧数:1
2025-12-30 11:51:19.185 [udp-io-thread-1-1] INFO  c.b.solana.p2p.quic.ReceiveQuicData - 所有帧接收完成
2025-12-30 11:51:19.185 [udp-io-thread-1-1] INFO  c.b.solana.p2p.quic.ReceiveQuicData - 完整数据长度101 数据ID131605008729767936
2025-12-30 11:51:19.185 [udp-io-thread-1-1] INFO  c.bit.solana.p2p.quic.SendQuicData - [所有帧通过批量ACK确认] 连接ID:131604819189170176 数据ID:131605008729767936 传输完成
2025-12-30 11:51:19.185 [udp-io-thread-1-1] INFO  c.bit.solana.p2p.quic.SendQuicData - 数据发送完毕
2025-12-30 11:51:19.185 [udp-io-thread-1-1] INFO  c.bit.solana.p2p.quic.SendQuicData - 当前数据耗时820300
2025-12-30 11:51:19.185 [udp-io-thread-1-1] INFO  c.bit.solana.p2p.quic.SendQuicData - 平均每帧耗时661280.0
2025-12-30 11:51:19.185 [quic-consumer-1767066626965] INFO  c.b.s.p.i.handle.QuicDataProcessor - 收到响应: P2PMessage{senderId=BJfacYs27FRthbjxKaEHrJRbnd8kMyfSRReg7qunstkh, messageId=019b6d61b79079faa96fda21eeb35e6a, requestId=019b6d61b7667f46b2a7ef4bb057191b, reqResFlag=1, type=5, length=21, version=1}
2025-12-30 11:51:19.185 [quic-consumer-1767066626965] INFO  c.b.s.p.i.handle.QuicDataProcessor - 本次批量处理完成，共处理1条消息
2025-12-30 11:51:19.185 [http-nio-18333-exec-2] INFO  com.bit.solana.api.mock.MockApi - 节点回复：我已经收到回复
2025-12-30 11:51:20.110 [http-nio-18333-exec-10] INFO  com.bit.solana.p2p.impl.PeerClient - 节点IDBJfacYs27FRthbjxKaEHrJRbnd8kMyfSRReg7qunstkh
2025-12-30 11:51:20.110 [http-nio-18333-exec-10] INFO  c.bit.solana.p2p.quic.SendQuicData - [开始发送] 连接ID:131604819189170176 数据ID:131605012613693440 总帧数:1001
2025-12-30 11:51:20.111 [udp-io-thread-1-1] INFO  c.b.solana.p2p.quic.ReceiveQuicData - [初始化数据] 连接ID:131604819189170176 数据ID:131605012613693440 总帧数:1001
2025-12-30 11:51:20.139 [http-nio-18333-exec-10] INFO  c.bit.solana.p2p.quic.SendQuicData - [重传定时器启动] 连接ID:131604819189170176 数据ID:131605012613693440 首次重传延迟:500ms 后续重传间隔:20ms
2025-12-30 11:51:20.146 [udp-io-thread-1-1] INFO  c.b.solana.p2p.quic.ReceiveQuicData - 所有帧接收完成
2025-12-30 11:51:20.146 [udp-io-thread-1-1] INFO  c.bit.solana.p2p.quic.SendQuicData - [所有帧通过批量ACK确认] 连接ID:131604819189170176 数据ID:131605012613693440 传输完成
2025-12-30 11:51:20.146 [udp-io-thread-1-1] INFO  c.bit.solana.p2p.quic.SendQuicData - 数据发送完毕
2025-12-30 11:51:20.146 [udp-io-thread-1-1] INFO  c.bit.solana.p2p.quic.SendQuicData - 当前数据耗时7239400
2025-12-30 11:51:20.147 [udp-io-thread-1-1] INFO  c.bit.solana.p2p.quic.SendQuicData - 平均每帧耗时5532668.0
2025-12-30 11:51:20.147 [udp-io-thread-1-1] INFO  c.b.solana.p2p.quic.ReceiveQuicData - 完整数据长度1400082 数据ID131605012613693440
2025-12-30 11:51:20.148 [quic-consumer-1767066628362] INFO  c.b.s.p.i.handle.QuicDataProcessor - 收到请求: P2PMessage{senderId=74sDMeR9Hq9aJTniBTPxs4b53NdG647rsspgfUF2EiMF, messageId=019b6d61bb2d7f8cbdd5cbb3a1ef4e99, requestId=019b6d61bb2d7f8cbdd5cbb3a1ef4e99, reqResFlag=0, type=5, length=1400000, version=1}
2025-12-30 11:51:20.148 [quic-consumer-1767066628362] INFO  c.b.s.p2p.protocol.impl.TextHandler - 数据长度1400000
2025-12-30 11:51:20.148 [quic-consumer-1767066628362] INFO  c.bit.solana.p2p.quic.SendQuicData - [开始发送] 连接ID:131604819189170176 数据ID:131605012773076992 总帧数:1
2025-12-30 11:51:20.148 [quic-consumer-1767066628362] INFO  c.bit.solana.p2p.quic.SendQuicData - [重传定时器启动] 连接ID:131604819189170176 数据ID:131605012773076992 首次重传延迟:500ms 后续重传间隔:20ms
2025-12-30 11:51:20.148 [quic-consumer-1767066628362] INFO  c.b.s.p.i.handle.QuicDataProcessor - 本次批量处理完成，共处理1条消息
2025-12-30 11:51:20.149 [udp-io-thread-1-1] INFO  c.b.solana.p2p.quic.ReceiveQuicData - [初始化数据] 连接ID:131604819189170176 数据ID:131605012773076992 总帧数:1
2025-12-30 11:51:20.149 [udp-io-thread-1-1] INFO  c.b.solana.p2p.quic.ReceiveQuicData - 所有帧接收完成
2025-12-30 11:51:20.149 [udp-io-thread-1-1] INFO  c.b.solana.p2p.quic.ReceiveQuicData - 完整数据长度101 数据ID131605012773076992
2025-12-30 11:51:20.149 [udp-io-thread-1-1] INFO  c.bit.solana.p2p.quic.SendQuicData - [所有帧通过批量ACK确认] 连接ID:131604819189170176 数据ID:131605012773076992 传输完成
2025-12-30 11:51:20.149 [udp-io-thread-1-1] INFO  c.bit.solana.p2p.quic.SendQuicData - 数据发送完毕
2025-12-30 11:51:20.149 [udp-io-thread-1-1] INFO  c.bit.solana.p2p.quic.SendQuicData - 当前数据耗时481700
2025-12-30 11:51:20.149 [udp-io-thread-1-1] INFO  c.bit.solana.p2p.quic.SendQuicData - 平均每帧耗时627772.0
2025-12-30 11:51:20.149 [quic-consumer-1767066626965] INFO  c.b.s.p.i.handle.QuicDataProcessor - 收到响应: P2PMessage{senderId=BJfacYs27FRthbjxKaEHrJRbnd8kMyfSRReg7qunstkh, messageId=019b6d61bb5477b28785b018e0008d12, requestId=019b6d61bb2d7f8cbdd5cbb3a1ef4e99, reqResFlag=1, type=5, length=21, version=1}
2025-12-30 11:51:20.149 [quic-consumer-1767066626965] INFO  c.b.s.p.i.handle.QuicDataProcessor - 本次批量处理完成，共处理1条消息
2025-12-30 11:51:20.149 [http-nio-18333-exec-10] INFO  com.bit.solana.api.mock.MockApi - 节点回复：我已经收到回复
2025-12-30 11:51:20.997 [http-nio-18333-exec-3] INFO  com.bit.solana.p2p.impl.PeerClient - 节点IDBJfacYs27FRthbjxKaEHrJRbnd8kMyfSRReg7qunstkh
2025-12-30 11:51:20.998 [http-nio-18333-exec-3] INFO  c.bit.solana.p2p.quic.SendQuicData - [开始发送] 连接ID:131604819189170176 数据ID:131605016338235392 总帧数:1001
2025-12-30 11:51:20.998 [udp-io-thread-1-1] INFO  c.b.solana.p2p.quic.ReceiveQuicData - [初始化数据] 连接ID:131604819189170176 数据ID:131605016338235392 总帧数:1001
2025-12-30 11:51:21.024 [http-nio-18333-exec-3] INFO  c.bit.solana.p2p.quic.SendQuicData - [重传定时器启动] 连接ID:131604819189170176 数据ID:131605016338235392 首次重传延迟:500ms 后续重传间隔:20ms
2025-12-30 11:51:21.028 [udp-io-thread-1-1] INFO  c.b.solana.p2p.quic.ReceiveQuicData - 所有帧接收完成
2025-12-30 11:51:21.028 [udp-io-thread-1-1] INFO  c.bit.solana.p2p.quic.SendQuicData - [所有帧通过批量ACK确认] 连接ID:131604819189170176 数据ID:131605016338235392 传输完成
2025-12-30 11:51:21.028 [udp-io-thread-1-1] INFO  c.bit.solana.p2p.quic.SendQuicData - 数据发送完毕
2025-12-30 11:51:21.028 [udp-io-thread-1-1] INFO  c.bit.solana.p2p.quic.SendQuicData - 当前数据耗时3888600
2025-12-30 11:51:21.028 [udp-io-thread-1-1] INFO  c.bit.solana.p2p.quic.SendQuicData - 平均每帧耗时5612905.0
2025-12-30 11:51:21.029 [udp-io-thread-1-1] INFO  c.b.solana.p2p.quic.ReceiveQuicData - 完整数据长度1400082 数据ID131605016338235392
2025-12-30 11:51:21.030 [quic-consumer-1767066628362] INFO  c.b.s.p.i.handle.QuicDataProcessor - 收到请求: P2PMessage{senderId=74sDMeR9Hq9aJTniBTPxs4b53NdG647rsspgfUF2EiMF, messageId=019b6d61bea5715db6c4dc2f7d4d1248, requestId=019b6d61bea5715db6c4dc2f7d4d1248, reqResFlag=0, type=5, length=1400000, version=1}
2025-12-30 11:51:21.030 [quic-consumer-1767066628362] INFO  c.b.s.p2p.protocol.impl.TextHandler - 数据长度1400000
2025-12-30 11:51:21.030 [quic-consumer-1767066628362] INFO  c.bit.solana.p2p.quic.SendQuicData - [开始发送] 连接ID:131604819189170176 数据ID:131605016472453120 总帧数:1
2025-12-30 11:51:21.030 [quic-consumer-1767066628362] INFO  c.bit.solana.p2p.quic.SendQuicData - [重传定时器启动] 连接ID:131604819189170176 数据ID:131605016472453120 首次重传延迟:500ms 后续重传间隔:20ms
2025-12-30 11:51:21.030 [quic-consumer-1767066628362] INFO  c.b.s.p.i.handle.QuicDataProcessor - 本次批量处理完成，共处理1条消息
2025-12-30 11:51:21.031 [udp-io-thread-1-1] INFO  c.b.solana.p2p.quic.ReceiveQuicData - [初始化数据] 连接ID:131604819189170176 数据ID:131605016472453120 总帧数:1
2025-12-30 11:51:21.031 [udp-io-thread-1-1] INFO  c.b.solana.p2p.quic.ReceiveQuicData - 所有帧接收完成
2025-12-30 11:51:21.031 [udp-io-thread-1-1] INFO  c.b.solana.p2p.quic.ReceiveQuicData - 完整数据长度101 数据ID131605016472453120
2025-12-30 11:51:21.031 [quic-consumer-1767066626965] INFO  c.b.s.p.i.handle.QuicDataProcessor - 收到响应: P2PMessage{senderId=BJfacYs27FRthbjxKaEHrJRbnd8kMyfSRReg7qunstkh, messageId=019b6d61bec671cabd8b3911e3dfc567, requestId=019b6d61bea5715db6c4dc2f7d4d1248, reqResFlag=1, type=5, length=21, version=1}
2025-12-30 11:51:21.031 [udp-io-thread-1-1] INFO  c.bit.solana.p2p.quic.SendQuicData - [所有帧通过批量ACK确认] 连接ID:131604819189170176 数据ID:131605016472453120 传输完成
2025-12-30 11:51:21.031 [udp-io-thread-1-1] INFO  c.bit.solana.p2p.quic.SendQuicData - 数据发送完毕
2025-12-30 11:51:21.031 [quic-consumer-1767066626965] INFO  c.b.s.p.i.handle.QuicDataProcessor - 本次批量处理完成，共处理1条消息
2025-12-30 11:51:21.031 [udp-io-thread-1-1] INFO  c.bit.solana.p2p.quic.SendQuicData - 当前数据耗时769400
2025-12-30 11:51:21.032 [udp-io-thread-1-1] INFO  c.bit.solana.p2p.quic.SendQuicData - 平均每帧耗时610425.0
2025-12-30 11:51:21.032 [http-nio-18333-exec-3] INFO  com.bit.solana.api.mock.MockApi - 节点回复：我已经收到回复
2025-12-30 11:51:21.866 [http-nio-18333-exec-5] INFO  com.bit.solana.p2p.impl.PeerClient - 节点IDBJfacYs27FRthbjxKaEHrJRbnd8kMyfSRReg7qunstkh
2025-12-30 11:51:21.866 [http-nio-18333-exec-5] INFO  c.bit.solana.p2p.quic.SendQuicData - [开始发送] 连接ID:131604819189170176 数据ID:131605019978891264 总帧数:1001
2025-12-30 11:51:21.866 [udp-io-thread-1-1] INFO  c.b.solana.p2p.quic.ReceiveQuicData - [初始化数据] 连接ID:131604819189170176 数据ID:131605019978891264 总帧数:1001
2025-12-30 11:51:21.895 [http-nio-18333-exec-5] INFO  c.bit.solana.p2p.quic.SendQuicData - [重传定时器启动] 连接ID:131604819189170176 数据ID:131605019978891264 首次重传延迟:500ms 后续重传间隔:20ms
2025-12-30 11:51:21.899 [udp-io-thread-1-1] INFO  c.b.solana.p2p.quic.ReceiveQuicData - 所有帧接收完成
2025-12-30 11:51:21.899 [udp-io-thread-1-1] INFO  c.bit.solana.p2p.quic.SendQuicData - [所有帧通过批量ACK确认] 连接ID:131604819189170176 数据ID:131605019978891264 传输完成
2025-12-30 11:51:21.899 [udp-io-thread-1-1] INFO  c.bit.solana.p2p.quic.SendQuicData - 数据发送完毕
2025-12-30 11:51:21.899 [udp-io-thread-1-1] INFO  c.bit.solana.p2p.quic.SendQuicData - 当前数据耗时4504100
2025-12-30 11:51:21.899 [udp-io-thread-1-1] INFO  c.bit.solana.p2p.quic.SendQuicData - 平均每帧耗时5910036.0
2025-12-30 11:51:21.899 [udp-io-thread-1-1] INFO  c.b.solana.p2p.quic.ReceiveQuicData - 完整数据长度1400082 数据ID131605019978891264
2025-12-30 11:51:21.899 [quic-consumer-1767066628362] INFO  c.b.s.p.i.handle.QuicDataProcessor - 收到请求: P2PMessage{senderId=74sDMeR9Hq9aJTniBTPxs4b53NdG647rsspgfUF2EiMF, messageId=019b6d61c20974f7b0077e6545ca496f, requestId=019b6d61c20974f7b0077e6545ca496f, reqResFlag=0, type=5, length=1400000, version=1}
2025-12-30 11:51:21.900 [quic-consumer-1767066628362] INFO  c.b.s.p2p.protocol.impl.TextHandler - 数据长度1400000
2025-12-30 11:51:21.900 [quic-consumer-1767066628362] INFO  c.bit.solana.p2p.quic.SendQuicData - [开始发送] 连接ID:131604819189170176 数据ID:131605020121497600 总帧数:1
2025-12-30 11:51:21.900 [quic-consumer-1767066628362] INFO  c.bit.solana.p2p.quic.SendQuicData - [重传定时器启动] 连接ID:131604819189170176 数据ID:131605020121497600 首次重传延迟:500ms 后续重传间隔:20ms
2025-12-30 11:51:21.900 [quic-consumer-1767066628362] INFO  c.b.s.p.i.handle.QuicDataProcessor - 本次批量处理完成，共处理1条消息
2025-12-30 11:51:21.900 [udp-io-thread-1-1] INFO  c.b.solana.p2p.quic.ReceiveQuicData - [初始化数据] 连接ID:131604819189170176 数据ID:131605020121497600 总帧数:1
2025-12-30 11:51:21.900 [udp-io-thread-1-1] INFO  c.b.solana.p2p.quic.ReceiveQuicData - 所有帧接收完成
2025-12-30 11:51:21.900 [udp-io-thread-1-1] INFO  c.b.solana.p2p.quic.ReceiveQuicData - 完整数据长度101 数据ID131605020121497600
2025-12-30 11:51:21.900 [udp-io-thread-1-1] INFO  c.bit.solana.p2p.quic.SendQuicData - [所有帧通过批量ACK确认] 连接ID:131604819189170176 数据ID:131605020121497600 传输完成
2025-12-30 11:51:21.900 [udp-io-thread-1-1] INFO  c.bit.solana.p2p.quic.SendQuicData - 数据发送完毕
2025-12-30 11:51:21.900 [udp-io-thread-1-1] INFO  c.bit.solana.p2p.quic.SendQuicData - 当前数据耗时514400
2025-12-30 11:51:21.900 [udp-io-thread-1-1] INFO  c.bit.solana.p2p.quic.SendQuicData - 平均每帧耗时588792.0
2025-12-30 11:51:21.900 [quic-consumer-1767066626965] INFO  c.b.s.p.i.handle.QuicDataProcessor - 收到响应: P2PMessage{senderId=BJfacYs27FRthbjxKaEHrJRbnd8kMyfSRReg7qunstkh, messageId=019b6d61c22c7c4da7bf71239bf09127, requestId=019b6d61c20974f7b0077e6545ca496f, reqResFlag=1, type=5, length=21, version=1}
2025-12-30 11:51:21.901 [quic-consumer-1767066626965] INFO  c.b.s.p.i.handle.QuicDataProcessor - 本次批量处理完成，共处理1条消息
2025-12-30 11:51:21.901 [http-nio-18333-exec-5] INFO  com.bit.solana.api.mock.MockApi - 节点回复：我已经收到回复
2025-12-30 11:51:22.755 [http-nio-18333-exec-6] INFO  com.bit.solana.p2p.impl.PeerClient - 节点IDBJfacYs27FRthbjxKaEHrJRbnd8kMyfSRReg7qunstkh
2025-12-30 11:51:22.756 [http-nio-18333-exec-6] INFO  c.bit.solana.p2p.quic.SendQuicData - [开始发送] 连接ID:131604819189170176 数据ID:131605023707627520 总帧数:1001
2025-12-30 11:51:22.757 [udp-io-thread-1-1] INFO  c.b.solana.p2p.quic.ReceiveQuicData - [初始化数据] 连接ID:131604819189170176 数据ID:131605023707627520 总帧数:1001
2025-12-30 11:51:22.790 [http-nio-18333-exec-6] INFO  c.bit.solana.p2p.quic.SendQuicData - [重传定时器启动] 连接ID:131604819189170176 数据ID:131605023707627520 首次重传延迟:500ms 后续重传间隔:20ms
2025-12-30 11:51:22.790 [udp-io-thread-1-1] INFO  c.b.solana.p2p.quic.ReceiveQuicData - 所有帧接收完成
2025-12-30 11:51:22.790 [udp-io-thread-1-1] INFO  c.bit.solana.p2p.quic.SendQuicData - [所有帧通过批量ACK确认] 连接ID:131604819189170176 数据ID:131605023707627520 传输完成
2025-12-30 11:51:22.790 [udp-io-thread-1-1] INFO  c.bit.solana.p2p.quic.SendQuicData - 数据发送完毕
2025-12-30 11:51:22.790 [udp-io-thread-1-1] INFO  c.bit.solana.p2p.quic.SendQuicData - 当前数据耗时308100
2025-12-30 11:51:22.790 [udp-io-thread-1-1] INFO  c.bit.solana.p2p.quic.SendQuicData - 平均每帧耗时5641810.0
2025-12-30 11:51:22.791 [udp-io-thread-1-1] INFO  c.b.solana.p2p.quic.ReceiveQuicData - 完整数据长度1400082 数据ID131605023707627520
2025-12-30 11:51:22.792 [quic-consumer-1767066628362] INFO  c.b.s.p.i.handle.QuicDataProcessor - 收到请求: P2PMessage{senderId=74sDMeR9Hq9aJTniBTPxs4b53NdG647rsspgfUF2EiMF, messageId=019b6d61c58274d1bc3a32ac2ba2a5df, requestId=019b6d61c58274d1bc3a32ac2ba2a5df, reqResFlag=0, type=5, length=1400000, version=1}
2025-12-30 11:51:22.792 [quic-consumer-1767066628362] INFO  c.b.s.p2p.protocol.impl.TextHandler - 数据长度1400000
2025-12-30 11:51:22.792 [quic-consumer-1767066628362] INFO  c.bit.solana.p2p.quic.SendQuicData - [开始发送] 连接ID:131604819189170176 数据ID:131605023862816768 总帧数:1
2025-12-30 11:51:22.793 [quic-consumer-1767066628362] INFO  c.bit.solana.p2p.quic.SendQuicData - [重传定时器启动] 连接ID:131604819189170176 数据ID:131605023862816768 首次重传延迟:500ms 后续重传间隔:20ms
2025-12-30 11:51:22.793 [quic-consumer-1767066628362] INFO  c.b.s.p.i.handle.QuicDataProcessor - 本次批量处理完成，共处理1条消息
2025-12-30 11:51:22.793 [udp-io-thread-1-1] INFO  c.b.solana.p2p.quic.ReceiveQuicData - [初始化数据] 连接ID:131604819189170176 数据ID:131605023862816768 总帧数:1
2025-12-30 11:51:22.793 [udp-io-thread-1-1] INFO  c.b.solana.p2p.quic.ReceiveQuicData - 所有帧接收完成
2025-12-30 11:51:22.793 [udp-io-thread-1-1] INFO  c.b.solana.p2p.quic.ReceiveQuicData - 完整数据长度101 数据ID131605023862816768
2025-12-30 11:51:22.793 [udp-io-thread-1-1] INFO  c.bit.solana.p2p.quic.SendQuicData - [所有帧通过批量ACK确认] 连接ID:131604819189170176 数据ID:131605023862816768 传输完成
2025-12-30 11:51:22.793 [udp-io-thread-1-1] INFO  c.bit.solana.p2p.quic.SendQuicData - 数据发送完毕
2025-12-30 11:51:22.793 [udp-io-thread-1-1] INFO  c.bit.solana.p2p.quic.SendQuicData - 当前数据耗时698500
2025-12-30 11:51:22.793 [udp-io-thread-1-1] INFO  c.bit.solana.p2p.quic.SendQuicData - 平均每帧耗时582957.0
2025-12-30 11:51:22.793 [quic-consumer-1767066626965] INFO  c.b.s.p.i.handle.QuicDataProcessor - 收到响应: P2PMessage{senderId=BJfacYs27FRthbjxKaEHrJRbnd8kMyfSRReg7qunstkh, messageId=019b6d61c5a8710fb748d0f4b4a0540d, requestId=019b6d61c58274d1bc3a32ac2ba2a5df, reqResFlag=1, type=5, length=21, version=1}
2025-12-30 11:51:22.793 [quic-consumer-1767066626965] INFO  c.b.s.p.i.handle.QuicDataProcessor - 本次批量处理完成，共处理1条消息
2025-12-30 11:51:22.793 [http-nio-18333-exec-6] INFO  com.bit.solana.api.mock.MockApi - 节点回复：我已经收到回复
2025-12-30 11:51:26.327 [http-nio-18333-exec-7] INFO  com.bit.solana.p2p.impl.PeerClient - 节点IDBJfacYs27FRthbjxKaEHrJRbnd8kMyfSRReg7qunstkh
2025-12-30 11:51:26.329 [http-nio-18333-exec-7] INFO  c.bit.solana.p2p.quic.SendQuicData - [开始发送] 连接ID:131604819189170176 数据ID:131605038689681408 总帧数:5286
2025-12-30 11:51:26.330 [udp-io-thread-1-1] INFO  c.b.solana.p2p.quic.ReceiveQuicData - [初始化数据] 连接ID:131604819189170176 数据ID:131605038689681408 总帧数:5286
2025-12-30 11:51:26.484 [http-nio-18333-exec-7] INFO  c.bit.solana.p2p.quic.SendQuicData - [重传定时器启动] 连接ID:131604819189170176 数据ID:131605038689681408 首次重传延迟:500ms 后续重传间隔:20ms
2025-12-30 11:51:26.503 [udp-io-thread-1-1] INFO  c.b.solana.p2p.quic.ReceiveQuicData - 所有帧接收完成
2025-12-30 11:51:26.503 [udp-io-thread-1-1] INFO  c.bit.solana.p2p.quic.SendQuicData - [所有帧通过批量ACK确认] 连接ID:131604819189170176 数据ID:131605038689681408 传输完成
2025-12-30 11:51:26.503 [udp-io-thread-1-1] INFO  c.bit.solana.p2p.quic.SendQuicData - 数据发送完毕
2025-12-30 11:51:26.503 [udp-io-thread-1-1] INFO  c.bit.solana.p2p.quic.SendQuicData - 当前数据耗时19688200
2025-12-30 11:51:26.503 [udp-io-thread-1-1] INFO  c.bit.solana.p2p.quic.SendQuicData - 平均每帧耗时1.3748007E7
2025-12-30 11:51:26.507 [udp-io-thread-1-1] INFO  c.b.solana.p2p.quic.ReceiveQuicData - 完整数据长度7400084 数据ID131605038689681408
2025-12-30 11:51:26.509 [quic-consumer-1767066628362] INFO  c.b.s.p.i.handle.QuicDataProcessor - 收到请求: P2PMessage{senderId=74sDMeR9Hq9aJTniBTPxs4b53NdG647rsspgfUF2EiMF, messageId=019b6d61d3747d959c73bcd7edf50770, requestId=019b6d61d3747d959c73bcd7edf50770, reqResFlag=0, type=5, length=7400000, version=1}
2025-12-30 11:51:26.509 [quic-consumer-1767066628362] INFO  c.b.s.p2p.protocol.impl.TextHandler - 数据长度7400000
2025-12-30 11:51:26.510 [quic-consumer-1767066628362] INFO  c.bit.solana.p2p.quic.SendQuicData - [开始发送] 连接ID:131604819189170176 数据ID:131605039457239040 总帧数:1
2025-12-30 11:51:26.510 [quic-consumer-1767066628362] INFO  c.bit.solana.p2p.quic.SendQuicData - [重传定时器启动] 连接ID:131604819189170176 数据ID:131605039457239040 首次重传延迟:500ms 后续重传间隔:20ms
2025-12-30 11:51:26.510 [quic-consumer-1767066628362] INFO  c.b.s.p.i.handle.QuicDataProcessor - 本次批量处理完成，共处理1条消息
2025-12-30 11:51:26.510 [udp-io-thread-1-1] INFO  c.b.solana.p2p.quic.ReceiveQuicData - [初始化数据] 连接ID:131604819189170176 数据ID:131605039457239040 总帧数:1
2025-12-30 11:51:26.510 [udp-io-thread-1-1] INFO  c.b.solana.p2p.quic.ReceiveQuicData - 所有帧接收完成
2025-12-30 11:51:26.510 [udp-io-thread-1-1] INFO  c.b.solana.p2p.quic.ReceiveQuicData - 完整数据长度101 数据ID131605039457239040
2025-12-30 11:51:26.511 [udp-io-thread-1-1] INFO  c.bit.solana.p2p.quic.SendQuicData - [所有帧通过批量ACK确认] 连接ID:131604819189170176 数据ID:131605039457239040 传输完成
2025-12-30 11:51:26.511 [udp-io-thread-1-1] INFO  c.bit.solana.p2p.quic.SendQuicData - 数据发送完毕
2025-12-30 11:51:26.511 [udp-io-thread-1-1] INFO  c.bit.solana.p2p.quic.SendQuicData - 当前数据耗时787000
2025-12-30 11:51:26.511 [udp-io-thread-1-1] INFO  c.bit.solana.p2p.quic.SendQuicData - 平均每帧耗时572173.0
2025-12-30 11:51:26.511 [quic-consumer-1767066626965] INFO  c.b.s.p.i.handle.QuicDataProcessor - 收到响应: P2PMessage{senderId=BJfacYs27FRthbjxKaEHrJRbnd8kMyfSRReg7qunstkh, messageId=019b6d61d42d7ef99e6570ec60a347af, requestId=019b6d61d3747d959c73bcd7edf50770, reqResFlag=1, type=5, length=21, version=1}
2025-12-30 11:51:26.511 [quic-consumer-1767066626965] INFO  c.b.s.p.i.handle.QuicDataProcessor - 本次批量处理完成，共处理1条消息
2025-12-30 11:51:26.511 [http-nio-18333-exec-7] INFO  com.bit.solana.api.mock.MockApi - 节点回复：我已经收到回复
2025-12-30 11:51:27.401 [http-nio-18333-exec-8] INFO  com.bit.solana.p2p.impl.PeerClient - 节点IDBJfacYs27FRthbjxKaEHrJRbnd8kMyfSRReg7qunstkh
2025-12-30 11:51:27.405 [http-nio-18333-exec-8] INFO  c.bit.solana.p2p.quic.SendQuicData - [开始发送] 连接ID:131604819189170176 数据ID:131605043194363904 总帧数:5286
2025-12-30 11:51:27.417 [udp-io-thread-1-1] INFO  c.b.solana.p2p.quic.ReceiveQuicData - [初始化数据] 连接ID:131604819189170176 数据ID:131605043194363904 总帧数:5286
2025-12-30 11:51:27.560 [http-nio-18333-exec-8] INFO  c.bit.solana.p2p.quic.SendQuicData - [重传定时器启动] 连接ID:131604819189170176 数据ID:131605043194363904 首次重传延迟:500ms 后续重传间隔:20ms
2025-12-30 11:51:27.596 [udp-io-thread-1-1] INFO  c.b.solana.p2p.quic.ReceiveQuicData - 所有帧接收完成
2025-12-30 11:51:27.596 [udp-io-thread-1-1] INFO  c.bit.solana.p2p.quic.SendQuicData - [所有帧通过批量ACK确认] 连接ID:131604819189170176 数据ID:131605043194363904 传输完成
2025-12-30 11:51:27.596 [udp-io-thread-1-1] INFO  c.bit.solana.p2p.quic.SendQuicData - 数据发送完毕
2025-12-30 11:51:27.596 [udp-io-thread-1-1] INFO  c.bit.solana.p2p.quic.SendQuicData - 当前数据耗时35841900
2025-12-30 11:51:27.596 [udp-io-thread-1-1] INFO  c.bit.solana.p2p.quic.SendQuicData - 平均每帧耗时1.7897617E7
2025-12-30 11:51:27.601 [udp-io-thread-1-1] INFO  c.b.solana.p2p.quic.ReceiveQuicData - 完整数据长度7400084 数据ID131605043194363904
2025-12-30 11:51:27.607 [quic-consumer-1767066628362] INFO  c.b.s.p.i.handle.QuicDataProcessor - 收到请求: P2PMessage{senderId=74sDMeR9Hq9aJTniBTPxs4b53NdG647rsspgfUF2EiMF, messageId=019b6d61d7a476c1912dd14961375909, requestId=019b6d61d7a476c1912dd14961375909, reqResFlag=0, type=5, length=7400000, version=1}
2025-12-30 11:51:27.607 [quic-consumer-1767066628362] INFO  c.b.s.p2p.protocol.impl.TextHandler - 数据长度7400000
2025-12-30 11:51:27.607 [quic-consumer-1767066628362] INFO  c.bit.solana.p2p.quic.SendQuicData - [开始发送] 连接ID:131604819189170176 数据ID:131605044058390528 总帧数:1
2025-12-30 11:51:27.607 [quic-consumer-1767066628362] INFO  c.bit.solana.p2p.quic.SendQuicData - [重传定时器启动] 连接ID:131604819189170176 数据ID:131605044058390528 首次重传延迟:500ms 后续重传间隔:20ms
2025-12-30 11:51:27.607 [quic-consumer-1767066628362] INFO  c.b.s.p.i.handle.QuicDataProcessor - 本次批量处理完成，共处理1条消息
2025-12-30 11:51:27.608 [udp-io-thread-1-1] INFO  c.b.solana.p2p.quic.ReceiveQuicData - [初始化数据] 连接ID:131604819189170176 数据ID:131605044058390528 总帧数:1
2025-12-30 11:51:27.608 [udp-io-thread-1-1] INFO  c.b.solana.p2p.quic.ReceiveQuicData - 所有帧接收完成
2025-12-30 11:51:27.608 [udp-io-thread-1-1] INFO  c.b.solana.p2p.quic.ReceiveQuicData - 完整数据长度101 数据ID131605044058390528
2025-12-30 11:51:27.608 [udp-io-thread-1-1] INFO  c.bit.solana.p2p.quic.SendQuicData - [所有帧通过批量ACK确认] 连接ID:131604819189170176 数据ID:131605044058390528 传输完成
2025-12-30 11:51:27.608 [udp-io-thread-1-1] INFO  c.bit.solana.p2p.quic.SendQuicData - 数据发送完毕
2025-12-30 11:51:27.608 [udp-io-thread-1-1] INFO  c.bit.solana.p2p.quic.SendQuicData - 当前数据耗时607100
2025-12-30 11:51:27.608 [udp-io-thread-1-1] INFO  c.bit.solana.p2p.quic.SendQuicData - 平均每帧耗时560750.0
2025-12-30 11:51:27.608 [quic-consumer-1767066626965] INFO  c.b.s.p.i.handle.QuicDataProcessor - 收到响应: P2PMessage{senderId=BJfacYs27FRthbjxKaEHrJRbnd8kMyfSRReg7qunstkh, messageId=019b6d61d8777aceae5a504b1272dc1a, requestId=019b6d61d7a476c1912dd14961375909, reqResFlag=1, type=5, length=21, version=1}
2025-12-30 11:51:27.608 [quic-consumer-1767066626965] INFO  c.b.s.p.i.handle.QuicDataProcessor - 本次批量处理完成，共处理1条消息
2025-12-30 11:51:27.608 [http-nio-18333-exec-8] INFO  com.bit.solana.api.mock.MockApi - 节点回复：我已经收到回复
2025-12-30 11:51:29.459 [http-nio-18333-exec-9] INFO  com.bit.solana.p2p.impl.PeerClient - 节点IDBJfacYs27FRthbjxKaEHrJRbnd8kMyfSRReg7qunstkh
2025-12-30 11:51:29.465 [http-nio-18333-exec-9] INFO  c.bit.solana.p2p.quic.SendQuicData - [开始发送] 连接ID:131604819189170176 数据ID:131605051826241536 总帧数:5286
2025-12-30 11:51:29.465 [udp-io-thread-1-1] INFO  c.b.solana.p2p.quic.ReceiveQuicData - [初始化数据] 连接ID:131604819189170176 数据ID:131605051826241536 总帧数:5286
2025-12-30 11:51:29.613 [http-nio-18333-exec-9] INFO  c.bit.solana.p2p.quic.SendQuicData - [重传定时器启动] 连接ID:131604819189170176 数据ID:131605051826241536 首次重传延迟:500ms 后续重传间隔:20ms
2025-12-30 11:51:29.667 [udp-io-thread-1-1] INFO  c.b.solana.p2p.quic.ReceiveQuicData - 所有帧接收完成
2025-12-30 11:51:29.667 [udp-io-thread-1-1] INFO  c.bit.solana.p2p.quic.SendQuicData - [所有帧通过批量ACK确认] 连接ID:131604819189170176 数据ID:131605051826241536 传输完成
2025-12-30 11:51:29.667 [udp-io-thread-1-1] INFO  c.bit.solana.p2p.quic.SendQuicData - 数据发送完毕
2025-12-30 11:51:29.667 [udp-io-thread-1-1] INFO  c.bit.solana.p2p.quic.SendQuicData - 当前数据耗时54051000
2025-12-30 11:51:29.667 [udp-io-thread-1-1] INFO  c.bit.solana.p2p.quic.SendQuicData - 平均每帧耗时2.3327258E7
2025-12-30 11:51:29.671 [udp-io-thread-1-1] INFO  c.b.solana.p2p.quic.ReceiveQuicData - 完整数据长度7400084 数据ID131605051826241536
2025-12-30 11:51:29.677 [quic-consumer-1767066628362] INFO  c.b.s.p.i.handle.QuicDataProcessor - 收到请求: P2PMessage{senderId=74sDMeR9Hq9aJTniBTPxs4b53NdG647rsspgfUF2EiMF, messageId=019b6d61dfaf7738a90c4a1b9d2ead6d, requestId=019b6d61dfaf7738a90c4a1b9d2ead6d, reqResFlag=0, type=5, length=7400000, version=1}
2025-12-30 11:51:29.677 [quic-consumer-1767066628362] INFO  c.b.s.p2p.protocol.impl.TextHandler - 数据长度7400000
2025-12-30 11:51:29.677 [quic-consumer-1767066628362] INFO  c.bit.solana.p2p.quic.SendQuicData - [开始发送] 连接ID:131604819189170176 数据ID:131605052740599808 总帧数:1
2025-12-30 11:51:29.677 [quic-consumer-1767066628362] INFO  c.bit.solana.p2p.quic.SendQuicData - [重传定时器启动] 连接ID:131604819189170176 数据ID:131605052740599808 首次重传延迟:500ms 后续重传间隔:20ms
2025-12-30 11:51:29.677 [quic-consumer-1767066628362] INFO  c.b.s.p.i.handle.QuicDataProcessor - 本次批量处理完成，共处理1条消息
2025-12-30 11:51:29.678 [udp-io-thread-1-1] INFO  c.b.solana.p2p.quic.ReceiveQuicData - [初始化数据] 连接ID:131604819189170176 数据ID:131605052740599808 总帧数:1
2025-12-30 11:51:29.678 [udp-io-thread-1-1] INFO  c.b.solana.p2p.quic.ReceiveQuicData - 所有帧接收完成
2025-12-30 11:51:29.678 [udp-io-thread-1-1] INFO  c.b.solana.p2p.quic.ReceiveQuicData - 完整数据长度101 数据ID131605052740599808
2025-12-30 11:51:29.678 [udp-io-thread-1-1] INFO  c.bit.solana.p2p.quic.SendQuicData - [所有帧通过批量ACK确认] 连接ID:131604819189170176 数据ID:131605052740599808 传输完成
2025-12-30 11:51:29.678 [udp-io-thread-1-1] INFO  c.bit.solana.p2p.quic.SendQuicData - 数据发送完毕
2025-12-30 11:51:29.678 [udp-io-thread-1-1] INFO  c.bit.solana.p2p.quic.SendQuicData - 当前数据耗时800500
2025-12-30 11:51:29.678 [udp-io-thread-1-1] INFO  c.bit.solana.p2p.quic.SendQuicData - 平均每帧耗时554294.0
2025-12-30 11:51:29.678 [quic-consumer-1767066626965] INFO  c.b.s.p.i.handle.QuicDataProcessor - 收到响应: P2PMessage{senderId=BJfacYs27FRthbjxKaEHrJRbnd8kMyfSRReg7qunstkh, messageId=019b6d61e08d76678fb485ec5b5e86e0, requestId=019b6d61dfaf7738a90c4a1b9d2ead6d, reqResFlag=1, type=5, length=21, version=1}
2025-12-30 11:51:29.678 [quic-consumer-1767066626965] INFO  c.b.s.p.i.handle.QuicDataProcessor - 本次批量处理完成，共处理1条消息
2025-12-30 11:51:29.678 [http-nio-18333-exec-9] INFO  com.bit.solana.api.mock.MockApi - 节点回复：我已经收到回复
2025-12-30 11:51:30.320 [http-nio-18333-exec-4] INFO  com.bit.solana.p2p.impl.PeerClient - 节点IDBJfacYs27FRthbjxKaEHrJRbnd8kMyfSRReg7qunstkh
2025-12-30 11:51:30.323 [http-nio-18333-exec-4] INFO  c.bit.solana.p2p.quic.SendQuicData - [开始发送] 连接ID:131604819189170176 数据ID:131605055437537280 总帧数:5286
2025-12-30 11:51:30.324 [udp-io-thread-1-1] INFO  c.b.solana.p2p.quic.ReceiveQuicData - [初始化数据] 连接ID:131604819189170176 数据ID:131605055437537280 总帧数:5286
2025-12-30 11:51:30.478 [http-nio-18333-exec-4] INFO  c.bit.solana.p2p.quic.SendQuicData - [重传定时器启动] 连接ID:131604819189170176 数据ID:131605055437537280 首次重传延迟:500ms 后续重传间隔:20ms
2025-12-30 11:51:30.529 [udp-io-thread-1-1] INFO  c.b.solana.p2p.quic.ReceiveQuicData - 所有帧接收完成
2025-12-30 11:51:30.529 [udp-io-thread-1-1] INFO  c.bit.solana.p2p.quic.SendQuicData - [所有帧通过批量ACK确认] 连接ID:131604819189170176 数据ID:131605055437537280 传输完成
2025-12-30 11:51:30.529 [udp-io-thread-1-1] INFO  c.bit.solana.p2p.quic.SendQuicData - 数据发送完毕
2025-12-30 11:51:30.529 [udp-io-thread-1-1] INFO  c.bit.solana.p2p.quic.SendQuicData - 当前数据耗时51845700
2025-12-30 11:51:30.529 [udp-io-thread-1-1] INFO  c.bit.solana.p2p.quic.SendQuicData - 平均每帧耗时2.5071296E7
2025-12-30 11:51:30.533 [udp-io-thread-1-1] INFO  c.b.solana.p2p.quic.ReceiveQuicData - 完整数据长度7400084 数据ID131605055437537280
2025-12-30 11:51:30.536 [quic-consumer-1767066628362] INFO  c.b.s.p.i.handle.QuicDataProcessor - 收到请求: P2PMessage{senderId=74sDMeR9Hq9aJTniBTPxs4b53NdG647rsspgfUF2EiMF, messageId=019b6d61e30d78019dfec8fabf515493, requestId=019b6d61e30d78019dfec8fabf515493, reqResFlag=0, type=5, length=7400000, version=1}
2025-12-30 11:51:30.536 [quic-consumer-1767066628362] INFO  c.b.s.p2p.protocol.impl.TextHandler - 数据长度7400000
2025-12-30 11:51:30.536 [quic-consumer-1767066628362] INFO  c.bit.solana.p2p.quic.SendQuicData - [开始发送] 连接ID:131604819189170176 数据ID:131605056343506944 总帧数:1
2025-12-30 11:51:30.536 [quic-consumer-1767066628362] INFO  c.bit.solana.p2p.quic.SendQuicData - [重传定时器启动] 连接ID:131604819189170176 数据ID:131605056343506944 首次重传延迟:500ms 后续重传间隔:20ms
2025-12-30 11:51:30.536 [quic-consumer-1767066628362] INFO  c.b.s.p.i.handle.QuicDataProcessor - 本次批量处理完成，共处理1条消息
2025-12-30 11:51:30.537 [udp-io-thread-1-1] INFO  c.b.solana.p2p.quic.ReceiveQuicData - [初始化数据] 连接ID:131604819189170176 数据ID:131605056343506944 总帧数:1
2025-12-30 11:51:30.537 [udp-io-thread-1-1] INFO  c.b.solana.p2p.quic.ReceiveQuicData - 所有帧接收完成
2025-12-30 11:51:30.537 [udp-io-thread-1-1] INFO  c.b.solana.p2p.quic.ReceiveQuicData - 完整数据长度101 数据ID131605056343506944
2025-12-30 11:51:30.537 [quic-consumer-1767066626965] INFO  c.b.s.p.i.handle.QuicDataProcessor - 收到响应: P2PMessage{senderId=BJfacYs27FRthbjxKaEHrJRbnd8kMyfSRReg7qunstkh, messageId=019b6d61e3e872b49453d6d72b60f79d, requestId=019b6d61e30d78019dfec8fabf515493, reqResFlag=1, type=5, length=21, version=1}
2025-12-30 11:51:30.537 [quic-consumer-1767066626965] INFO  c.b.s.p.i.handle.QuicDataProcessor - 本次批量处理完成，共处理1条消息
2025-12-30 11:51:30.537 [udp-io-thread-1-1] INFO  c.bit.solana.p2p.quic.SendQuicData - [所有帧通过批量ACK确认] 连接ID:131604819189170176 数据ID:131605056343506944 传输完成
2025-12-30 11:51:30.537 [udp-io-thread-1-1] INFO  c.bit.solana.p2p.quic.SendQuicData - 数据发送完毕
2025-12-30 11:51:30.537 [udp-io-thread-1-1] INFO  c.bit.solana.p2p.quic.SendQuicData - 当前数据耗时912600
2025-12-30 11:51:30.537 [http-nio-18333-exec-4] INFO  com.bit.solana.api.mock.MockApi - 节点回复：我已经收到回复
2025-12-30 11:51:30.537 [udp-io-thread-1-1] INFO  c.bit.solana.p2p.quic.SendQuicData - 平均每帧耗时552255.0
2025-12-30 11:51:31.589 [http-nio-18333-exec-1] INFO  com.bit.solana.p2p.impl.PeerClient - 节点IDBJfacYs27FRthbjxKaEHrJRbnd8kMyfSRReg7qunstkh
2025-12-30 11:51:31.594 [http-nio-18333-exec-1] INFO  c.bit.solana.p2p.quic.SendQuicData - [开始发送] 连接ID:131604819189170176 数据ID:131605060760109056 总帧数:5286
2025-12-30 11:51:31.595 [udp-io-thread-1-1] INFO  c.b.solana.p2p.quic.ReceiveQuicData - [初始化数据] 连接ID:131604819189170176 数据ID:131605060760109056 总帧数:5286
2025-12-30 11:51:31.742 [http-nio-18333-exec-1] INFO  c.bit.solana.p2p.quic.SendQuicData - [重传定时器启动] 连接ID:131604819189170176 数据ID:131605060760109056 首次重传延迟:500ms 后续重传间隔:20ms
2025-12-30 11:51:31.790 [udp-io-thread-1-1] INFO  c.b.solana.p2p.quic.ReceiveQuicData - 所有帧接收完成
2025-12-30 11:51:31.790 [udp-io-thread-1-1] INFO  c.bit.solana.p2p.quic.SendQuicData - [所有帧通过批量ACK确认] 连接ID:131604819189170176 数据ID:131605060760109056 传输完成
2025-12-30 11:51:31.790 [udp-io-thread-1-1] INFO  c.bit.solana.p2p.quic.SendQuicData - 数据发送完毕
2025-12-30 11:51:31.790 [udp-io-thread-1-1] INFO  c.bit.solana.p2p.quic.SendQuicData - 当前数据耗时47694000
2025-12-30 11:51:31.790 [udp-io-thread-1-1] INFO  c.bit.solana.p2p.quic.SendQuicData - 平均每帧耗时2.5142212E7
2025-12-30 11:51:31.794 [udp-io-thread-1-1] INFO  c.b.solana.p2p.quic.ReceiveQuicData - 完整数据长度7400084 数据ID131605060760109056
2025-12-30 11:51:31.811 [quic-consumer-1767066628362] INFO  c.b.s.p.i.handle.QuicDataProcessor - 收到请求: P2PMessage{senderId=74sDMeR9Hq9aJTniBTPxs4b53NdG647rsspgfUF2EiMF, messageId=019b6d61e8027eb28e032a6ef33da225, requestId=019b6d61e8027eb28e032a6ef33da225, reqResFlag=0, type=5, length=7400000, version=1}
2025-12-30 11:51:31.811 [quic-consumer-1767066628362] INFO  c.b.s.p2p.protocol.impl.TextHandler - 数据长度7400000
2025-12-30 11:51:31.811 [quic-consumer-1767066628362] INFO  c.bit.solana.p2p.quic.SendQuicData - [开始发送] 连接ID:131604819189170176 数据ID:131605061691244544 总帧数:1
2025-12-30 11:51:31.812 [quic-consumer-1767066628362] INFO  c.bit.solana.p2p.quic.SendQuicData - [重传定时器启动] 连接ID:131604819189170176 数据ID:131605061691244544 首次重传延迟:500ms 后续重传间隔:20ms
2025-12-30 11:51:31.812 [quic-consumer-1767066628362] INFO  c.b.s.p.i.handle.QuicDataProcessor - 本次批量处理完成，共处理1条消息
2025-12-30 11:51:31.812 [udp-io-thread-1-1] INFO  c.b.solana.p2p.quic.ReceiveQuicData - [初始化数据] 连接ID:131604819189170176 数据ID:131605061691244544 总帧数:1
2025-12-30 11:51:31.812 [udp-io-thread-1-1] INFO  c.b.solana.p2p.quic.ReceiveQuicData - 所有帧接收完成
2025-12-30 11:51:31.812 [udp-io-thread-1-1] INFO  c.b.solana.p2p.quic.ReceiveQuicData - 完整数据长度101 数据ID131605061691244544
2025-12-30 11:51:31.812 [quic-consumer-1767066626965] INFO  c.b.s.p.i.handle.QuicDataProcessor - 收到响应: P2PMessage{senderId=BJfacYs27FRthbjxKaEHrJRbnd8kMyfSRReg7qunstkh, messageId=019b6d61e8e3760ca5c55834fee17cc0, requestId=019b6d61e8027eb28e032a6ef33da225, reqResFlag=1, type=5, length=21, version=1}
2025-12-30 11:51:31.813 [udp-io-thread-1-1] INFO  c.bit.solana.p2p.quic.SendQuicData - [所有帧通过批量ACK确认] 连接ID:131604819189170176 数据ID:131605061691244544 传输完成
2025-12-30 11:51:31.813 [quic-consumer-1767066626965] INFO  c.b.s.p.i.handle.QuicDataProcessor - 本次批量处理完成，共处理1条消息
2025-12-30 11:51:31.813 [udp-io-thread-1-1] INFO  c.bit.solana.p2p.quic.SendQuicData - 数据发送完毕
2025-12-30 11:51:31.813 [udp-io-thread-1-1] INFO  c.bit.solana.p2p.quic.SendQuicData - 当前数据耗时747100
2025-12-30 11:51:31.813 [http-nio-18333-exec-1] INFO  com.bit.solana.api.mock.MockApi - 节点回复：我已经收到回复
2025-12-30 11:51:31.813 [udp-io-thread-1-1] INFO  c.bit.solana.p2p.quic.SendQuicData - 平均每帧耗时545531.0
2025-12-30 11:51:32.821 [http-nio-18333-exec-2] INFO  com.bit.solana.p2p.impl.PeerClient - 节点IDBJfacYs27FRthbjxKaEHrJRbnd8kMyfSRReg7qunstkh
2025-12-30 11:51:32.824 [http-nio-18333-exec-2] INFO  c.bit.solana.p2p.quic.SendQuicData - [开始发送] 连接ID:131604819189170176 数据ID:131605065927491584 总帧数:5286
2025-12-30 11:51:32.824 [udp-io-thread-1-1] INFO  c.b.solana.p2p.quic.ReceiveQuicData - [初始化数据] 连接ID:131604819189170176 数据ID:131605065927491584 总帧数:5286
2025-12-30 11:51:32.980 [http-nio-18333-exec-2] INFO  c.bit.solana.p2p.quic.SendQuicData - [重传定时器启动] 连接ID:131604819189170176 数据ID:131605065927491584 首次重传延迟:500ms 后续重传间隔:20ms
2025-12-30 11:51:33.026 [udp-io-thread-1-1] INFO  c.bit.solana.p2p.quic.SendQuicData - [所有帧通过批量ACK确认] 连接ID:131604819189170176 数据ID:131605065927491584 传输完成
2025-12-30 11:51:33.026 [udp-io-thread-1-1] INFO  c.b.solana.p2p.quic.ReceiveQuicData - 所有帧接收完成
2025-12-30 11:51:33.026 [udp-io-thread-1-1] INFO  c.bit.solana.p2p.quic.SendQuicData - 数据发送完毕
2025-12-30 11:51:33.026 [udp-io-thread-1-1] INFO  c.bit.solana.p2p.quic.SendQuicData - 当前数据耗时46240900
2025-12-30 11:51:33.026 [udp-io-thread-1-1] INFO  c.bit.solana.p2p.quic.SendQuicData - 平均每帧耗时2.7816765E7
2025-12-30 11:51:33.030 [udp-io-thread-1-1] INFO  c.b.solana.p2p.quic.ReceiveQuicData - 完整数据长度7400084 数据ID131605065927491584
2025-12-30 11:51:33.034 [quic-consumer-1767066628362] INFO  c.b.s.p.i.handle.QuicDataProcessor - 收到请求: P2PMessage{senderId=74sDMeR9Hq9aJTniBTPxs4b53NdG647rsspgfUF2EiMF, messageId=019b6d61ecd37f7aa7a0991020d35ac7, requestId=019b6d61ecd37f7aa7a0991020d35ac7, reqResFlag=0, type=5, length=7400000, version=1}
2025-12-30 11:51:33.034 [quic-consumer-1767066628362] INFO  c.b.s.p2p.protocol.impl.TextHandler - 数据长度7400000
2025-12-30 11:51:33.034 [quic-consumer-1767066628362] INFO  c.bit.solana.p2p.quic.SendQuicData - [开始发送] 连接ID:131604819189170176 数据ID:131605066820878336 总帧数:1
2025-12-30 11:51:33.035 [quic-consumer-1767066628362] INFO  c.bit.solana.p2p.quic.SendQuicData - [重传定时器启动] 连接ID:131604819189170176 数据ID:131605066820878336 首次重传延迟:500ms 后续重传间隔:20ms
2025-12-30 11:51:33.035 [quic-consumer-1767066628362] INFO  c.b.s.p.i.handle.QuicDataProcessor - 本次批量处理完成，共处理1条消息
2025-12-30 11:51:33.035 [udp-io-thread-1-1] INFO  c.b.solana.p2p.quic.ReceiveQuicData - [初始化数据] 连接ID:131604819189170176 数据ID:131605066820878336 总帧数:1
2025-12-30 11:51:33.035 [udp-io-thread-1-1] INFO  c.b.solana.p2p.quic.ReceiveQuicData - 所有帧接收完成
2025-12-30 11:51:33.035 [udp-io-thread-1-1] INFO  c.b.solana.p2p.quic.ReceiveQuicData - 完整数据长度101 数据ID131605066820878336
2025-12-30 11:51:33.035 [udp-io-thread-1-1] INFO  c.bit.solana.p2p.quic.SendQuicData - [所有帧通过批量ACK确认] 连接ID:131604819189170176 数据ID:131605066820878336 传输完成
2025-12-30 11:51:33.035 [udp-io-thread-1-1] INFO  c.bit.solana.p2p.quic.SendQuicData - 数据发送完毕
2025-12-30 11:51:33.035 [udp-io-thread-1-1] INFO  c.bit.solana.p2p.quic.SendQuicData - 当前数据耗时634600
2025-12-30 11:51:33.035 [udp-io-thread-1-1] INFO  c.bit.solana.p2p.quic.SendQuicData - 平均每帧耗时539015.0
2025-12-30 11:51:33.035 [quic-consumer-1767066626965] INFO  c.b.s.p.i.handle.QuicDataProcessor - 收到响应: P2PMessage{senderId=BJfacYs27FRthbjxKaEHrJRbnd8kMyfSRReg7qunstkh, messageId=019b6d61edaa7faba9a9ebffaef3cf1a, requestId=019b6d61ecd37f7aa7a0991020d35ac7, reqResFlag=1, type=5, length=21, version=1}
2025-12-30 11:51:33.035 [quic-consumer-1767066626965] INFO  c.b.s.p.i.handle.QuicDataProcessor - 本次批量处理完成，共处理1条消息
2025-12-30 11:51:33.035 [http-nio-18333-exec-2] INFO  com.bit.solana.api.mock.MockApi - 节点回复：我已经收到回复
2025-12-30 13:39:41.444 [http-nio-18333-exec-5] INFO  com.bit.solana.p2p.impl.PeerClient - 节点IDBJfacYs27FRthbjxKaEHrJRbnd8kMyfSRReg7qunstkh
2025-12-30 13:39:41.446 [http-nio-18333-exec-5] INFO  c.bit.solana.p2p.quic.SendQuicData - [开始发送] 连接ID:131604819189170176 数据ID:131632281184894976 总帧数:5286
2025-12-30 13:39:41.447 [udp-io-thread-1-1] INFO  c.b.solana.p2p.quic.ReceiveQuicData - [初始化数据] 连接ID:131604819189170176 数据ID:131632281184894976 总帧数:5286
2025-12-30 13:39:41.565 [http-nio-18333-exec-5] INFO  c.bit.solana.p2p.quic.SendQuicData - [重传定时器启动] 连接ID:131604819189170176 数据ID:131632281184894976 首次重传延迟:500ms 后续重传间隔:20ms
2025-12-30 13:39:41.607 [udp-io-thread-1-1] INFO  c.b.solana.p2p.quic.ReceiveQuicData - 所有帧接收完成
2025-12-30 13:39:41.608 [udp-io-thread-1-1] INFO  c.bit.solana.p2p.quic.SendQuicData - [所有帧通过批量ACK确认] 连接ID:131604819189170176 数据ID:131632281184894976 传输完成
2025-12-30 13:39:41.608 [udp-io-thread-1-1] INFO  c.bit.solana.p2p.quic.SendQuicData - 数据发送完毕
2025-12-30 13:39:41.608 [udp-io-thread-1-1] INFO  c.bit.solana.p2p.quic.SendQuicData - 当前数据耗时42183000
2025-12-30 13:39:41.608 [udp-io-thread-1-1] INFO  c.bit.solana.p2p.quic.SendQuicData - 平均每帧耗时2.9426179E7
2025-12-30 13:39:41.609 [udp-io-thread-1-1] INFO  c.b.solana.p2p.quic.ReceiveQuicData - 完整数据长度7400084 数据ID131632281184894976
2025-12-30 13:39:41.612 [quic-consumer-1767066628362] INFO  c.b.s.p.i.handle.QuicDataProcessor - 收到请求: P2PMessage{senderId=74sDMeR9Hq9aJTniBTPxs4b53NdG647rsspgfUF2EiMF, messageId=019b6dc4ef0276da8ec9adf4f62a8d5b, requestId=019b6dc4ef0276da8ec9adf4f62a8d5b, reqResFlag=0, type=5, length=7400000, version=1}
2025-12-30 13:39:41.612 [quic-consumer-1767066628362] INFO  c.b.s.p2p.protocol.impl.TextHandler - 数据长度7400000
2025-12-30 13:39:41.613 [quic-consumer-1767066628362] INFO  c.bit.solana.p2p.quic.SendQuicData - [开始发送] 连接ID:131604819189170176 数据ID:131632281893732352 总帧数:1
2025-12-30 13:39:41.613 [quic-consumer-1767066628362] INFO  c.bit.solana.p2p.quic.SendQuicData - [重传定时器启动] 连接ID:131604819189170176 数据ID:131632281893732352 首次重传延迟:500ms 后续重传间隔:20ms
2025-12-30 13:39:41.613 [quic-consumer-1767066628362] INFO  c.b.s.p.i.handle.QuicDataProcessor - 本次批量处理完成，共处理1条消息
2025-12-30 13:39:41.613 [udp-io-thread-1-1] INFO  c.b.solana.p2p.quic.ReceiveQuicData - [初始化数据] 连接ID:131604819189170176 数据ID:131632281893732352 总帧数:1
2025-12-30 13:39:41.613 [udp-io-thread-1-1] INFO  c.b.solana.p2p.quic.ReceiveQuicData - 所有帧接收完成
2025-12-30 13:39:41.613 [udp-io-thread-1-1] INFO  c.b.solana.p2p.quic.ReceiveQuicData - 完整数据长度101 数据ID131632281893732352
2025-12-30 13:39:41.614 [udp-io-thread-1-1] INFO  c.bit.solana.p2p.quic.SendQuicData - [所有帧通过批量ACK确认] 连接ID:131604819189170176 数据ID:131632281893732352 传输完成
2025-12-30 13:39:41.614 [udp-io-thread-1-1] INFO  c.bit.solana.p2p.quic.SendQuicData - 数据发送完毕
2025-12-30 13:39:41.614 [udp-io-thread-1-1] INFO  c.bit.solana.p2p.quic.SendQuicData - 当前数据耗时1034500
2025-12-30 13:39:41.614 [udp-io-thread-1-1] INFO  c.bit.solana.p2p.quic.SendQuicData - 平均每帧耗时548980.0
2025-12-30 13:39:41.614 [quic-consumer-1767066626965] INFO  c.b.s.p.i.handle.QuicDataProcessor - 收到响应: P2PMessage{senderId=BJfacYs27FRthbjxKaEHrJRbnd8kMyfSRReg7qunstkh, messageId=019b6dc4efac79a986d913b997e5287a, requestId=019b6dc4ef0276da8ec9adf4f62a8d5b, reqResFlag=1, type=5, length=21, version=1}
2025-12-30 13:39:41.614 [quic-consumer-1767066626965] INFO  c.b.s.p.i.handle.QuicDataProcessor - 本次批量处理完成，共处理1条消息
2025-12-30 13:39:41.614 [http-nio-18333-exec-5] INFO  com.bit.solana.api.mock.MockApi - 节点回复：我已经收到回复
2025-12-30 13:39:42.931 [http-nio-18333-exec-6] INFO  com.bit.solana.p2p.impl.PeerClient - 节点IDBJfacYs27FRthbjxKaEHrJRbnd8kMyfSRReg7qunstkh
2025-12-30 13:39:42.937 [http-nio-18333-exec-6] INFO  c.bit.solana.p2p.quic.SendQuicData - [开始发送] 连接ID:131604819189170176 数据ID:131632287426019328 总帧数:5286
2025-12-30 13:39:42.946 [udp-io-thread-1-1] INFO  c.b.solana.p2p.quic.ReceiveQuicData - [初始化数据] 连接ID:131604819189170176 数据ID:131632287426019328 总帧数:5286
2025-12-30 13:39:43.153 [http-nio-18333-exec-6] INFO  c.bit.solana.p2p.quic.SendQuicData - [重传定时器启动] 连接ID:131604819189170176 数据ID:131632287426019328 首次重传延迟:500ms 后续重传间隔:20ms
2025-12-30 13:39:43.197 [udp-io-thread-1-1] INFO  c.b.solana.p2p.quic.ReceiveQuicData - 所有帧接收完成
2025-12-30 13:39:43.197 [udp-io-thread-1-1] INFO  c.bit.solana.p2p.quic.SendQuicData - [所有帧通过批量ACK确认] 连接ID:131604819189170176 数据ID:131632287426019328 传输完成
2025-12-30 13:39:43.197 [udp-io-thread-1-1] INFO  c.bit.solana.p2p.quic.SendQuicData - 数据发送完毕
2025-12-30 13:39:43.197 [udp-io-thread-1-1] INFO  c.bit.solana.p2p.quic.SendQuicData - 当前数据耗时45069000
2025-12-30 13:39:43.197 [udp-io-thread-1-1] INFO  c.bit.solana.p2p.quic.SendQuicData - 平均每帧耗时3.1192371E7
2025-12-30 13:39:43.199 [udp-io-thread-1-1] INFO  c.b.solana.p2p.quic.ReceiveQuicData - 完整数据长度7400084 数据ID131632287426019328
2025-12-30 13:39:43.203 [quic-consumer-1767066628362] INFO  c.b.s.p.i.handle.QuicDataProcessor - 收到请求: P2PMessage{senderId=74sDMeR9Hq9aJTniBTPxs4b53NdG647rsspgfUF2EiMF, messageId=019b6dc4f4cf7dc6aef427733bd82b75, requestId=019b6dc4f4cf7dc6aef427733bd82b75, reqResFlag=0, type=5, length=7400000, version=1}
2025-12-30 13:39:43.203 [quic-consumer-1767066628362] INFO  c.b.s.p2p.protocol.impl.TextHandler - 数据长度7400000
2025-12-30 13:39:43.204 [quic-consumer-1767066628362] INFO  c.bit.solana.p2p.quic.SendQuicData - [开始发送] 连接ID:131604819189170176 数据ID:131632288562675712 总帧数:1
2025-12-30 13:39:43.204 [quic-consumer-1767066628362] INFO  c.bit.solana.p2p.quic.SendQuicData - [重传定时器启动] 连接ID:131604819189170176 数据ID:131632288562675712 首次重传延迟:500ms 后续重传间隔:20ms
2025-12-30 13:39:43.204 [quic-consumer-1767066628362] INFO  c.b.s.p.i.handle.QuicDataProcessor - 本次批量处理完成，共处理1条消息
2025-12-30 13:39:43.204 [udp-io-thread-1-1] INFO  c.b.solana.p2p.quic.ReceiveQuicData - [初始化数据] 连接ID:131604819189170176 数据ID:131632288562675712 总帧数:1
2025-12-30 13:39:43.204 [udp-io-thread-1-1] INFO  c.b.solana.p2p.quic.ReceiveQuicData - 所有帧接收完成
2025-12-30 13:39:43.204 [udp-io-thread-1-1] INFO  c.b.solana.p2p.quic.ReceiveQuicData - 完整数据长度101 数据ID131632288562675712
2025-12-30 13:39:43.204 [udp-io-thread-1-1] INFO  c.bit.solana.p2p.quic.SendQuicData - [所有帧通过批量ACK确认] 连接ID:131604819189170176 数据ID:131632288562675712 传输完成
2025-12-30 13:39:43.204 [udp-io-thread-1-1] INFO  c.bit.solana.p2p.quic.SendQuicData - 数据发送完毕
2025-12-30 13:39:43.204 [udp-io-thread-1-1] INFO  c.bit.solana.p2p.quic.SendQuicData - 当前数据耗时620300
2025-12-30 13:39:43.204 [udp-io-thread-1-1] INFO  c.bit.solana.p2p.quic.SendQuicData - 平均每帧耗时543072.0
2025-12-30 13:39:43.204 [quic-consumer-1767066626965] INFO  c.b.s.p.i.handle.QuicDataProcessor - 收到响应: P2PMessage{senderId=BJfacYs27FRthbjxKaEHrJRbnd8kMyfSRReg7qunstkh, messageId=019b6dc4f5e37f87b2e297ed14eba2cc, requestId=019b6dc4f4cf7dc6aef427733bd82b75, reqResFlag=1, type=5, length=21, version=1}
2025-12-30 13:39:43.204 [quic-consumer-1767066626965] INFO  c.b.s.p.i.handle.QuicDataProcessor - 本次批量处理完成，共处理1条消息
2025-12-30 13:39:43.205 [http-nio-18333-exec-6] INFO  com.bit.solana.api.mock.MockApi - 节点回复：我已经收到回复
2025-12-30 13:39:44.316 [http-nio-18333-exec-7] INFO  com.bit.solana.p2p.impl.PeerClient - 节点IDBJfacYs27FRthbjxKaEHrJRbnd8kMyfSRReg7qunstkh
2025-12-30 13:39:44.318 [http-nio-18333-exec-7] INFO  c.bit.solana.p2p.quic.SendQuicData - [开始发送] 连接ID:131604819189170176 数据ID:131632293230936064 总帧数:5286
2025-12-30 13:39:44.319 [udp-io-thread-1-1] INFO  c.b.solana.p2p.quic.ReceiveQuicData - [初始化数据] 连接ID:131604819189170176 数据ID:131632293230936064 总帧数:5286
2025-12-30 13:39:44.452 [http-nio-18333-exec-7] INFO  c.bit.solana.p2p.quic.SendQuicData - [重传定时器启动] 连接ID:131604819189170176 数据ID:131632293230936064 首次重传延迟:500ms 后续重传间隔:20ms
2025-12-30 13:39:44.496 [udp-io-thread-1-1] INFO  c.b.solana.p2p.quic.ReceiveQuicData - 所有帧接收完成
2025-12-30 13:39:44.496 [udp-io-thread-1-1] INFO  c.bit.solana.p2p.quic.SendQuicData - [所有帧通过批量ACK确认] 连接ID:131604819189170176 数据ID:131632293230936064 传输完成
2025-12-30 13:39:44.496 [udp-io-thread-1-1] INFO  c.bit.solana.p2p.quic.SendQuicData - 数据发送完毕
2025-12-30 13:39:44.496 [udp-io-thread-1-1] INFO  c.bit.solana.p2p.quic.SendQuicData - 当前数据耗时43461000
2025-12-30 13:39:44.496 [udp-io-thread-1-1] INFO  c.bit.solana.p2p.quic.SendQuicData - 平均每帧耗时3.1655227E7
2025-12-30 13:39:44.498 [udp-io-thread-1-1] INFO  c.b.solana.p2p.quic.ReceiveQuicData - 完整数据长度7400084 数据ID131632293230936064
2025-12-30 13:39:44.501 [quic-consumer-1767066628362] INFO  c.b.s.p.i.handle.QuicDataProcessor - 收到请求: P2PMessage{senderId=74sDMeR9Hq9aJTniBTPxs4b53NdG647rsspgfUF2EiMF, messageId=019b6dc4fa3a7affab634154bf75a991, requestId=019b6dc4fa3a7affab634154bf75a991, reqResFlag=0, type=5, length=7400000, version=1}
2025-12-30 13:39:44.501 [quic-consumer-1767066628362] INFO  c.b.s.p2p.protocol.impl.TextHandler - 数据长度7400000
2025-12-30 13:39:44.501 [quic-consumer-1767066628362] INFO  c.bit.solana.p2p.quic.SendQuicData - [开始发送] 连接ID:131604819189170176 数据ID:131632294006882304 总帧数:1
2025-12-30 13:39:44.501 [quic-consumer-1767066628362] INFO  c.bit.solana.p2p.quic.SendQuicData - [重传定时器启动] 连接ID:131604819189170176 数据ID:131632294006882304 首次重传延迟:500ms 后续重传间隔:20ms
2025-12-30 13:39:44.501 [quic-consumer-1767066628362] INFO  c.b.s.p.i.handle.QuicDataProcessor - 本次批量处理完成，共处理1条消息
2025-12-30 13:39:44.502 [udp-io-thread-1-1] INFO  c.b.solana.p2p.quic.ReceiveQuicData - [初始化数据] 连接ID:131604819189170176 数据ID:131632294006882304 总帧数:1
2025-12-30 13:39:44.502 [udp-io-thread-1-1] INFO  c.b.solana.p2p.quic.ReceiveQuicData - 所有帧接收完成
2025-12-30 13:39:44.502 [udp-io-thread-1-1] INFO  c.b.solana.p2p.quic.ReceiveQuicData - 完整数据长度101 数据ID131632294006882304
2025-12-30 13:39:44.502 [udp-io-thread-1-1] INFO  c.bit.solana.p2p.quic.SendQuicData - [所有帧通过批量ACK确认] 连接ID:131604819189170176 数据ID:131632294006882304 传输完成
2025-12-30 13:39:44.502 [udp-io-thread-1-1] INFO  c.bit.solana.p2p.quic.SendQuicData - 数据发送完毕
2025-12-30 13:39:44.502 [udp-io-thread-1-1] INFO  c.bit.solana.p2p.quic.SendQuicData - 当前数据耗时670400
2025-12-30 13:39:44.502 [quic-consumer-1767066626965] INFO  c.b.s.p.i.handle.QuicDataProcessor - 收到响应: P2PMessage{senderId=BJfacYs27FRthbjxKaEHrJRbnd8kMyfSRReg7qunstkh, messageId=019b6dc4faf5772e9d61fb4479baaf09, requestId=019b6dc4fa3a7affab634154bf75a991, reqResFlag=1, type=5, length=21, version=1}
2025-12-30 13:39:44.502 [udp-io-thread-1-1] INFO  c.bit.solana.p2p.quic.SendQuicData - 平均每帧耗时538234.0
2025-12-30 13:39:44.502 [quic-consumer-1767066626965] INFO  c.b.s.p.i.handle.QuicDataProcessor - 本次批量处理完成，共处理1条消息
2025-12-30 13:39:44.502 [http-nio-18333-exec-7] INFO  com.bit.solana.api.mock.MockApi - 节点回复：我已经收到回复
2025-12-30 14:17:56.951 [http-nio-18333-exec-4] INFO  com.bit.solana.p2p.impl.PeerClient - 节点IDBJfacYs27FRthbjxKaEHrJRbnd8kMyfSRReg7qunstkh
2025-12-30 14:17:56.953 [http-nio-18333-exec-4] INFO  c.bit.solana.p2p.quic.SendQuicData - [开始发送] 连接ID:131604819189170176 数据ID:131641909239087104 总帧数:5286
2025-12-30 14:17:56.954 [udp-io-thread-1-1] INFO  c.b.solana.p2p.quic.ReceiveQuicData - [初始化数据] 连接ID:131604819189170176 数据ID:131641909239087104 总帧数:5286
2025-12-30 14:17:57.100 [http-nio-18333-exec-4] INFO  c.bit.solana.p2p.quic.SendQuicData - [重传定时器启动] 连接ID:131604819189170176 数据ID:131641909239087104 首次重传延迟:500ms 后续重传间隔:20ms
2025-12-30 14:17:57.118 [udp-io-thread-1-1] INFO  c.b.solana.p2p.quic.ReceiveQuicData - 所有帧接收完成
2025-12-30 14:17:57.118 [udp-io-thread-1-1] INFO  c.bit.solana.p2p.quic.SendQuicData - [所有帧通过批量ACK确认] 连接ID:131604819189170176 数据ID:131641909239087104 传输完成
2025-12-30 14:17:57.118 [udp-io-thread-1-1] INFO  c.bit.solana.p2p.quic.SendQuicData - 数据发送完毕
2025-12-30 14:17:57.118 [udp-io-thread-1-1] INFO  c.bit.solana.p2p.quic.SendQuicData - 当前数据耗时18210000
2025-12-30 14:17:57.118 [udp-io-thread-1-1] INFO  c.bit.solana.p2p.quic.SendQuicData - 平均每帧耗时3.1619389E7
2025-12-30 14:17:57.120 [udp-io-thread-1-1] INFO  c.b.solana.p2p.quic.ReceiveQuicData - 完整数据长度7400084 数据ID131641909239087104
2025-12-30 14:17:57.123 [quic-consumer-1767066628362] INFO  c.b.s.p.i.handle.QuicDataProcessor - 收到请求: P2PMessage{senderId=74sDMeR9Hq9aJTniBTPxs4b53NdG647rsspgfUF2EiMF, messageId=019b6de7f5d37c9c8410e8355682ddf8, requestId=019b6de7f5d37c9c8410e8355682ddf8, reqResFlag=0, type=5, length=7400000, version=1}
2025-12-30 14:17:57.123 [quic-consumer-1767066628362] INFO  c.b.s.p2p.protocol.impl.TextHandler - 数据长度7400000
2025-12-30 14:17:57.123 [quic-consumer-1767066628362] INFO  c.bit.solana.p2p.quic.SendQuicData - [开始发送] 连接ID:131604819189170176 数据ID:131641909960507392 总帧数:1
2025-12-30 14:17:57.123 [quic-consumer-1767066628362] INFO  c.bit.solana.p2p.quic.SendQuicData - [重传定时器启动] 连接ID:131604819189170176 数据ID:131641909960507392 首次重传延迟:500ms 后续重传间隔:20ms
2025-12-30 14:17:57.123 [quic-consumer-1767066628362] INFO  c.b.s.p.i.handle.QuicDataProcessor - 本次批量处理完成，共处理1条消息
2025-12-30 14:17:57.124 [udp-io-thread-1-1] INFO  c.b.solana.p2p.quic.ReceiveQuicData - [初始化数据] 连接ID:131604819189170176 数据ID:131641909960507392 总帧数:1
2025-12-30 14:17:57.124 [udp-io-thread-1-1] INFO  c.b.solana.p2p.quic.ReceiveQuicData - 所有帧接收完成
2025-12-30 14:17:57.124 [udp-io-thread-1-1] INFO  c.b.solana.p2p.quic.ReceiveQuicData - 完整数据长度101 数据ID131641909960507392
2025-12-30 14:17:57.124 [udp-io-thread-1-1] INFO  c.bit.solana.p2p.quic.SendQuicData - [所有帧通过批量ACK确认] 连接ID:131604819189170176 数据ID:131641909960507392 传输完成
2025-12-30 14:17:57.124 [udp-io-thread-1-1] INFO  c.bit.solana.p2p.quic.SendQuicData - 数据发送完毕
2025-12-30 14:17:57.124 [udp-io-thread-1-1] INFO  c.bit.solana.p2p.quic.SendQuicData - 当前数据耗时505100
2025-12-30 14:17:57.124 [udp-io-thread-1-1] INFO  c.bit.solana.p2p.quic.SendQuicData - 平均每帧耗时529000.0
2025-12-30 14:17:57.124 [quic-consumer-1767066626965] INFO  c.b.s.p.i.handle.QuicDataProcessor - 收到响应: P2PMessage{senderId=BJfacYs27FRthbjxKaEHrJRbnd8kMyfSRReg7qunstkh, messageId=019b6de7f683720fa9245a63a13afa88, requestId=019b6de7f5d37c9c8410e8355682ddf8, reqResFlag=1, type=5, length=21, version=1}
2025-12-30 14:17:57.124 [quic-consumer-1767066626965] INFO  c.b.s.p.i.handle.QuicDataProcessor - 本次批量处理完成，共处理1条消息
2025-12-30 14:17:57.124 [http-nio-18333-exec-4] INFO  com.bit.solana.api.mock.MockApi - 节点回复：我已经收到回复
2025-12-30 14:18:57.455 [SpringApplicationShutdownHook] INFO  o.s.b.w.e.tomcat.GracefulShutdown - Commencing graceful shutdown. Waiting for active requests to complete
2025-12-30 14:18:57.455 [SpringApplicationShutdownHook] INFO  o.s.b.w.e.tomcat.GracefulShutdown - Commencing graceful shutdown. Waiting for active requests to complete
2025-12-30 14:18:57.459 [tomcat-shutdown] INFO  o.s.b.w.e.tomcat.GracefulShutdown - Graceful shutdown complete
2025-12-30 14:18:57.459 [tomcat-shutdown] INFO  o.s.b.w.e.tomcat.GracefulShutdown - Graceful shutdown complete
2025-12-30 14:18:57.461 [SpringApplicationShutdownHook] INFO  c.b.s.p.i.handle.QuicDataProcessor - 开始关闭Quic消费线程池
2025-12-30 14:18:57.462 [SpringApplicationShutdownHook] INFO  c.b.s.p.i.handle.QuicDataProcessor - 开始关闭Quic消费线程池
2025-12-30 14:18:57.480 [Thread-1] INFO  c.b.solana.database.rocksDb.RocksDb - RocksDB连接已关闭
2025-12-30 14:18:57.481 [Thread-1] INFO  c.b.solana.database.rocksDb.RocksDb - RocksDB连接已关闭
2025-12-30 14:19:02.471 [SpringApplicationShutdownHook] WARN  c.b.s.p.i.handle.QuicDataProcessor - 线程池关闭超时，强制终止剩余任务
2025-12-30 14:19:02.471 [SpringApplicationShutdownHook] WARN  c.b.s.p.i.handle.QuicDataProcessor - 线程池关闭超时，强制终止剩余任务
2025-12-30 14:19:02.471 [SpringApplicationShutdownHook] INFO  c.b.s.p.i.handle.QuicDataProcessor - Quic消费线程池已关闭
2025-12-30 14:19:02.471 [SpringApplicationShutdownHook] INFO  c.b.s.p.i.handle.QuicDataProcessor - Quic消费线程池已关闭
2025-12-30 14:19:02.471 [quic-consumer-1767066628362] INFO  c.b.s.p.i.handle.QuicDataProcessor - 消费线程被中断，准备退出
2025-12-30 14:19:02.472 [quic-consumer-1767066626965] INFO  c.b.s.p.i.handle.QuicDataProcessor - 消费线程被中断，准备退出
2025-12-30 14:19:02.472 [SpringApplicationShutdownHook] WARN  o.s.c.a.CommonAnnotationBeanPostProcessor - Destroy method on bean with name 'blockProducer' threw an exception: java.lang.NullPointerException: Cannot invoke "java.util.concurrent.ScheduledExecutorService.shutdown()" because "this.blockScheduler" is null
2025-12-30 14:19:02.473 [SpringApplicationShutdownHook] WARN  o.s.c.a.CommonAnnotationBeanPostProcessor - Destroy method on bean with name 'blockProducer' threw an exception: java.lang.NullPointerException: Cannot invoke "java.util.concurrent.ScheduledExecutorService.shutdown()" because "this.blockScheduler" is null
2025-12-30 14:19:02.473 [SpringApplicationShutdownHook] INFO  com.bit.solana.config.CommonConfig - 关闭全局调度器
2025-12-30 14:19:02.474 [SpringApplicationShutdownHook] INFO  c.bit.solana.txpool.impl.TxPoolImpl - 开始关闭交易池...
2025-12-30 14:19:02.474 [SpringApplicationShutdownHook] INFO  c.bit.solana.txpool.impl.TxPoolImpl - 交易池已关闭
2025-12-30 14:19:02.474 [SpringApplicationShutdownHook] INFO  c.b.s.txpool.impl.SubmitPoolImpl - Expired transaction cleanup scheduler shutdown
2025-12-30 14:19:02.474 [SpringApplicationShutdownHook] INFO  com.bit.solana.config.CommonConfig - 关闭全局调度器
2025-12-30 14:19:02.475 [SpringApplicationShutdownHook] INFO  c.bit.solana.txpool.impl.TxPoolImpl - 开始关闭交易池...
2025-12-30 14:19:02.475 [SpringApplicationShutdownHook] INFO  c.bit.solana.txpool.impl.TxPoolImpl - 交易池已关闭
2025-12-30 14:19:02.476 [SpringApplicationShutdownHook] INFO  c.b.s.txpool.impl.SubmitPoolImpl - Expired transaction cleanup scheduler shutdown
2025-12-30 14:19:12.133 [main] INFO  com.bit.solana.SolanaApplication - Starting SolanaApplication v1.0.0 using Java 21.0.1 with PID 18456 (F:\workSpace2026\blockchain\solana_java\target\classes started by hcg in F:\workSpace2026\blockchain\solana_java)
2025-12-30 14:19:12.134 [main] INFO  com.bit.solana.SolanaApplication - The following 1 profile is active: "prod"
2025-12-30 14:19:12.847 [main] INFO  o.s.b.w.e.tomcat.TomcatWebServer - Tomcat initialized with port 18333 (http)
2025-12-30 14:19:12.866 [main] INFO  o.a.coyote.http11.Http11NioProtocol - Initializing ProtocolHandler ["http-nio-18333"]
2025-12-30 14:19:12.867 [main] INFO  o.a.catalina.core.StandardService - Starting service [Tomcat]
2025-12-30 14:19:12.867 [main] INFO  o.a.catalina.core.StandardEngine - Starting Servlet engine: [Apache Tomcat/10.1.48]
2025-12-30 14:19:12.909 [main] INFO  o.a.c.c.C.[Tomcat].[localhost].[/] - Initializing Spring embedded WebApplicationContext
2025-12-30 14:19:12.909 [main] INFO  o.s.b.w.s.c.ServletWebServerApplicationContext - Root WebApplicationContext: initialization completed in 748 ms
2025-12-30 14:19:12.988 [main] INFO  c.b.s.txpool.impl.SubmitPoolImpl - SubmitPool initialized with 32 shards, max capacity: 1048576 txs, max size: 1073741824 bytes
2025-12-30 14:19:12.990 [main] INFO  c.b.s.txpool.impl.SubmitPoolImpl - Expired transaction cleanup scheduler initialized, interval: 400ms
2025-12-30 14:19:13.002 [main] INFO  com.bit.solana.config.SystemConfig - 端口8333
2025-12-30 14:19:13.002 [main] INFO  com.bit.solana.config.SystemConfig - 系统数据路径:/solana/proddb
2025-12-30 14:19:13.203 [main] INFO  c.bit.solana.database.rocksDb.RTable - RTable静态初始化完成，加载列族数量：4
2025-12-30 14:19:13.387 [main] INFO  c.b.solana.database.rocksDb.RocksDb - RocksDB创建成功，路径: /solana/proddb，列族总数: 5
2025-12-30 14:19:13.424 [main] INFO  com.bit.solana.config.CommonConfig - 本地节点初始化完成，ID: 74sDMeR9Hq9aJTniBTPxs4b53NdG647rsspgfUF2EiMF, 监听端口: 8333
2025-12-30 14:19:13.424 [main] INFO  com.bit.solana.config.CommonConfig - Base58.encode(selfNodeId)44
2025-12-30 14:19:13.592 [main] INFO  c.b.solana.p2p.impl.PeerServiceImpl - QUIC服务器已启动，监听端口：8333
2025-12-30 14:19:13.594 [main] INFO  c.b.s.p2p.protocol.ProtocolRegistry - 注册有返回值协议处理器：/networkHandshake/1.0.0
2025-12-30 14:19:13.595 [main] INFO  c.b.s.p2p.protocol.ProtocolRegistry - 注册有返回值协议处理器：/ping/1.0.0
2025-12-30 14:19:13.595 [main] INFO  c.b.s.p2p.protocol.ProtocolRegistry - 注册有返回值协议处理器：/text/1.0.0
2025-12-30 14:19:13.854 [main] INFO  c.b.s.p.i.handle.QuicDataProcessor - Quic批量消费线程池初始化完成
2025-12-30 14:19:14.332 [main] INFO  o.a.coyote.http11.Http11NioProtocol - Starting ProtocolHandler ["http-nio-18333"]
2025-12-30 14:19:14.341 [main] INFO  o.s.b.w.e.tomcat.TomcatWebServer - Tomcat started on port 18333 (http) with context path '/'
2025-12-30 14:19:14.345 [main] INFO  c.b.s.rpc.RpcServiceAutoRegister - 开始自动扫描并注册RPC服务...
2025-12-30 14:19:14.439 [main] INFO  com.bit.solana.SolanaApplication - Starting SolanaApplication v1.0.0 using Java 21.0.1 with PID 12060 (F:\workSpace2026\blockchain\solana_java\target\classes started by hcg in F:\workSpace2026\blockchain\solana_java)
2025-12-30 14:19:14.441 [main] INFO  com.bit.solana.SolanaApplication - The following 1 profile is active: "dev"
2025-12-30 14:19:14.446 [main] WARN  c.bit.solana.rpc.RpcServiceRegistry - 没有需要注册的RPC服务
2025-12-30 14:19:14.446 [main] INFO  c.b.s.rpc.RpcServiceAutoRegister - RPC服务自动注册完成 | 总数量: 0 | 已注册列表: []
2025-12-30 14:19:14.446 [main] INFO  com.bit.solana.SolanaApplication - Started SolanaApplication in 2.697 seconds (process running for 3.641)
2025-12-30 14:19:14.556 [main] INFO  org.bitcoinj.crypto.MnemonicCode - PBKDF2 took 28.15 ms
2025-12-30 14:19:14.578 [main] INFO  com.bit.solana.SolanaApplication - 预热耗时130ms
2025-12-30 14:19:15.226 [main] INFO  o.s.b.w.e.tomcat.TomcatWebServer - Tomcat initialized with port 18884 (http)
2025-12-30 14:19:15.244 [main] INFO  o.a.coyote.http11.Http11NioProtocol - Initializing ProtocolHandler ["http-nio-18884"]
2025-12-30 14:19:15.246 [main] INFO  o.a.catalina.core.StandardService - Starting service [Tomcat]
2025-12-30 14:19:15.246 [main] INFO  o.a.catalina.core.StandardEngine - Starting Servlet engine: [Apache Tomcat/10.1.48]
2025-12-30 14:19:15.302 [main] INFO  o.a.c.c.C.[Tomcat].[localhost].[/] - Initializing Spring embedded WebApplicationContext
2025-12-30 14:19:15.303 [main] INFO  o.s.b.w.s.c.ServletWebServerApplicationContext - Root WebApplicationContext: initialization completed in 835 ms
2025-12-30 14:19:15.389 [main] INFO  c.b.s.txpool.impl.SubmitPoolImpl - SubmitPool initialized with 32 shards, max capacity: 1048576 txs, max size: 1073741824 bytes
2025-12-30 14:19:15.392 [main] INFO  c.b.s.txpool.impl.SubmitPoolImpl - Expired transaction cleanup scheduler initialized, interval: 400ms
2025-12-30 14:19:15.407 [main] INFO  com.bit.solana.config.SystemConfig - 端口8334
2025-12-30 14:19:15.408 [main] INFO  com.bit.solana.config.SystemConfig - 系统数据路径:/solana/devdb
2025-12-30 14:19:15.508 [main] INFO  c.bit.solana.database.rocksDb.RTable - RTable静态初始化完成，加载列族数量：4
2025-12-30 14:19:15.662 [main] INFO  c.b.solana.database.rocksDb.RocksDb - RocksDB创建成功，路径: /solana/devdb，列族总数: 5
2025-12-30 14:19:15.692 [main] INFO  com.bit.solana.config.CommonConfig - 本地节点初始化完成，ID: BJfacYs27FRthbjxKaEHrJRbnd8kMyfSRReg7qunstkh, 监听端口: 8334
2025-12-30 14:19:15.692 [main] INFO  com.bit.solana.config.CommonConfig - Base58.encode(selfNodeId)44
2025-12-30 14:19:15.812 [main] INFO  c.b.solana.p2p.impl.PeerServiceImpl - QUIC服务器已启动，监听端口：8334
2025-12-30 14:19:15.814 [main] INFO  c.b.s.p2p.protocol.ProtocolRegistry - 注册有返回值协议处理器：/networkHandshake/1.0.0
2025-12-30 14:19:15.814 [main] INFO  c.b.s.p2p.protocol.ProtocolRegistry - 注册有返回值协议处理器：/ping/1.0.0
2025-12-30 14:19:15.814 [main] INFO  c.b.s.p2p.protocol.ProtocolRegistry - 注册有返回值协议处理器：/text/1.0.0
2025-12-30 14:19:16.025 [main] INFO  c.b.s.p.i.handle.QuicDataProcessor - Quic批量消费线程池初始化完成
2025-12-30 14:19:16.440 [main] INFO  o.a.coyote.http11.Http11NioProtocol - Starting ProtocolHandler ["http-nio-18884"]
2025-12-30 14:19:16.447 [main] INFO  o.s.b.w.e.tomcat.TomcatWebServer - Tomcat started on port 18884 (http) with context path '/'
2025-12-30 14:19:16.452 [main] INFO  c.b.s.rpc.RpcServiceAutoRegister - 开始自动扫描并注册RPC服务...
2025-12-30 14:19:16.546 [main] WARN  c.bit.solana.rpc.RpcServiceRegistry - 没有需要注册的RPC服务
2025-12-30 14:19:16.547 [main] INFO  c.b.s.rpc.RpcServiceAutoRegister - RPC服务自动注册完成 | 总数量: 0 | 已注册列表: []
2025-12-30 14:19:16.547 [main] INFO  com.bit.solana.SolanaApplication - Started SolanaApplication in 2.552 seconds (process running for 3.099)
2025-12-30 14:19:16.648 [main] INFO  org.bitcoinj.crypto.MnemonicCode - PBKDF2 took 35.04 ms
2025-12-30 14:19:16.675 [main] INFO  com.bit.solana.SolanaApplication - 预热耗时127ms
2025-12-30 14:19:24.574 [http-nio-18333-exec-2] INFO  o.a.c.c.C.[Tomcat].[localhost].[/] - Initializing Spring DispatcherServlet 'dispatcherServlet'
2025-12-30 14:19:24.574 [http-nio-18333-exec-2] INFO  o.s.web.servlet.DispatcherServlet - Initializing Servlet 'dispatcherServlet'
2025-12-30 14:19:24.575 [http-nio-18333-exec-2] INFO  o.s.web.servlet.DispatcherServlet - Completed initialization in 1 ms
2025-12-30 14:19:24.600 [http-nio-18333-exec-2] INFO  c.b.s.p2p.quic.QuicConnectionManager - 节点IDBJfacYs27FRthbjxKaEHrJRbnd8kMyfSRReg7qunstkh
2025-12-30 14:19:24.604 [http-nio-18333-exec-2] INFO  c.b.s.p2p.quic.QuicConnectionManager - 握手长度！68
2025-12-30 14:19:24.637 [udp-io-thread-1-1] INFO  c.bit.solana.p2p.quic.QuicConnection - 入站连接过期检查任务启动，连接ID:131642276865638400，检查间隔:2000ms，过期阈值:2000ms
2025-12-30 14:19:24.637 [udp-io-thread-1-1] INFO  c.b.s.p2p.quic.QuicConnectionManager - [连接添加] 连接ID:131642276865638400
2025-12-30 14:19:24.640 [udp-io-thread-1-1] INFO  c.bit.solana.p2p.quic.QuicConnection - 共享加密密钥对sharedSecret: efc15203fbe63119e761eafc8fa8a8498c234a11f8e4e4e6a30bf754489d2258
2025-12-30 14:19:24.642 [udp-io-thread-1-1] INFO  c.bit.solana.p2p.quic.QuicConnection - [连接响应发送成功] 节点ID:131642276865638400
2025-12-30 14:19:24.648 [udp-io-thread-1-1] INFO  c.bit.solana.p2p.quic.QuicConnection - 入站连接过期检查任务启动，连接ID:131642276865638400，检查间隔:2000ms，过期阈值:2000ms
2025-12-30 14:19:24.649 [udp-io-thread-1-1] INFO  c.b.s.p2p.quic.QuicConnectionManager - [连接添加] 连接ID:131642276865638400
2025-12-30 14:19:24.649 [udp-io-thread-1-1] INFO  c.bit.solana.p2p.quic.QuicConnection - 处理连接响应QuicFrame(connectionId=131642276865638400, dataId=131642276865638401, total=1, frameType=8, sequence=0, frameTotalLength=97, payload=[26, 32, -103, 27, 93, 114, -18, 34, -9, 29, 53, 54, 12, -37, 119, 125, -108, -5, -98, 67, -14, -72, 104, 106, -125, -70, -22, -68, 76, 25, 40, -94, -104, 50, 58, 32, 67, -73, 26, -95, 54, 16, -84, 14, -81, -59, 94, 78, 72, -35, 68, 60, 17, -119, 16, 13, -93, 80, 110, -109, 41, -2, 10, 93, -103, -47, -34, 67], remoteAddress=/127.0.0.1:8334, time=0, handle=io.netty.util.Recycler$DefaultHandle@35fde2c9)
2025-12-30 14:19:24.654 [http-nio-18333-exec-2] INFO  c.b.s.p2p.quic.QuicConnectionManager - 响应帧QuicFrame(connectionId=131642276865638400, dataId=131642276865638401, total=1, frameType=8, sequence=0, frameTotalLength=97, payload=[26, 32, -103, 27, 93, 114, -18, 34, -9, 29, 53, 54, 12, -37, 119, 125, -108, -5, -98, 67, -14, -72, 104, 106, -125, -70, -22, -68, 76, 25, 40, -94, -104, 50, 58, 32, 67, -73, 26, -95, 54, 16, -84, 14, -81, -59, 94, 78, 72, -35, 68, 60, 17, -119, 16, 13, -93, 80, 110, -109, 41, -2, 10, 93, -103, -47, -34, 67], remoteAddress=/127.0.0.1:8334, time=0, handle=io.netty.util.Recycler$DefaultHandle@35fde2c9)
2025-12-30 14:19:24.656 [http-nio-18333-exec-2] INFO  c.b.s.p2p.quic.QuicConnectionManager - 生成助记词耗时2ms
2025-12-30 14:19:24.657 [http-nio-18333-exec-2] INFO  c.b.s.p2p.quic.QuicConnectionManager - 协商共享密钥是:efc15203fbe63119e761eafc8fa8a8498c234a11f8e4e4e6a30bf754489d2258
2025-12-30 14:19:24.657 [http-nio-18333-exec-2] INFO  c.bit.solana.p2p.quic.QuicConnection - 连接任务已停止，连接ID:131642276865638400（出站:false）
2025-12-30 14:19:24.657 [http-nio-18333-exec-2] INFO  c.bit.solana.p2p.quic.QuicConnection - 出站连接心跳任务启动，连接ID:131642276865638400，心跳间隔:500ms，过期阈值:2000ms
2025-12-30 14:19:24.657 [http-nio-18333-exec-2] INFO  c.b.s.p2p.quic.QuicConnectionManager - [连接添加] 连接ID:131642276865638400
2025-12-30 14:19:26.857 [http-nio-18333-exec-3] INFO  com.bit.solana.p2p.impl.PeerClient - 节点IDBJfacYs27FRthbjxKaEHrJRbnd8kMyfSRReg7qunstkh
2025-12-30 14:19:26.862 [http-nio-18333-exec-3] INFO  c.bit.solana.p2p.quic.SendQuicData - [开始发送] 连接ID:131642276865638400 数据ID:131642286336376832 总帧数:5286
2025-12-30 14:19:26.867 [udp-io-thread-1-1] INFO  c.b.solana.p2p.quic.ReceiveQuicData - [初始化数据] 连接ID:131642276865638400 数据ID:131642286336376832 总帧数:5286
2025-12-30 14:19:27.061 [http-nio-18333-exec-3] INFO  c.bit.solana.p2p.quic.SendQuicData - [重传定时器启动] 连接ID:131642276865638400 数据ID:131642286336376832 首次重传延迟:500ms 后续重传间隔:20ms
2025-12-30 14:19:27.108 [udp-io-thread-1-1] INFO  c.b.solana.p2p.quic.ReceiveQuicData - 所有帧接收完成
2025-12-30 14:19:27.109 [udp-io-thread-1-1] INFO  c.bit.solana.p2p.quic.SendQuicData - [所有帧通过批量ACK确认] 连接ID:131642276865638400 数据ID:131642286336376832 传输完成
2025-12-30 14:19:27.109 [udp-io-thread-1-1] INFO  c.bit.solana.p2p.quic.SendQuicData - 数据发送完毕
2025-12-30 14:19:27.109 [udp-io-thread-1-1] INFO  c.bit.solana.p2p.quic.SendQuicData - 当前数据耗时49633100
2025-12-30 14:19:27.109 [udp-io-thread-1-1] INFO  c.bit.solana.p2p.quic.SendQuicData - 平均每帧耗时3.9977236E7
2025-12-30 14:19:27.112 [udp-io-thread-1-1] INFO  c.b.solana.p2p.quic.ReceiveQuicData - 完整数据长度7400084 数据ID131642286336376832
2025-12-30 14:19:27.120 [quic-consumer-1767075556025] INFO  c.b.s.p.i.handle.QuicDataProcessor - 收到请求: P2PMessage{senderId=74sDMeR9Hq9aJTniBTPxs4b53NdG647rsspgfUF2EiMF, messageId=019b6de9550270aeac73200b6f25943d, requestId=019b6de9550270aeac73200b6f25943d, reqResFlag=0, type=5, length=7400000, version=1}
2025-12-30 14:19:27.124 [quic-consumer-1767075556025] INFO  c.b.s.p2p.protocol.impl.TextHandler - 数据长度7400000
2025-12-30 14:19:27.127 [quic-consumer-1767075556025] INFO  c.bit.solana.p2p.quic.SendQuicData - [开始发送] 连接ID:131642276865638400 数据ID:131642287460450304 总帧数:1
2025-12-30 14:19:27.132 [udp-io-thread-1-1] INFO  c.b.solana.p2p.quic.ReceiveQuicData - [初始化数据] 连接ID:131642276865638400 数据ID:131642287460450304 总帧数:1
2025-12-30 14:19:27.132 [quic-consumer-1767075556025] INFO  c.bit.solana.p2p.quic.SendQuicData - [重传定时器启动] 连接ID:131642276865638400 数据ID:131642287460450304 首次重传延迟:500ms 后续重传间隔:20ms
2025-12-30 14:19:27.132 [quic-consumer-1767075556025] INFO  c.b.s.p.i.handle.QuicDataProcessor - 本次批量处理完成，共处理1条消息
2025-12-30 14:19:27.132 [udp-io-thread-1-1] INFO  c.b.solana.p2p.quic.ReceiveQuicData - 所有帧接收完成
2025-12-30 14:19:27.132 [udp-io-thread-1-1] INFO  c.b.solana.p2p.quic.ReceiveQuicData - 完整数据长度101 数据ID131642287460450304
2025-12-30 14:19:27.133 [udp-io-thread-1-1] INFO  c.bit.solana.p2p.quic.SendQuicData - [所有帧通过批量ACK确认] 连接ID:131642276865638400 数据ID:131642287460450304 传输完成
2025-12-30 14:19:27.133 [udp-io-thread-1-1] INFO  c.bit.solana.p2p.quic.SendQuicData - 数据发送完毕
2025-12-30 14:19:27.133 [udp-io-thread-1-1] INFO  c.bit.solana.p2p.quic.SendQuicData - 当前数据耗时1594900
2025-12-30 14:19:27.134 [udp-io-thread-1-1] INFO  c.bit.solana.p2p.quic.SendQuicData - 平均每帧耗时139700.0
2025-12-30 14:19:27.133 [quic-consumer-1767075553854] INFO  c.b.s.p.i.handle.QuicDataProcessor - 收到响应: P2PMessage{senderId=BJfacYs27FRthbjxKaEHrJRbnd8kMyfSRReg7qunstkh, messageId=019b6de956157562b166dafbb20b4f31, requestId=019b6de9550270aeac73200b6f25943d, reqResFlag=1, type=5, length=21, version=1}
2025-12-30 14:19:27.136 [quic-consumer-1767075553854] INFO  c.b.s.p.i.handle.QuicDataProcessor - 本次批量处理完成，共处理1条消息
2025-12-30 14:19:27.136 [http-nio-18333-exec-3] INFO  com.bit.solana.api.mock.MockApi - 节点回复：我已经收到回复
2025-12-30 14:19:27.849 [http-nio-18333-exec-4] INFO  com.bit.solana.p2p.impl.PeerClient - 节点IDBJfacYs27FRthbjxKaEHrJRbnd8kMyfSRReg7qunstkh
2025-12-30 14:19:27.854 [http-nio-18333-exec-4] INFO  c.bit.solana.p2p.quic.SendQuicData - [开始发送] 连接ID:131642276865638400 数据ID:131642290492932096 总帧数:5286
2025-12-30 14:19:27.860 [udp-io-thread-1-1] INFO  c.b.solana.p2p.quic.ReceiveQuicData - [初始化数据] 连接ID:131642276865638400 数据ID:131642290492932096 总帧数:5286
2025-12-30 14:19:28.035 [http-nio-18333-exec-4] INFO  c.bit.solana.p2p.quic.SendQuicData - [重传定时器启动] 连接ID:131642276865638400 数据ID:131642290492932096 首次重传延迟:500ms 后续重传间隔:20ms
2025-12-30 14:19:28.066 [udp-io-thread-1-1] INFO  c.b.solana.p2p.quic.ReceiveQuicData - 所有帧接收完成
2025-12-30 14:19:28.066 [udp-io-thread-1-1] INFO  c.bit.solana.p2p.quic.SendQuicData - [所有帧通过批量ACK确认] 连接ID:131642276865638400 数据ID:131642290492932096 传输完成
2025-12-30 14:19:28.067 [udp-io-thread-1-1] INFO  c.bit.solana.p2p.quic.SendQuicData - 数据发送完毕
2025-12-30 14:19:28.067 [udp-io-thread-1-1] INFO  c.bit.solana.p2p.quic.SendQuicData - 当前数据耗时31640200
2025-12-30 14:19:28.067 [udp-io-thread-1-1] INFO  c.bit.solana.p2p.quic.SendQuicData - 平均每帧耗时3.4523462E7
2025-12-30 14:19:28.071 [udp-io-thread-1-1] INFO  c.b.solana.p2p.quic.ReceiveQuicData - 完整数据长度7400084 数据ID131642290492932096
2025-12-30 14:19:28.077 [quic-consumer-1767075556025] INFO  c.b.s.p.i.handle.QuicDataProcessor - 收到请求: P2PMessage{senderId=74sDMeR9Hq9aJTniBTPxs4b53NdG647rsspgfUF2EiMF, messageId=019b6de958e67609bc0253de6c8cc35b, requestId=019b6de958e67609bc0253de6c8cc35b, reqResFlag=0, type=5, length=7400000, version=1}
2025-12-30 14:19:28.078 [quic-consumer-1767075556025] INFO  c.b.s.p2p.protocol.impl.TextHandler - 数据长度7400000
2025-12-30 14:19:28.078 [quic-consumer-1767075556025] INFO  c.bit.solana.p2p.quic.SendQuicData - [开始发送] 连接ID:131642276865638400 数据ID:131642291453427712 总帧数:1
2025-12-30 14:19:28.078 [quic-consumer-1767075556025] INFO  c.bit.solana.p2p.quic.SendQuicData - [重传定时器启动] 连接ID:131642276865638400 数据ID:131642291453427712 首次重传延迟:500ms 后续重传间隔:20ms
2025-12-30 14:19:28.078 [quic-consumer-1767075556025] INFO  c.b.s.p.i.handle.QuicDataProcessor - 本次批量处理完成，共处理1条消息
2025-12-30 14:19:28.078 [udp-io-thread-1-1] INFO  c.b.solana.p2p.quic.ReceiveQuicData - [初始化数据] 连接ID:131642276865638400 数据ID:131642291453427712 总帧数:1
2025-12-30 14:19:28.079 [udp-io-thread-1-1] INFO  c.b.solana.p2p.quic.ReceiveQuicData - 所有帧接收完成
2025-12-30 14:19:28.079 [udp-io-thread-1-1] INFO  c.b.solana.p2p.quic.ReceiveQuicData - 完整数据长度101 数据ID131642291453427712
2025-12-30 14:19:28.079 [udp-io-thread-1-1] INFO  c.bit.solana.p2p.quic.SendQuicData - [所有帧通过批量ACK确认] 连接ID:131642276865638400 数据ID:131642291453427712 传输完成
2025-12-30 14:19:28.079 [udp-io-thread-1-1] INFO  c.bit.solana.p2p.quic.SendQuicData - 数据发送完毕
2025-12-30 14:19:28.080 [udp-io-thread-1-1] INFO  c.bit.solana.p2p.quic.SendQuicData - 当前数据耗时1429000
2025-12-30 14:19:28.080 [udp-io-thread-1-1] INFO  c.bit.solana.p2p.quic.SendQuicData - 平均每帧耗时567000.0
2025-12-30 14:19:28.079 [quic-consumer-1767075553854] INFO  c.b.s.p.i.handle.QuicDataProcessor - 收到响应: P2PMessage{senderId=BJfacYs27FRthbjxKaEHrJRbnd8kMyfSRReg7qunstkh, messageId=019b6de959ce75b4b6758c0c8075257f, requestId=019b6de958e67609bc0253de6c8cc35b, reqResFlag=1, type=5, length=21, version=1}
2025-12-30 14:19:28.080 [quic-consumer-1767075553854] INFO  c.b.s.p.i.handle.QuicDataProcessor - 本次批量处理完成，共处理1条消息
2025-12-30 14:19:28.080 [http-nio-18333-exec-4] INFO  com.bit.solana.api.mock.MockApi - 节点回复：我已经收到回复
2025-12-30 14:19:31.317 [http-nio-18333-exec-5] INFO  com.bit.solana.p2p.impl.PeerClient - 节点IDBJfacYs27FRthbjxKaEHrJRbnd8kMyfSRReg7qunstkh
2025-12-30 14:19:31.322 [http-nio-18333-exec-5] INFO  c.bit.solana.p2p.quic.SendQuicData - [开始发送] 连接ID:131642276865638400 数据ID:131642305038778368 总帧数:5286
2025-12-30 14:19:31.326 [udp-io-thread-1-1] INFO  c.b.solana.p2p.quic.ReceiveQuicData - [初始化数据] 连接ID:131642276865638400 数据ID:131642305038778368 总帧数:5286
2025-12-30 14:19:31.517 [http-nio-18333-exec-5] INFO  c.bit.solana.p2p.quic.SendQuicData - [重传定时器启动] 连接ID:131642276865638400 数据ID:131642305038778368 首次重传延迟:500ms 后续重传间隔:20ms
2025-12-30 14:19:31.587 [udp-io-thread-1-1] INFO  c.b.solana.p2p.quic.ReceiveQuicData - 所有帧接收完成
2025-12-30 14:19:31.588 [udp-io-thread-1-1] INFO  c.bit.solana.p2p.quic.SendQuicData - [所有帧通过批量ACK确认] 连接ID:131642276865638400 数据ID:131642305038778368 传输完成
2025-12-30 14:19:31.588 [udp-io-thread-1-1] INFO  c.bit.solana.p2p.quic.SendQuicData - 数据发送完毕
2025-12-30 14:19:31.588 [udp-io-thread-1-1] INFO  c.bit.solana.p2p.quic.SendQuicData - 当前数据耗时71050300
2025-12-30 14:19:31.588 [udp-io-thread-1-1] INFO  c.bit.solana.p2p.quic.SendQuicData - 平均每帧耗时3.5861416E7
2025-12-30 14:19:31.591 [udp-io-thread-1-1] INFO  c.b.solana.p2p.quic.ReceiveQuicData - 完整数据长度7400084 数据ID131642305038778368
2025-12-30 14:19:31.597 [quic-consumer-1767075556025] INFO  c.b.s.p.i.handle.QuicDataProcessor - 收到请求: P2PMessage{senderId=74sDMeR9Hq9aJTniBTPxs4b53NdG647rsspgfUF2EiMF, messageId=019b6de966707a568b955db6e64788e5, requestId=019b6de966707a568b955db6e64788e5, reqResFlag=0, type=5, length=7400000, version=1}
2025-12-30 14:19:31.597 [quic-consumer-1767075556025] INFO  c.b.s.p2p.protocol.impl.TextHandler - 数据长度7400000
2025-12-30 14:19:31.598 [quic-consumer-1767075556025] INFO  c.bit.solana.p2p.quic.SendQuicData - [开始发送] 连接ID:131642276865638400 数据ID:131642306217377792 总帧数:1
2025-12-30 14:19:31.598 [quic-consumer-1767075556025] INFO  c.bit.solana.p2p.quic.SendQuicData - [重传定时器启动] 连接ID:131642276865638400 数据ID:131642306217377792 首次重传延迟:500ms 后续重传间隔:20ms
2025-12-30 14:19:31.598 [quic-consumer-1767075556025] INFO  c.b.s.p.i.handle.QuicDataProcessor - 本次批量处理完成，共处理1条消息
2025-12-30 14:19:31.598 [udp-io-thread-1-1] INFO  c.b.solana.p2p.quic.ReceiveQuicData - [初始化数据] 连接ID:131642276865638400 数据ID:131642306217377792 总帧数:1
2025-12-30 14:19:31.598 [udp-io-thread-1-1] INFO  c.b.solana.p2p.quic.ReceiveQuicData - 所有帧接收完成
2025-12-30 14:19:31.598 [udp-io-thread-1-1] INFO  c.b.solana.p2p.quic.ReceiveQuicData - 完整数据长度101 数据ID131642306217377792
2025-12-30 14:19:31.598 [udp-io-thread-1-1] INFO  c.bit.solana.p2p.quic.SendQuicData - [所有帧通过批量ACK确认] 连接ID:131642276865638400 数据ID:131642306217377792 传输完成
2025-12-30 14:19:31.599 [udp-io-thread-1-1] INFO  c.bit.solana.p2p.quic.SendQuicData - 数据发送完毕
2025-12-30 14:19:31.599 [udp-io-thread-1-1] INFO  c.bit.solana.p2p.quic.SendQuicData - 当前数据耗时824600
2025-12-30 14:19:31.599 [udp-io-thread-1-1] INFO  c.bit.solana.p2p.quic.SendQuicData - 平均每帧耗时551500.0
2025-12-30 14:19:31.599 [quic-consumer-1767075553854] INFO  c.b.s.p.i.handle.QuicDataProcessor - 收到响应: P2PMessage{senderId=BJfacYs27FRthbjxKaEHrJRbnd8kMyfSRReg7qunstkh, messageId=019b6de9678e7637bf4558f26bc7c84f, requestId=019b6de966707a568b955db6e64788e5, reqResFlag=1, type=5, length=21, version=1}
2025-12-30 14:19:31.600 [quic-consumer-1767075553854] INFO  c.b.s.p.i.handle.QuicDataProcessor - 本次批量处理完成，共处理1条消息
2025-12-30 14:19:31.600 [http-nio-18333-exec-5] INFO  com.bit.solana.api.mock.MockApi - 节点回复：我已经收到回复
2025-12-30 14:20:16.832 [http-nio-18333-exec-6] INFO  com.bit.solana.p2p.impl.PeerClient - 节点IDBJfacYs27FRthbjxKaEHrJRbnd8kMyfSRReg7qunstkh
2025-12-30 14:20:16.835 [http-nio-18333-exec-6] INFO  c.bit.solana.p2p.quic.SendQuicData - [开始发送] 连接ID:131642276865638400 数据ID:131642495942524928 总帧数:5286
2025-12-30 14:20:16.839 [udp-io-thread-1-1] INFO  c.b.solana.p2p.quic.ReceiveQuicData - [初始化数据] 连接ID:131642276865638400 数据ID:131642495942524928 总帧数:5286
2025-12-30 14:20:16.994 [http-nio-18333-exec-6] INFO  c.bit.solana.p2p.quic.SendQuicData - [重传定时器启动] 连接ID:131642276865638400 数据ID:131642495942524928 首次重传延迟:500ms 后续重传间隔:20ms
2025-12-30 14:20:17.055 [udp-io-thread-1-1] INFO  c.b.solana.p2p.quic.ReceiveQuicData - 所有帧接收完成
2025-12-30 14:20:17.055 [udp-io-thread-1-1] INFO  c.bit.solana.p2p.quic.SendQuicData - [所有帧通过批量ACK确认] 连接ID:131642276865638400 数据ID:131642495942524928 传输完成
2025-12-30 14:20:17.055 [udp-io-thread-1-1] INFO  c.bit.solana.p2p.quic.SendQuicData - 数据发送完毕
2025-12-30 14:20:17.055 [udp-io-thread-1-1] INFO  c.bit.solana.p2p.quic.SendQuicData - 当前数据耗时61
2025-12-30 14:20:17.055 [udp-io-thread-1-1] INFO  c.bit.solana.p2p.quic.SendQuicData - 平均每帧耗时4.0303786E7
2025-12-30 14:20:17.059 [udp-io-thread-1-1] INFO  c.b.solana.p2p.quic.ReceiveQuicData - 完整数据长度7400084 数据ID131642495942524928
2025-12-30 14:20:17.067 [quic-consumer-1767075556025] INFO  c.b.s.p.i.handle.QuicDataProcessor - 收到请求: P2PMessage{senderId=74sDMeR9Hq9aJTniBTPxs4b53NdG647rsspgfUF2EiMF, messageId=019b6dea183e7c6e9345de742e4fbfec, requestId=019b6dea183e7c6e9345de742e4fbfec, reqResFlag=0, type=5, length=7400000, version=1}
2025-12-30 14:20:17.069 [quic-consumer-1767075556025] INFO  c.b.s.p2p.protocol.impl.TextHandler - 数据长度7400000
2025-12-30 14:20:17.069 [quic-consumer-1767075556025] INFO  c.bit.solana.p2p.quic.SendQuicData - [开始发送] 连接ID:131642276865638400 数据ID:131642496936574976 总帧数:1
2025-12-30 14:20:17.070 [udp-io-thread-1-1] INFO  c.b.solana.p2p.quic.ReceiveQuicData - [初始化数据] 连接ID:131642276865638400 数据ID:131642496936574976 总帧数:1
2025-12-30 14:20:17.070 [udp-io-thread-1-1] INFO  c.b.solana.p2p.quic.ReceiveQuicData - 所有帧接收完成
2025-12-30 14:20:17.070 [udp-io-thread-1-1] INFO  c.b.solana.p2p.quic.ReceiveQuicData - 完整数据长度101 数据ID131642496936574976
2025-12-30 14:20:17.070 [quic-consumer-1767075556025] INFO  c.bit.solana.p2p.quic.SendQuicData - [重传定时器启动] 连接ID:131642276865638400 数据ID:131642496936574976 首次重传延迟:500ms 后续重传间隔:20ms
2025-12-30 14:20:17.070 [udp-io-thread-1-1] INFO  c.bit.solana.p2p.quic.SendQuicData - [所有帧通过批量ACK确认] 连接ID:131642276865638400 数据ID:131642496936574976 传输完成
2025-12-30 14:20:17.070 [quic-consumer-1767075556025] INFO  c.b.s.p.i.handle.QuicDataProcessor - 本次批量处理完成，共处理1条消息
2025-12-30 14:20:17.070 [udp-io-thread-1-1] INFO  c.bit.solana.p2p.quic.SendQuicData - 数据发送完毕
2025-12-30 14:20:17.070 [udp-io-thread-1-1] INFO  c.bit.solana.p2p.quic.SendQuicData - 当前数据耗时0
2025-12-30 14:20:17.070 [udp-io-thread-1-1] INFO  c.bit.solana.p2p.quic.SendQuicData - 平均每帧耗时1.136863325E10
2025-12-30 14:20:17.070 [quic-consumer-1767075553854] INFO  c.b.s.p.i.handle.QuicDataProcessor - 收到响应: P2PMessage{senderId=BJfacYs27FRthbjxKaEHrJRbnd8kMyfSRReg7qunstkh, messageId=019b6dea192d7531b01183cd8d19d094, requestId=019b6dea183e7c6e9345de742e4fbfec, reqResFlag=1, type=5, length=21, version=1}
2025-12-30 14:20:17.071 [quic-consumer-1767075553854] INFO  c.b.s.p.i.handle.QuicDataProcessor - 本次批量处理完成，共处理1条消息
2025-12-30 14:20:17.071 [http-nio-18333-exec-6] INFO  com.bit.solana.api.mock.MockApi - 节点回复：我已经收到回复
2025-12-30 14:21:13.350 [http-nio-18333-exec-7] INFO  com.bit.solana.p2p.impl.PeerClient - 节点IDBJfacYs27FRthbjxKaEHrJRbnd8kMyfSRReg7qunstkh
2025-12-30 14:21:13.354 [http-nio-18333-exec-7] INFO  c.bit.solana.p2p.quic.SendQuicData - [开始发送] 连接ID:131642276865638400 数据ID:131642733000392704 总帧数:5286
2025-12-30 14:21:13.362 [udp-io-thread-1-1] INFO  c.b.solana.p2p.quic.ReceiveQuicData - [初始化数据] 连接ID:131642276865638400 数据ID:131642733000392704 总帧数:5286
2025-12-30 14:21:13.523 [http-nio-18333-exec-7] INFO  c.bit.solana.p2p.quic.SendQuicData - [重传定时器启动] 连接ID:131642276865638400 数据ID:131642733000392704 首次重传延迟:500ms 后续重传间隔:20ms
2025-12-30 14:21:13.573 [udp-io-thread-1-1] INFO  c.b.solana.p2p.quic.ReceiveQuicData - 所有帧接收完成
2025-12-30 14:21:13.574 [udp-io-thread-1-1] INFO  c.bit.solana.p2p.quic.SendQuicData - [所有帧通过批量ACK确认] 连接ID:131642276865638400 数据ID:131642733000392704 传输完成
2025-12-30 14:21:13.574 [udp-io-thread-1-1] INFO  c.bit.solana.p2p.quic.SendQuicData - 数据发送完毕
2025-12-30 14:21:13.574 [udp-io-thread-1-1] INFO  c.bit.solana.p2p.quic.SendQuicData - 当前数据耗时52
2025-12-30 14:21:13.574 [udp-io-thread-1-1] INFO  c.bit.solana.p2p.quic.SendQuicData - 平均每帧耗时4.1360151E7
2025-12-30 14:21:13.578 [udp-io-thread-1-1] INFO  c.b.solana.p2p.quic.ReceiveQuicData - 完整数据长度7400084 数据ID131642733000392704
2025-12-30 14:21:13.583 [quic-consumer-1767075556025] INFO  c.b.s.p.i.handle.QuicDataProcessor - 收到请求: P2PMessage{senderId=74sDMeR9Hq9aJTniBTPxs4b53NdG647rsspgfUF2EiMF, messageId=019b6deaf50379a0874cdbb13987212d, requestId=019b6deaf50379a0874cdbb13987212d, reqResFlag=0, type=5, length=7400000, version=1}
2025-12-30 14:21:13.583 [quic-consumer-1767075556025] INFO  c.b.s.p2p.protocol.impl.TextHandler - 数据长度7400000
2025-12-30 14:21:13.583 [quic-consumer-1767075556025] INFO  c.bit.solana.p2p.quic.SendQuicData - [开始发送] 连接ID:131642276865638400 数据ID:131642733973471232 总帧数:1
2025-12-30 14:21:13.584 [udp-io-thread-1-1] INFO  c.b.solana.p2p.quic.ReceiveQuicData - [初始化数据] 连接ID:131642276865638400 数据ID:131642733973471232 总帧数:1
2025-12-30 14:21:13.584 [quic-consumer-1767075556025] INFO  c.bit.solana.p2p.quic.SendQuicData - [重传定时器启动] 连接ID:131642276865638400 数据ID:131642733973471232 首次重传延迟:500ms 后续重传间隔:20ms
2025-12-30 14:21:13.584 [quic-consumer-1767075556025] INFO  c.b.s.p.i.handle.QuicDataProcessor - 本次批量处理完成，共处理1条消息
2025-12-30 14:21:13.584 [udp-io-thread-1-1] INFO  c.b.solana.p2p.quic.ReceiveQuicData - 所有帧接收完成
2025-12-30 14:21:13.584 [udp-io-thread-1-1] INFO  c.b.solana.p2p.quic.ReceiveQuicData - 完整数据长度101 数据ID131642733973471232
2025-12-30 14:21:13.584 [udp-io-thread-1-1] INFO  c.bit.solana.p2p.quic.SendQuicData - [所有帧通过批量ACK确认] 连接ID:131642276865638400 数据ID:131642733973471232 传输完成
2025-12-30 14:21:13.584 [udp-io-thread-1-1] INFO  c.bit.solana.p2p.quic.SendQuicData - 数据发送完毕
2025-12-30 14:21:13.584 [udp-io-thread-1-1] INFO  c.bit.solana.p2p.quic.SendQuicData - 当前数据耗时0
2025-12-30 14:21:13.584 [udp-io-thread-1-1] INFO  c.bit.solana.p2p.quic.SendQuicData - 平均每帧耗时9.09496122E9
2025-12-30 14:21:13.584 [quic-consumer-1767075553854] INFO  c.b.s.p.i.handle.QuicDataProcessor - 收到响应: P2PMessage{senderId=BJfacYs27FRthbjxKaEHrJRbnd8kMyfSRReg7qunstkh, messageId=019b6deaf5ef7cb2a2b29fa8770a7eab, requestId=019b6deaf50379a0874cdbb13987212d, reqResFlag=1, type=5, length=21, version=1}
2025-12-30 14:21:13.584 [quic-consumer-1767075553854] INFO  c.b.s.p.i.handle.QuicDataProcessor - 本次批量处理完成，共处理1条消息
2025-12-30 14:21:13.584 [http-nio-18333-exec-7] INFO  com.bit.solana.api.mock.MockApi - 节点回复：我已经收到回复
2025-12-30 14:21:42.547 [http-nio-18333-exec-8] INFO  com.bit.solana.p2p.impl.PeerClient - 节点IDBJfacYs27FRthbjxKaEHrJRbnd8kMyfSRReg7qunstkh
2025-12-30 14:21:42.555 [http-nio-18333-exec-8] INFO  c.bit.solana.p2p.quic.SendQuicData - [开始发送] 连接ID:131642276865638400 数据ID:131642855461486592 总帧数:5286
2025-12-30 14:21:42.560 [udp-io-thread-1-1] INFO  c.b.solana.p2p.quic.ReceiveQuicData - [初始化数据] 连接ID:131642276865638400 数据ID:131642855461486592 总帧数:5286
2025-12-30 14:21:42.694 [http-nio-18333-exec-8] INFO  c.bit.solana.p2p.quic.SendQuicData - [重传定时器启动] 连接ID:131642276865638400 数据ID:131642855461486592 首次重传延迟:500ms 后续重传间隔:20ms
2025-12-30 14:21:42.723 [udp-io-thread-1-1] INFO  c.b.solana.p2p.quic.ReceiveQuicData - 所有帧接收完成
2025-12-30 14:21:42.723 [udp-io-thread-1-1] INFO  c.bit.solana.p2p.quic.SendQuicData - [所有帧通过批量ACK确认] 连接ID:131642276865638400 数据ID:131642855461486592 传输完成
2025-12-30 14:21:42.724 [udp-io-thread-1-1] INFO  c.bit.solana.p2p.quic.SendQuicData - 数据发送完毕
2025-12-30 14:21:42.724 [udp-io-thread-1-1] INFO  c.bit.solana.p2p.quic.SendQuicData - 当前数据耗时30
2025-12-30 14:21:42.724 [udp-io-thread-1-1] INFO  c.bit.solana.p2p.quic.SendQuicData - 平均每帧耗时4.074602E7
2025-12-30 14:21:42.728 [udp-io-thread-1-1] INFO  c.b.solana.p2p.quic.ReceiveQuicData - 完整数据长度7400084 数据ID131642855461486592
2025-12-30 14:21:42.733 [quic-consumer-1767075556025] INFO  c.b.s.p.i.handle.QuicDataProcessor - 收到请求: P2PMessage{senderId=74sDMeR9Hq9aJTniBTPxs4b53NdG647rsspgfUF2EiMF, messageId=019b6deb67117c87afeb490d61e4f636, requestId=019b6deb67117c87afeb490d61e4f636, reqResFlag=0, type=5, length=7400000, version=1}
2025-12-30 14:21:42.734 [quic-consumer-1767075556025] INFO  c.b.s.p2p.protocol.impl.TextHandler - 数据长度7400000
2025-12-30 14:21:42.734 [quic-consumer-1767075556025] INFO  c.bit.solana.p2p.quic.SendQuicData - [开始发送] 连接ID:131642276865638400 数据ID:131642856241627136 总帧数:1
2025-12-30 14:21:42.734 [quic-consumer-1767075556025] INFO  c.bit.solana.p2p.quic.SendQuicData - [重传定时器启动] 连接ID:131642276865638400 数据ID:131642856241627136 首次重传延迟:500ms 后续重传间隔:20ms
2025-12-30 14:21:42.734 [quic-consumer-1767075556025] INFO  c.b.s.p.i.handle.QuicDataProcessor - 本次批量处理完成，共处理1条消息
2025-12-30 14:21:42.734 [udp-io-thread-1-1] INFO  c.b.solana.p2p.quic.ReceiveQuicData - [初始化数据] 连接ID:131642276865638400 数据ID:131642856241627136 总帧数:1
2025-12-30 14:21:42.735 [udp-io-thread-1-1] INFO  c.b.solana.p2p.quic.ReceiveQuicData - 所有帧接收完成
2025-12-30 14:21:42.735 [udp-io-thread-1-1] INFO  c.b.solana.p2p.quic.ReceiveQuicData - 完整数据长度101 数据ID131642856241627136
2025-12-30 14:21:42.735 [udp-io-thread-1-1] INFO  c.bit.solana.p2p.quic.SendQuicData - [所有帧通过批量ACK确认] 连接ID:131642276865638400 数据ID:131642856241627136 传输完成
2025-12-30 14:21:42.735 [udp-io-thread-1-1] INFO  c.bit.solana.p2p.quic.SendQuicData - 数据发送完毕
2025-12-30 14:21:42.735 [udp-io-thread-1-1] INFO  c.bit.solana.p2p.quic.SendQuicData - 当前数据耗时1
2025-12-30 14:21:42.735 [quic-consumer-1767075553854] INFO  c.b.s.p.i.handle.QuicDataProcessor - 收到响应: P2PMessage{senderId=BJfacYs27FRthbjxKaEHrJRbnd8kMyfSRReg7qunstkh, messageId=019b6deb67ce7618a5e77858b41b6985, requestId=019b6deb67117c87afeb490d61e4f636, reqResFlag=1, type=5, length=21, version=1}
2025-12-30 14:21:42.735 [udp-io-thread-1-1] INFO  c.bit.solana.p2p.quic.SendQuicData - 平均每帧耗时7.579203116E9
2025-12-30 14:21:42.735 [quic-consumer-1767075553854] INFO  c.b.s.p.i.handle.QuicDataProcessor - 本次批量处理完成，共处理1条消息
2025-12-30 14:21:42.735 [http-nio-18333-exec-8] INFO  com.bit.solana.api.mock.MockApi - 节点回复：我已经收到回复
2025-12-30 14:22:09.922 [http-nio-18333-exec-9] INFO  com.bit.solana.p2p.impl.PeerClient - 节点IDBJfacYs27FRthbjxKaEHrJRbnd8kMyfSRReg7qunstkh
2025-12-30 14:22:09.925 [http-nio-18333-exec-9] INFO  c.bit.solana.p2p.quic.SendQuicData - [开始发送] 连接ID:131642276865638400 数据ID:131642970276364288 总帧数:5286
2025-12-30 14:22:09.929 [udp-io-thread-1-1] INFO  c.b.solana.p2p.quic.ReceiveQuicData - [初始化数据] 连接ID:131642276865638400 数据ID:131642970276364288 总帧数:5286
2025-12-30 14:22:10.086 [http-nio-18333-exec-9] INFO  c.bit.solana.p2p.quic.SendQuicData - [重传定时器启动] 连接ID:131642276865638400 数据ID:131642970276364288 首次重传延迟:500ms 后续重传间隔:20ms
2025-12-30 14:22:10.140 [udp-io-thread-1-1] INFO  c.b.solana.p2p.quic.ReceiveQuicData - 所有帧接收完成
2025-12-30 14:22:10.140 [udp-io-thread-1-1] INFO  c.bit.solana.p2p.quic.SendQuicData - [所有帧通过批量ACK确认] 连接ID:131642276865638400 数据ID:131642970276364288 传输完成
2025-12-30 14:22:10.141 [udp-io-thread-1-1] INFO  c.bit.solana.p2p.quic.SendQuicData - 数据发送完毕
2025-12-30 14:22:10.141 [udp-io-thread-1-1] INFO  c.bit.solana.p2p.quic.SendQuicData - 当前数据耗时54892000
2025-12-30 14:22:10.141 [udp-io-thread-1-1] INFO  c.bit.solana.p2p.quic.SendQuicData - 平均每帧耗时4.1919853E7
2025-12-30 14:22:10.145 [udp-io-thread-1-1] INFO  c.b.solana.p2p.quic.ReceiveQuicData - 完整数据长度7400084 数据ID131642970276364288
2025-12-30 14:22:10.151 [quic-consumer-1767075556025] INFO  c.b.s.p.i.handle.QuicDataProcessor - 收到请求: P2PMessage{senderId=74sDMeR9Hq9aJTniBTPxs4b53NdG647rsspgfUF2EiMF, messageId=019b6debd1ff702aa38bcfd57c81ff64, requestId=019b6debd1ff702aa38bcfd57c81ff64, reqResFlag=0, type=5, length=7400000, version=1}
2025-12-30 14:22:10.152 [quic-consumer-1767075556025] INFO  c.b.s.p2p.protocol.impl.TextHandler - 数据长度7400000
2025-12-30 14:22:10.152 [quic-consumer-1767075556025] INFO  c.bit.solana.p2p.quic.SendQuicData - [开始发送] 连接ID:131642276865638400 数据ID:131642971241054208 总帧数:1
2025-12-30 14:22:10.152 [udp-io-thread-1-1] INFO  c.b.solana.p2p.quic.ReceiveQuicData - [初始化数据] 连接ID:131642276865638400 数据ID:131642971241054208 总帧数:1
2025-12-30 14:22:10.153 [udp-io-thread-1-1] INFO  c.b.solana.p2p.quic.ReceiveQuicData - 所有帧接收完成
2025-12-30 14:22:10.153 [quic-consumer-1767075556025] INFO  c.bit.solana.p2p.quic.SendQuicData - [重传定时器启动] 连接ID:131642276865638400 数据ID:131642971241054208 首次重传延迟:500ms 后续重传间隔:20ms
2025-12-30 14:22:10.153 [udp-io-thread-1-1] INFO  c.b.solana.p2p.quic.ReceiveQuicData - 完整数据长度101 数据ID131642971241054208
2025-12-30 14:22:10.153 [udp-io-thread-1-1] INFO  c.bit.solana.p2p.quic.SendQuicData - [所有帧通过批量ACK确认] 连接ID:131642276865638400 数据ID:131642971241054208 传输完成
2025-12-30 14:22:10.153 [quic-consumer-1767075556025] INFO  c.b.s.p.i.handle.QuicDataProcessor - 本次批量处理完成，共处理1条消息
2025-12-30 14:22:10.153 [udp-io-thread-1-1] INFO  c.bit.solana.p2p.quic.SendQuicData - 数据发送完毕
2025-12-30 14:22:10.153 [udp-io-thread-1-1] INFO  c.bit.solana.p2p.quic.SendQuicData - 当前数据耗时254800
2025-12-30 14:22:10.153 [udp-io-thread-1-1] INFO  c.bit.solana.p2p.quic.SendQuicData - 平均每帧耗时6.496479414E9
2025-12-30 14:22:10.153 [quic-consumer-1767075553854] INFO  c.b.s.p.i.handle.QuicDataProcessor - 收到响应: P2PMessage{senderId=BJfacYs27FRthbjxKaEHrJRbnd8kMyfSRReg7qunstkh, messageId=019b6debd2e8787a8b38062a881f577f, requestId=019b6debd1ff702aa38bcfd57c81ff64, reqResFlag=1, type=5, length=21, version=1}
2025-12-30 14:22:10.153 [quic-consumer-1767075553854] INFO  c.b.s.p.i.handle.QuicDataProcessor - 本次批量处理完成，共处理1条消息
2025-12-30 14:22:10.153 [http-nio-18333-exec-9] INFO  com.bit.solana.api.mock.MockApi - 节点回复：我已经收到回复
